"original","actual_col","referenca_asa","global_kl","pexposed","min_asa","max_asa","mean_asa","change_asa","rmsf","pfam","entropy","min_cn","mean_cn","max_cn","change_cn","min_wcn","mean_wcn","max_wcn","change_wcn"
81,1,1.2,1.1351202857688154,0.1691176470588235,0.0,51.7,8.359842224768698,51.7,1.5481959947429031,"PF00085",1.4731219543576946,29.0,49.24117010440541,59.0,30.0,0.2831633053615887,0.4870866202291341,0.5514528131917763,0.2682895078301876
85,2,28.2,0.22567338371689463,0.9264705882352952,11.8,88.8,50.61432285035227,77.0,2.3096550397567905,"PF00085",2.576706717978396,19.0,37.36001294457178,46.0,27.0,0.2826384845667875,0.4503149538796103,0.5417067473249979,0.25906826275821043
87,3,71.3,0.5500617226854837,1.000000000000001,23.6,90.8,64.24581083948732,67.19999999999999,2.509966229129462,"PF00085",2.3852647952822155,25.0,33.066615737203975,40.0,15.0,0.2594209536563311,0.356109238073007,0.5553355206250064,0.29591456696867524
114,4,7.3,0.5232050245670672,0.17976827094474154,0.0,50.5,10.158352644087941,50.5,0.8336035846574363,"PF00085",2.3987803669513776,41.0,48.07884517443342,51.0,10.0,0.512613532726432,0.5536580568056821,0.6012386398414753,0.08862510711504334
115,5,5.9,1.0583450881182022,0.0,0.0,14.8,1.5627827646210002,14.8,0.560998200618197,"PF00085",1.8139170956772583,55.0,59.255379424497086,62.0,7.0,0.6034661488230564,0.7099417679612703,0.736963849760835,0.13349770093777857
118,6,0.1,1.078202066006543,0.0,0.0,4.1,0.22780759273406334,4.1,0.5189207226423164,"PF00085",1.511229225554548,60.0,66.24558823529414,67.0,7.0,0.6609462610344966,0.7694771423786779,0.8175989407817796,0.15665267974728303
121,7,0.0,1.4116883441122565,0.0,0.0,3.2,0.12950513538748837,3.2,0.5626596787504946,"PF00085",1.215215933725729,66.0,67.95588235294119,68.0,2.0,0.6836987404100292,0.8024556332442185,0.8325048394212474,0.14880609901121822
124,8,1.4,0.9190246214749005,0.0,0.0,7.0,2.087021899668959,7.0,0.49194713458169176,"PF00085",2.0584959468981205,63.0,67.70261437908499,68.0,5.0,0.7024830136040014,0.8284515757419944,0.856441923351124,0.15395890974712256
133,9,0.0,2.233398924958701,0.0,0.0,2.2,0.10446428571428572,2.2,0.42524845866623995,"PF00085",0.8138697708294835,63.0,66.22807486631017,68.0,5.0,0.7122071133919642,0.8214182490274607,0.8526555599306731,0.14044844653870892
137,10,16.3,1.653482674130067,0.3996212121212122,0.1,28.3,16.594851561836865,28.2,0.49634180244397763,"PF00085",1.8183133286693405,56.0,59.639260249554376,63.0,7.0,0.6762116684228675,0.7864987694551219,0.8149995146377023,0.13878784621483475
143,11,0.0,1.6393120847346405,0.0,0.0,14.8,2.4542629021305498,14.8,0.5914415799826124,"PF00085",1.0411872666832425,49.0,52.06511437908498,54.0,5.0,0.5965971954014284,0.6607600841893666,0.6894821574932329,0.09288496209180452
157,12,63.8,1.1592827968078685,1.000000000000001,20.8,103.5,63.59002992105934,82.7,0.7612304208114308,"PF00085",1.9039286481693092,41.0,45.07500000000001,49.0,8.0,0.4873097958255716,0.5147792831938423,0.5727673518849157,0.08545755605934408
167,13,66.2,3.079959358901879,1.000000000000001,41.2,100.3,72.20424518292167,59.099999999999994,0.920498874044026,"PF00085",0.9861263383688954,34.0,39.494712885154065,43.0,9.0,0.43531219045220426,0.4571368116917638,0.4810859275412049,0.04577373708900062
181,14,4.7,3.1182715213274044,0.01470588235294118,2.4,24.0,9.299577179356591,21.6,0.729540010590308,"PF00085",0.5107346673663544,42.0,45.92543183940244,49.0,7.0,0.540995534986043,0.5819181101400791,0.6153738478568946,0.07437831287085162
185,15,53.2,1.1115856384714606,1.000000000000001,26.9,94.6,55.473448985654876,67.69999999999999,0.7993912803391077,"PF00085",1.6622843423086398,37.0,42.255065359477136,45.0,8.0,0.44143241816867235,0.5084930851233982,0.5315086023461174,0.09007618417744506
192,16,46.1,1.4211509888960894,1.000000000000001,28.8,77.4,50.25090251252017,48.60000000000001,0.7061842660205015,"PF00085",1.859872831554655,42.0,47.648083778966146,49.0,7.0,0.4696813167510564,0.5915822750571887,0.6373748675377832,0.16769355078672676
197,17,2.4,3.3261807693482814,0.0,0.0,13.3,3.9365298998387233,13.3,0.6161011511430354,"PF00085",0.315612448945316,50.0,54.2537793905441,58.0,8.0,0.6109162828503579,0.7334512673909567,0.7729223556720423,0.16200607282168433
203,18,53.8,1.176376066852445,1.000000000000001,24.6,81.5,60.99763294711825,56.9,0.7478775020510081,"PF00085",1.7766600486139588,41.0,48.232954545454554,51.0,10.0,0.5542025315608446,0.6028851087719871,0.654925006540947,0.10072247498010234
208,19,70.5,0.45902724571763875,1.000000000000001,32.4,97.4,66.37185913759446,65.0,0.8817953724553853,"PF00085",2.565501316413224,38.0,46.34170910788559,51.0,13.0,0.4709974350959267,0.5548082731436633,0.6089913787693262,0.1379939436733995
214,20,2.0,0.9954909678601458,0.00735294117647059,0.0,23.6,1.764165817842289,23.6,0.8187242907635194,"PF00085",1.758864633438282,44.0,54.97794011544013,60.0,16.0,0.5663341914858051,0.6614454342802972,0.7324555647811756,0.16612137329537047
224,21,27.4,0.5532509980725339,0.776737967914439,1.7,68.3,28.939788112214586,66.6,0.9418082812653173,"PF00085",2.2495168319299585,46.0,55.22508169934642,61.0,15.0,0.6057900213330112,0.6558958833263016,0.7258532480266915,0.1200632266936803
231,22,56.5,2.1514112629197872,1.000000000000001,40.0,114.2,60.66052011713778,74.2,0.9913783875881557,"PF00085",1.0338908909581033,39.0,47.540196078431386,54.0,15.0,0.4920486662702208,0.5485455561821723,0.610288908830108,0.11824024255988719
245,23,15.5,0.3905046470947998,0.7148629148629152,6.9,47.0,25.95561836855955,40.1,0.7531882128616416,"PF00085",2.4436030301273006,40.0,48.80217086834735,53.0,13.0,0.5081690713958728,0.5862202994422073,0.6419261140154435,0.13375704261957078
250,24,0.4,1.2170070817873446,0.0,0.0,5.2,0.7108209192768018,5.2,0.8470784209350719,"PF00085",1.8299248260754841,50.0,57.59039979628216,62.0,12.0,0.6058987734133062,0.6823003385465995,0.7341172295945775,0.12821845618127126
258,25,31.5,0.7237262123044556,0.919117647058824,1.7,73.8,38.202148480604365,72.1,0.9196921448672967,"PF00085",2.1975057388048667,42.0,50.117647058823536,59.0,17.0,0.503821433407376,0.6103115227641547,0.6781170778097,0.17429564440232403
262,26,41.8,0.7974665662059852,1.000000000000001,24.2,76.1,50.44169573890163,51.89999999999999,0.8104030135023819,"PF00085",2.1326092230680125,38.0,45.13047385620916,48.0,10.0,0.4805481272163131,0.5541030596021473,0.5795107894807603,0.09896266226444717
267,27,0.0,0.9045227939794118,0.0,0.0,18.5,2.0558366225277993,18.5,0.8397286517387224,"PF00085",1.6621816480258256,43.0,48.3785417197182,51.0,8.0,0.5205622893081717,0.6024231070371661,0.6421969906391255,0.12163470133095378
272,28,5.9,1.084880242918294,0.13177998472116118,0.0,44.0,7.1368937271878465,44.0,0.9746909920220723,"PF00085",1.634805386887964,42.0,50.96732768865123,54.0,12.0,0.537785523501166,0.6349362768791058,0.6868787251329864,0.14909320163182038
277,29,72.4,0.4298569417545815,0.9986631016042791,15.4,91.1,54.91816282573636,75.69999999999999,1.08176916705999,"PF00085",2.465938275947311,30.0,37.44883604957135,43.0,13.0,0.4303091176550506,0.5092207286075251,0.5482814437381961,0.1179723260831455
281,30,48.7,0.5038850983841044,0.9705882352941186,11.2,83.4,53.71644862490452,72.2,1.1466990329657631,"PF00085",2.4209786678721787,28.0,33.74495798319328,40.0,12.0,0.3815538545183503,0.4607466802110987,0.48301071040528815,0.10145685588693787
285,31,6.3,0.7916108005399927,0.17468805704099827,0.0,38.4,12.891572659366778,38.4,1.2904854382078486,"PF00085",2.2220303564429904,33.0,40.49756705712589,46.0,13.0,0.32326493708269094,0.48449166517933906,0.5278958371919058,0.20463090010921486
286,32,61.0,0.39937548061115075,0.9558823529411775,6.0,108.7,62.744228736949346,102.7,2.1785943412681172,"PF00085",2.524197322717633,25.0,34.76073656735422,44.0,19.0,0.23532917631953376,0.40984430989582166,0.5031209401714687,0.2677917638519349
315,33,6.8,0.9046672043610701,0.05147058823529413,0.0,81.9,7.566885875562349,81.9,3.262352123578825,"PF00085",1.770679620466328,32.0,45.94284547152195,51.0,19.0,0.31671934674901286,0.5125734660119882,0.5730232927086442,0.2563039459596313
319,34,33.5,0.3098924219536321,0.5917366946778713,0.0,83.1,26.0591422629658,83.1,2.7539191631724895,"PF00085",2.555865516151766,25.0,53.702814913844335,57.0,32.0,0.347009914580024,0.5970474344075232,0.6390890479228544,0.29207913334283037
322,35,1.3,1.026461055967911,0.0,0.0,17.4,3.010749405822936,17.4,2.121506626458905,"PF00085",1.7964677934024071,33.0,64.66014239028947,68.0,35.0,0.432185615239841,0.6836244852884792,0.7506629349206156,0.31847731968077464
327,36,0.0,0.726982944192191,0.04411764705882354,0.0,37.6,2.707385620915033,37.6,1.8943483163020491,"PF00085",1.9553055547774587,23.0,67.23529411764707,68.0,45.0,0.42894257011577214,0.6624130593844278,0.6944931410868428,0.26555057097107065
338,37,9.2,1.1045442547974351,0.3105742296918768,0.0,91.5,18.732995607333844,91.5,1.722831595551364,"PF00085",1.7888654884324162,23.0,66.90849673202617,68.0,45.0,0.4180768400548324,0.6875229534096842,0.7219189671486423,0.3038421270938099
348,38,0.0,1.2125329305616914,0.01470588235294118,0.0,81.8,1.5173764960529672,81.8,1.3235038840421023,"PF00085",1.4918605681890866,24.0,65.65931372549022,68.0,44.0,0.4396909702142499,0.6741054903567786,0.7044783654463767,0.26478739523212674
358,39,6.4,1.9873169241520616,0.2843137254901962,2.3,31.7,14.722019459298872,29.4,1.0318673016888178,"PF00085",0.993989050182799,41.0,57.70720651897124,62.0,21.0,0.5059876626495565,0.6614536951225114,0.6953402828012647,0.18935262015170817
370,40,22.2,0.7762746950195267,0.1274509803921569,0.0,27.6,12.7410394915542,27.6,0.9681022838428949,"PF00085",2.1115251025472337,40.0,53.3741777013836,57.0,17.0,0.5395955654846987,0.6597801999511164,0.7281734101608088,0.18857784467611016
383,41,58.1,1.1218147048757965,0.9705882352941186,5.6,91.2,54.34945282658519,85.60000000000001,1.3502998460777125,"PF00085",1.815935191552265,38.0,42.504855275443525,45.0,7.0,0.4771347397530127,0.5021377315946465,0.5834190295998413,0.10628428984682858
398,42,68.1,0.6049160183722837,0.9705882352941186,5.5,85.1,63.13155462184876,79.6,1.3820395560366743,"PF00085",2.288013300144107,37.0,40.47711357270181,45.0,8.0,0.42018171493860407,0.45119572543768816,0.4839054364307963,0.06372372149219224
412,43,9.6,0.675195480072209,0.1233660130718954,0.0,34.5,9.184536754095578,34.5,1.040463855691033,"PF00085",2.402118254829297,42.0,48.40723198370258,58.0,16.0,0.4160284491782521,0.45870127449569736,0.5208688750858032,0.10484042590755105
477,44,9.8,0.8781397520489034,0.04411764705882354,0.0,66.2,9.517051396316106,66.2,1.4940511732225652,"PF00085",2.0382116214578123,31.0,53.89809120617945,57.0,26.0,0.27439373544098566,0.5643650270515438,0.6135587559338976,0.339165020492912
487,45,68.0,0.36634466192691223,1.000000000000001,27.0,97.6,71.13473654613361,70.6,1.4605678694347781,"PF00085",2.5745611543613722,40.0,44.64202317290553,49.0,9.0,0.38992566647155935,0.48272220527464166,0.5268106783747016,0.13688501190314228
499,46,70.0,0.6065553029046225,1.000000000000001,30.1,96.3,64.09464094728801,66.19999999999999,1.1674800910170222,"PF00085",2.348214617629946,42.0,44.72307422969188,47.0,5.0,0.423632148068612,0.45475995813210257,0.48330311111509094,0.05967096304647895
515,47,35.3,1.1178545492637384,0.4063534504710975,2.2,35.3,18.51930895085307,33.099999999999994,0.9843818991967149,"PF00085",2.0117381448042626,47.0,51.21457749766574,56.0,9.0,0.5013947785510129,0.5524753451355012,0.5928241417166157,0.0914293631656028
522,48,74.9,0.7110191548992977,1.000000000000001,22.5,98.6,68.73618135132841,76.1,0.9899752635976027,"PF00085",2.1612628318252654,44.0,48.09074993633818,53.0,9.0,0.4846137199844043,0.5172800779349633,0.5442387971767746,0.05962507719237031
533,49,16.6,1.614324454316873,0.1556372549019608,1.2,55.4,15.087160364145662,54.199999999999996,0.833281802153064,"PF00085",1.0400534437510887,49.0,54.28370893812071,58.0,9.0,0.5223757847486473,0.6153088592793389,0.6597486321159959,0.13737284736734856
541,50,102.3,0.5758400404380075,1.000000000000001,46.3,123.5,90.12424624395214,77.2,1.1216542278600201,"PF00085",2.463742980373862,43.0,47.311953569306525,51.0,8.0,0.4484954124562001,0.49295056062349474,0.5379753257796217,0.08947991332342159
551,51,41.3,0.811543710563263,1.000000000000001,24.4,73.7,44.903392114421536,49.300000000000004,1.018279834215721,"PF00085",1.9577884083013932,47.0,50.054931669637554,53.0,6.0,0.5153389395493202,0.5534330011225196,0.5998338724803128,0.08449493293099264
558,52,18.5,0.9419937514259284,0.5663451744334098,10.6,44.2,23.54219357439946,33.6,0.766848032082087,"PF00085",2.0142200463371127,50.0,54.842401960784315,58.0,8.0,0.6686989315984476,0.7388979129865856,0.7876045901995796,0.118905658601132
565,53,2.2,3.1994834862453962,0.00735294117647059,0.0,36.9,4.097869344707581,36.9,0.5753781900586987,"PF00085",0.05048644999808534,57.0,60.244783974195755,63.0,6.0,0.7098163983415954,0.8201856841991346,0.8723262605618187,0.16250986222022334
569,54,4.2,1.8022457486017704,0.05147058823529413,0.0,26.1,5.797063916475682,26.1,0.6090517154976253,"PF00085",1.1771658503500189,61.0,63.77708174178763,68.0,7.0,0.6940783517093249,0.7861116307222544,0.8348716263590894,0.14079327464976454
573,55,0.5,1.074880831760878,0.0,0.0,9.4,1.2855182072829134,9.4,0.5792431165249742,"PF00085",1.613398743839745,63.0,67.64705882352942,68.0,5.0,0.7015377983392034,0.783623099722263,0.8329961906070584,0.13145839226785505
575,56,2.3,0.5426857412798738,0.02941176470588236,0.0,36.4,5.555335179526358,36.4,0.5792980201740715,"PF00085",2.3023788245102024,62.0,67.48368347338936,68.0,6.0,0.6918422230070207,0.7487691342340368,0.7868632535825978,0.09502103057557709
578,57,0.0,0.8508406004086942,0.0,0.0,9.2,0.9408860665478315,9.2,0.5891730318601632,"PF00085",1.9417247808872187,56.0,61.610405525846716,64.0,8.0,0.6281985089293411,0.7060559072382303,0.7511655053370971,0.12296699640775599
584,58,0.7,1.3824884034655274,0.0,0.0,15.7,3.0242199303964017,15.7,0.6216829112364806,"PF00085",1.6284230759491982,49.0,56.57386363636365,58.0,9.0,0.5929747050676649,0.7002301014534706,0.7534197111457259,0.160445006078061
592,59,33.9,0.7260430580872403,0.7686274509803926,1.3,57.1,29.602588596044484,55.800000000000004,0.9610767400933049,"PF00085",2.228578011480815,35.0,42.557330659536554,47.0,12.0,0.460372105705246,0.576203432673976,0.6447168278866824,0.18434472218143638
600,60,98.5,0.6735234571157132,0.948529411764707,5.8,124.2,63.68693075715135,118.4,1.281512654804118,"PF00085",2.2568168721893436,30.0,34.67347105508871,39.0,9.0,0.4149503199486347,0.472523563052922,0.5715246105111859,0.15657429056255118
607,61,41.3,1.427650556698189,0.9558823529411775,8.8,114.4,50.47792865631102,105.60000000000001,2.358691129694324,"PF00085",1.2757607648054765,17.0,36.12174900263137,47.0,30.0,0.2838219213354527,0.5025030897314117,0.6190138209646443,0.3351918996291916
612,62,71.1,0.5797517474502815,0.9705882352941186,6.9,110.3,61.44181924284867,103.39999999999999,2.1841947352441253,"PF00085",2.360527605368805,20.0,37.3687950937951,44.0,24.0,0.333396380099307,0.4971786812548776,0.5553020964993405,0.22190571640003348
618,63,35.4,0.28986380868907385,0.948529411764707,5.6,94.1,48.97175133689841,88.5,2.7709715603796368,"PF00085",2.599843177440221,18.0,45.2113265002971,52.0,34.0,0.31291647745293893,0.5429016714579502,0.6122892731826245,0.29937279572968556
623,64,48.6,0.3923119375157063,0.9852941176470599,16.4,94.5,47.7350181436211,78.1,2.953263955742282,"PF00085",2.39119984109679,20.0,44.55465686274511,51.0,31.0,0.3173297339903753,0.4584752986778575,0.5754916467123777,0.25816191272200245
636,65,50.2,0.48315588863297204,1.000000000000001,24.0,83.8,44.87996954842544,59.8,1.8522133990950327,"PF00085",2.4703768986859713,28.0,60.320755878108834,65.0,37.0,0.4295071594159176,0.5525021569885606,0.6168083110080191,0.18730115159210153
637,66,32.5,0.8169740659568594,0.20446269416857651,0.1,50.0,13.894169213139806,49.9,2.0186153879352626,"PF00085",2.235797285014835,39.0,62.578431372549026,66.0,27.0,0.5424308652791648,0.5776100999609971,0.6339104152565729,0.09147954997740804
641,67,62.6,0.3217950469049823,1.000000000000001,21.3,109.2,63.621938927085985,87.9,2.5964830297830965,"PF00085",2.5800768978131705,42.0,58.30885854341738,64.0,22.0,0.4407389908169231,0.5723847410584517,0.6673460904261407,0.2266070996092176
645,68,29.4,1.8231266325891413,0.9534313725490208,11.5,64.1,33.98489750445634,52.599999999999994,3.5658662378188177,"PF00085",0.8423450792207611,47.0,53.653489729225036,61.0,14.0,0.39222541052034043,0.5392077937260847,0.6528095568870971,0.26058414636675664
649,69,40.4,0.43270960880088494,0.9926470588235304,18.0,81.4,43.0706947627536,63.400000000000006,3.0980541806592217,"PF00085",2.3794493753648704,43.0,52.73263517528224,59.0,16.0,0.32191017732613036,0.47613586811792113,0.5805449241609995,0.2586347468348691
