"seq","pdb","chain","weights","cluster","ncontacts","contact_density","auc_mi","auc_zmi","auc_mip","auc_zmip","auc_gdca","spearman_asa_kl","spearman_asa_en","spearman_cn_kl","spearman_cn_en","spearman_wcn_kl","spearman_wcn_en","spearman_asa_wcn","spearman_asa_cn","spearman_wcn_cn","pcor_wcn_en_asa","pcor_cn_en_asa","pcor_asa_en_wcn","pcor_asa_en_cn","pcor_wcn_kl_asa","pcor_cn_kl_asa","pcor_asa_kl_wcn","pcor_asa_kl_cn","n_disulfuros","n_residues","pfam"
"THIO_ECOLI/4-107","2TRX","A",0.5,26,716,0.1526001705029838,0.6729679754504683,0.6864651596731226,0.7867821453862842,0.7927579443139283,0.8387503793711992,-0.43813864428476573,0.5445706381803141,0.2903299578717842,-0.33719986033350513,0.4598100109609061,-0.4934234563390574,-0.7422822778794635,-0.7007763695713571,0.8490367577082234,-0.1587124095325974,0.07424476169759182,0.30593775785940536,0.4590064281178297,0.2234386177207541,-0.02605364419040345,-0.16272575573605497,-0.3437796017783887,1,69,"PF00085"
"GLRX3_HUMAN/14-115","2WZ9","A",1.0,27,758,0.16155157715260018,0.6725482331826054,0.6880534089521968,0.7839671197449205,0.7904795886748769,0.8330111751552328,-0.3744767130470442,0.4414240083535931,0.3050970119650656,-0.34560470731378107,0.47460723419802703,-0.49755206430398247,-0.7201545622480902,-0.7446883399940187,0.8512102392803439,-0.28858119834295937,-0.028188831737082882,0.1380930886439637,0.29388498294323684,0.3185400423993252,0.04238282760129022,-0.05352302710845112,-0.23171272862214826,1,69,"PF00085"
"B1MMM4_MYCA9/5-107","4POB","A",1.0,28,730,0.1555839727195226,0.6675347306258774,0.6802500466763015,0.7825727977429415,0.7886649194747359,0.835862612628187,-0.3541132221004466,0.46811746337647436,0.28638337567652056,-0.3275173782245149,0.4537449762513701,-0.4887468030690537,-0.7273459626191593,-0.6870900849252757,0.8462740319678507,-0.24448387495078827,-0.009155883028420613,0.188116933506456,0.3540919695691275,0.3056737752213403,0.0633939446014701,-0.03938082050981035,-0.2260207441651365,1,69,"PF00085"
"B1MMM4_MYCA9/5-107","4POB","B",1.0,29,730,0.1555839727195226,0.6652071390538886,0.6783539515811166,0.7792646580874472,0.7852170966648918,0.8319016962513743,-0.38885337230477485,0.4909273825347783,0.3011913991258915,-0.3406139741936078,0.43149433686518085,-0.46740957252466203,-0.7536592334275439,-0.721424216306199,0.851900636551438,-0.17012911522902985,0.02246463583490956,0.23863690223709047,0.3766027337870648,0.22860880973244058,0.032387706136743674,-0.10735457630648557,-0.25981690535000285,1,69,"PF00085"
"PDIA3_HUMAN/377-483","3F8U","A",0.5,1,696,0.1483375959079284,0.6727215721468596,0.6833744664204434,0.7845187141164153,0.7904441798119959,0.837261111686399,-0.258696051327649,0.34211926748389787,0.30008174818896216,-0.3495343128368566,0.4464011691633175,-0.46770186335403724,-0.6140489753621875,-0.5639744298090908,0.7976810279867547,-0.3473701692683845,-0.20179851369462687,0.07873509058561745,0.1873982965737291,0.3771629325019999,0.19328997157235422,0.02182774762491432,-0.11356317835497368,1,69,"PF00085"
"PDIA3_HUMAN/377-483","3F8U","C",0.5,1,692,0.1474850809889173,0.670771676300578,0.6816950867052023,0.7825621387283237,0.7884335260115607,0.8360534682080925,-0.27589362625451336,0.35401535400141876,0.30008174818896216,-0.3495343128368566,0.44552429667519183,-0.46770186335403724,-0.6290498971478121,-0.5810301279981144,0.8000045484123125,-0.33700270828324225,-0.1889720198851974,0.08704315783510502,0.19792318355926897,0.36399308496441274,0.1786786996897154,0.006269671819539284,-0.1307838901500093,1,69,"PF00085"
"PDIA4_HUMAN/178-282","3IDV","A",1.0,30,682,0.1453537936913896,0.6775831681792586,0.6955324299222619,0.7915372858177138,0.7978616508581917,0.8436577178753994,-0.41485264733767163,0.5046700641336058,0.31707443769955984,-0.36288830913635717,0.36342710997442457,-0.3981366459627329,-0.6396886351290405,-0.5770043380740191,0.843842477850052,-0.11348432354315348,-0.10167526074593079,0.3545465431732235,0.38798466266434567,0.14019815318624448,0.10455944283420733,-0.2546827551999799,-0.2993803087619463,1,69,"PF00085"
"Q4DV70_TRYCC/42-151","3H79","A",1.0,31,760,0.16197783461210571,0.6778511002837715,0.6888766932590887,0.7809270760828827,0.7864606200139208,0.821949456550838,-0.27111668010519946,0.3487850771254837,0.32631281583711125,-0.3622569550087697,0.44563390573620754,-0.461746437705517,-0.7072306757178013,-0.6444615086229871,0.8285252059216925,-0.32459913484571573,-0.19184290658855957,0.035438928175060065,0.16181310920097874,0.3730939412582566,0.2059631467559949,0.06959892211626739,-0.08414796610729594,1,69,"PF00085"
"TXND5_HUMAN/323-427","3UVT","C",1.0,32,696,0.1483375959079284,0.6778560169364767,0.6887361499430464,0.7912423918171044,0.7966314015164591,0.837137424781103,-0.3384534798161023,0.43053609854762526,0.3428327402150346,-0.37426532224232384,0.45250274022652537,-0.47800511508951404,-0.7181090373956438,-0.692488116571072,0.8266458221580504,-0.268787790617637,-0.11690858659765326,0.14277735231135352,0.2561473518669301,0.31984938906800514,0.15976619763866198,-0.021764518183703237,-0.14909941179524963,1,69,"PF00085"
"TXND5_HUMAN/323-427","3UVT","D",1.0,33,708,0.15089514066496162,0.6734792276450434,0.685430989494702,0.7941611077076668,0.7994307739432305,0.8406805186849091,-0.3509602306337329,0.46251394584271605,0.32075304912857405,-0.35698568813887827,0.4440263061746438,-0.46956521739130436,-0.7092294679969651,-0.7003561493441244,0.8316680103167812,-0.22644360945508113,-0.05224111024554628,0.20803280622906828,0.31869984853047256,0.2955685834812623,0.11214404465230962,-0.057060974859564004,-0.18684045051480772,1,69,"PF00085"
"TXND5_HUMAN/323-427","3UVT","A",0.5,16,704,0.15004262574595056,0.6751760964712319,0.6853614821737941,0.7911988807331084,0.7960401089632534,0.8384671058630437,-0.3329709021212037,0.4350003503397922,0.3064004589899637,-0.3479444227880295,0.44614541468761415,-0.47197661673365,-0.7345096870502427,-0.7381119110348532,0.8381082916882922,-0.24952056839810338,-0.04422296093892159,0.14764316489387874,0.281695611111663,0.3150223538282214,0.09530438927495828,-0.008682054875083361,-0.16631641352954202,1,69,"PF00085"
"TXND5_HUMAN/323-427","3UVT","B",0.5,16,704,0.15004262574595056,0.6745178717972098,0.6855837398559315,0.7908070803319048,0.7962552430017324,0.8433225813805052,-0.36404002594083557,0.4633502473426547,0.3032306720060537,-0.34440653269771243,0.45590062111801244,-0.48048958713920353,-0.7282810477299545,-0.7066722084138827,0.8285292910564154,-0.23554392469585073,-0.027064823400054273,0.18872005018565693,0.33114993763270634,0.2989033642732657,0.06976367850107651,-0.05249262004161606,-0.22211377148108888,1,69,"PF00085"
"G0W5T0_NAUDC/35-141","4TVE","A",1.0,34,716,0.1526001705029838,0.6767167249305892,0.6911398558951475,0.7886298236345446,0.7945423940289783,0.8412387734226588,-0.28935828790891205,0.376260789632503,0.31538829080250047,-0.34063691832932785,0.40646693459992694,-0.4294117647058823,-0.7017249108899886,-0.6008386590718802,0.8126032920119651,-0.2505407883379973,-0.15468622209750868,0.11645905041497341,0.2283145283165053,0.2982785015716545,0.18496532168393146,-0.006345162132769779,-0.1316430451336763,1,69,"PF00085"
"Q2G000_STAA8/2-104","4RUV","A",1.0,35,746,0.15899403239556692,0.6663998836844316,0.6778806107654407,0.7809897422169801,0.7879809057667249,0.8287864726080912,-0.40218308222378657,0.4663371160233714,0.2982658674771047,-0.3241367996702483,0.459846547314578,-0.48122031421264155,-0.7582754493695586,-0.717564857418949,0.8307606415571965,-0.22127113739880677,0.0170263929577936,0.17750158483026954,0.354761125311798,0.2594823466790963,0.015169724958379588,-0.09240144949050721,-0.2830339787090499,1,69,"PF00085"
"THIO_PLAF7/2-102","1SYR","B",0.09090909090909091,4,740,0.1577152600170503,0.6703208775577196,0.6855755553123974,0.784168125615494,0.7902150125834336,0.836769613743298,-0.49136500996076843,0.5689797381678344,0.30208503921507074,-0.3411487057463331,0.49751552795031057,-0.5241505297771283,-0.7616002315284363,-0.7476995628011233,0.8411124302929855,-0.17041018041435724,0.15433348929423713,0.30764369838215744,0.5028875766149543,0.21844021106930026,-0.11292271789782918,-0.20004752148637617,-0.41941593066959065,1,69,"PF00085"
"THIO_PLAF7/2-102","1SYR","I",0.09090909090909091,4,734,0.15643648763853368,0.6719464458558736,0.6875393264150969,0.7852850020583979,0.7913156260627598,0.8378106356525534,-0.4716226606624744,0.5497268242548607,0.30267636247186025,-0.3391942875477607,0.49806357325538914,-0.5244428206065035,-0.7665650392552069,-0.7531951404785746,0.8444473019929939,-0.19208728070977985,0.1362311669562484,0.2701451857351122,0.47551242304317365,0.24111439334416077,-0.09059203796033165,-0.16130868391544936,-0.38862965308527986,1,69,"PF00085"
"THIO_PLAF7/2-102","1SYR","A",0.09090909090909091,4,730,0.1555839727195226,0.6689108171464528,0.68473373763078,0.7841770795156728,0.7902332432077337,0.838549784597512,-0.4906295175218418,0.5684445614972582,0.30155192000594283,-0.33147119595534685,0.4930946291560102,-0.520094994519547,-0.7670940514016207,-0.7280462885019151,0.8492429200870864,-0.15923427858555303,0.1460690682529097,0.3093089343566662,0.505770576684523,0.20882458069400653,-0.09316033820794135,-0.20135392244586864,-0.414747439661259,1,69,"PF00085"
"THIO_PLAF7/2-102","1SYR","L",0.09090909090909091,4,732,0.15601023017902813,0.6726734558701772,0.688056797483027,0.7864326323342716,0.7925539548490368,0.8411077993045206,-0.49041781560037406,0.5660340245802387,0.28875356690563947,-0.3232883910737534,0.4956156375593716,-0.5221410303251736,-0.7778581110843844,-0.737802184283426,0.8429021358532098,-0.15798282536315883,0.16951937708495682,0.29830431290350695,0.5127224249260641,0.20840760872080807,-0.12422512414784538,-0.1921841094349767,-0.42919762706896414,1,69,"PF00085"
"THIO_PLAF7/2-102","1SYR","G",0.09090909090909091,4,732,0.15601023017902813,0.6724664679582713,0.6870356571176244,0.787103273168847,0.7930948832588177,0.8392214494673511,-0.4828960985834098,0.5570148646137565,0.29966093371535873,-0.33567145422103717,0.48750456704420897,-0.520094994519547,-0.7658451733429081,-0.7326069836324738,0.8425620516488603,-0.17509721647073928,0.1280801126175162,0.28896366235253695,0.48521378543692323,0.20899404929912901,-0.09078732579739848,-0.1951115240590204,-0.40556410627161604,1,69,"PF00085"
"THIO_PLAF7/2-102","1SYR","F",0.09090909090909091,4,738,0.15728900255754474,0.667634435575514,0.6833435456256434,0.7852087625580353,0.7911716446451262,0.8362715948859033,-0.4804740475234919,0.5528376807083466,0.29875025672638167,-0.33517741663327716,0.4796492510047497,-0.5080014614541469,-0.7569294536347064,-0.7260457147838716,0.8424695064812636,-0.16443318473256402,0.11554461874571599,0.29902007556926646,0.4776942439517305,0.2023377564808554,-0.08306779344470196,-0.20476082001775564,-0.40163154530544043,1,69,"PF00085"
"THIO_PLAF7/2-102","1SYR","D",0.09090909090909091,4,734,0.15643648763853368,0.6686901842644772,0.6842155989387203,0.78345103147077,0.7896413706314118,0.8343616143897848,-0.4900267999307618,0.5595607165347726,0.30750538493042096,-0.341008201772082,0.4862988673730362,-0.5116916331750091,-0.7681990150546125,-0.7345671331566243,0.8426543637718664,-0.1542359911913284,0.12452216058641125,0.3026630519730209,0.484534193057504,0.19685601111973347,-0.08867885126585173,-0.2081695625762121,-0.4091070829317428,1,69,"PF00085"
"THIO_PLAF7/2-102","1SYR","E",0.09090909090909091,4,736,0.1568627450980392,0.6739940981228294,0.6894301995867587,0.7893087550006594,0.7953741152679474,0.8390556996527014,-0.501900928425484,0.5724887429039697,0.3062913328958715,-0.3423191526835994,0.508695652173913,-0.533723054439167,-0.7629771433428041,-0.727073241811638,0.835004160339127,-0.18287729579738418,0.131319213125383,0.3023296830071862,0.5016391552962391,0.22492318377287884,-0.09872876530162114,-0.20443857754870226,-0.42720438276056266,1,69,"PF00085"
"THIO_PLAF7/2-102","1SYR","K",0.09090909090909091,4,738,0.15728900255754474,0.6669983948195577,0.6823922260466915,0.7849030791774787,0.790838545714744,0.8358055305388663,-0.4937240827472369,0.5629327873857497,0.29442169198581813,-0.33472637578313136,0.4813664596273292,-0.5092802338326635,-0.7640911395689669,-0.7425130840002586,0.8424666414965624,-0.14844465823497002,0.15039006602885815,0.3130445199524559,0.49809533050705357,0.18559108397891705,-0.12390583366856629,-0.2226832463699333,-0.42976755154012075,1,69,"PF00085"
"THIO_PLAF7/2-102","1SYR","C",0.09090909090909091,4,722,0.15387894288150042,0.6703238275989589,0.6859632841881982,0.7863951938709295,0.7926484645924767,0.8408325599893941,-0.4829287603651586,0.5541556818492627,0.2959029439765542,-0.3346166534134472,0.4857142857142857,-0.5137011326269638,-0.7600522829993103,-0.736098636324087,0.8451182654305962,-0.17101993648857752,0.13008788912845523,0.29362851931909,0.482624762755581,0.20852568081057485,-0.10052151581970613,-0.20026292245608412,-0.4100377049292197,1,69,"PF00085"
"THIO_PLAF7/2-102","1SYR","J",0.09090909090909091,4,728,0.15515771526001704,0.6688008006121022,0.6839425710515519,0.7821894301460397,0.7881039243299587,0.8358592719087169,-0.5001553635676969,0.5709691322046521,0.29329812767964,-0.3308952939935835,0.4833759590792839,-0.514029959810011,-0.7767219634520013,-0.7377804987653332,0.8425715151173446,-0.13642993714452128,0.16303926356170348,0.3178284880122482,0.5130830171598951,0.17398898921682873,-0.12951467753260323,-0.2261746436165765,-0.43970614841883293,1,69,"PF00085"
"THIO1_STRCO/4-106","1T00","A",1.0,36,738,0.15728900255754474,0.6684925422850587,0.6815903212142895,0.781430899792053,0.7873882987691789,0.8359124511831866,-0.4074593304569791,0.5080306849167018,0.3014166523382867,-0.34024363813491204,0.4392035074899525,-0.4732553891121666,-0.6968327895350543,-0.6523446473962167,0.8541753987901025,-0.19301807313949662,-0.013529655618430938,0.28211865800005465,0.40139393149720504,0.2370592239623948,0.05145215740361454,-0.1573792641932483,-0.2917386869958041,1,69,"PF00085"
"Q7XZK2_HORVD/14-118","2VLV","A",0.16666666666666666,6,734,0.15643648763853368,0.6769499361827802,0.6943272205569928,0.7865792455661833,0.7932556144696424,0.8347113355078459,-0.34740176298546577,0.4358698537383677,0.29230439763887633,-0.3194478633854562,0.4470222871757399,-0.47362075264888565,-0.7638598166454075,-0.761719742064065,0.8651339530643397,-0.242192007581746,0.02154403911115914,0.13034678549805354,0.3136042613944675,0.3001659033441387,0.045562495224977316,-0.01028807728529438,-0.20133281223105415,1,69,"PF00085"
"Q7XZK2_HORVD/14-118","2VLU","A",0.16666666666666666,6,730,0.1555839727195226,0.6759959339755071,0.6933277091271186,0.7854245468941243,0.7920754012433184,0.8340176885895458,-0.34407239170882625,0.43468897016078417,0.2898616899442449,-0.31561741753742273,0.44778955060284986,-0.47347460723419804,-0.7556683960534638,-0.7567627707738962,0.8637863726402364,-0.2458193266353288,0.022658411968347034,0.13329983535750475,0.31573212354050645,0.305358740050147,0.04803128149920968,-0.009719575229238034,-0.1993457796105975,1,69,"PF00085"
"Q7XZK2_HORVD/14-118","2VLU","B",0.16666666666666666,6,728,0.15515771526001704,0.6827574544527117,0.6998245195772946,0.7894498286778812,0.7964385513578249,0.8408741863585456,-0.34419347103033704,0.4383502954118432,0.28898147669180946,-0.3181979503735529,0.44249177932042383,-0.4689806357325539,-0.7246784559242255,-0.7346157467147147,0.8616207019342966,-0.24431505807375972,0.006265874941888072,0.16182862324137184,0.3180831959906042,0.2984037616239451,0.05671897992818711,-0.038075963107742056,-0.20307295139935472,1,69,"PF00085"
"Q7XZK2_HORVD/14-118","2VLV","B",0.16666666666666666,6,732,0.15601023017902813,0.6820003311806591,0.6989636805210575,0.7894863939945908,0.7963100954904233,0.8396947618259094,-0.3307592259365797,0.4247082987324472,0.2993801334738322,-0.328247952026946,0.4436609426379247,-0.46930946291560105,-0.7318340322322454,-0.7370846681987298,0.8683030036787028,-0.256891298042783,-0.024847035328360686,0.13502058286850074,0.28630096961530005,0.31346914907715284,0.08715239095109742,-0.009943733244534314,-0.1707351440947035,1,69,"PF00085"
"Q7XZK2_HORVD/14-118","2VLT","A",0.16666666666666666,6,728,0.15515771526001704,0.6792797263281622,0.6966253978110688,0.784509763697453,0.7914790809594039,0.8365453920448875,-0.3550026478089001,0.4493542350556219,0.2855368608987277,-0.3124843106747288,0.4578370478626233,-0.4803434417245159,-0.717430522293933,-0.7399840998683362,0.8680444972311462,-0.25382227456344236,0.03333493735629917,0.17142566286779315,0.3413784870024433,0.31193192922869106,0.03632326279280532,-0.042846956633528846,-0.22293689407221987,1,69,"PF00085"
"Q7XZK2_HORVD/14-118","2VLT","B",0.16666666666666666,6,732,0.15601023017902813,0.6789300104873875,0.6960327316884694,0.7847077330683888,0.7915093558536181,0.8360641938510791,-0.3612729847966173,0.4532915542541767,0.2834516770045471,-0.3144361992246995,0.4440628425283157,-0.4709170624771648,-0.7638473700312689,-0.7785660058887692,0.87041997840178,-0.2167135305012403,0.06879187565762167,0.16436643845729065,0.34995982037488016,0.27933449799805443,0.0037199197077042996,-0.03817704902689114,-0.23360168304697812,1,69,"PF00085"
"THIO_ECOLI/4-107","1X9M","B",0.06666666666666667,21,718,0.15302642796248933,0.6666395638502635,0.679958728952677,0.7839718616690943,0.7897784064385076,0.8364957179886533,-0.42588916507823005,0.5418778687468268,0.31152444823040254,-0.34653870590337155,0.43883814395323345,-0.4755571793934965,-0.7308531589609842,-0.6795958543915115,0.8466901190585306,-0.1386302434241916,0.03522716438361151,0.3236349197658693,0.4452231012336167,0.20658674633546156,0.03328446524267101,-0.1714698796523736,-0.30724996139173755,1,69,"PF00085"
"THIO_ECOLI/4-107","2H74","A",0.5,8,732,0.15601023017902813,0.6690732461224265,0.68145526301264,0.7850596125186289,0.7906496660595022,0.8383534801567588,-0.45267278441492775,0.5618768244836737,0.31904637009005976,-0.3578117474737671,0.4669345999269273,-0.5013883814395323,-0.7620872794547947,-0.7000759847777602,0.8386121403639568,-0.1366479000216944,0.060174688729933534,0.3209070940591251,0.46698393320860543,0.21124277326426105,0.0033625943618548716,-0.16911502540303663,-0.3388487797575358,1,69,"PF00085"
"THIO_ECOLI/4-107","1T8E","B",0.06666666666666667,21,734,0.15643648763853368,0.6681408192010662,0.6801538772919469,0.7819006929710186,0.7870969429692976,0.8351477984780247,-0.4032236188876472,0.5120473963848572,0.3020338258505238,-0.33783733891548684,0.4255754475703325,-0.46635001826817685,-0.7365478340932073,-0.7023668070825333,0.8379156353476279,-0.1535365628523005,0.03566746167498944,0.2817142450409393,0.4101142724854747,0.20773828317212442,0.028896879776563834,-0.14665962872468244,-0.2815990694917343,1,69,"PF00085"
"THIO_ECOLI/4-107","2H6X","B",0.5,3,740,0.1577152600170503,0.663780227596017,0.676288434183171,0.7704740671845935,0.7763677645256593,0.8253378378378378,-0.41129862957287466,0.5281961464635251,0.28722557066580784,-0.3429250442662869,0.47983193277310926,-0.5246985750822067,-0.7345858975080279,-0.685852143862261,0.829783090944324,-0.23725561981100343,0.031296534712657746,0.24715533990874106,0.428605643234126,0.2873194765087514,0.00774196087104717,-0.09880829726549598,-0.30743324056709737,1,69,"PF00085"
"THIO_ECOLI/4-107","2TRX","B",0.5,26,730,0.1555839727195226,0.6743819711920781,0.6861914212415203,0.7907297407563636,0.7961842987836502,0.8414693008235774,-0.47335529477521593,0.5852887817838717,0.28424859031792205,-0.3318062695216928,0.46269638290098647,-0.49751552795031057,-0.7294956627610637,-0.6896829024608564,0.8278877378622568,-0.12721035470750813,0.12238802729321567,0.37475708771667837,0.521817450208843,0.19483003698154963,-0.06618564184105043,-0.22399113138659135,-0.39944825636057735,1,69,"PF00085"
"THIO_ECOLI/4-107","2H6X","A",0.5,8,736,0.1568627450980392,0.6716984657317449,0.683624488943597,0.7853288345715919,0.7907457576823317,0.8342872136985097,-0.4704044851129639,0.5727895415330578,0.32968518203860614,-0.36828987580849176,0.45922542930215565,-0.49115820241139935,-0.7609769318423484,-0.70163624373349,0.8292419891025403,-0.10394505873205064,0.05752769586852207,0.35218221101720776,0.4745763436585484,0.17686587613883786,-0.0005847123395928121,-0.2098554019034947,-0.3554126305780015,1,69,"PF00085"
"THIO_ECOLI/4-107","1SL2","B",0.06666666666666667,21,722,0.15387894288150042,0.668153812876351,0.6810148133159359,0.7843856625522443,0.7901491100148622,0.8365650969529086,-0.427294848585622,0.5302900485953973,0.31873958318326717,-0.3527811535880913,0.4298867373036171,-0.4645232005845817,-0.7178597315088702,-0.6759625805561912,0.8451675007976859,-0.1420598804225721,0.009083227479999793,0.31925744859545635,0.4232049210068972,0.19565097190553782,0.0448828935192589,-0.18883392823464143,-0.30327715886846357,1,69,"PF00085"
"THIO_ECOLI/4-107","1SKW","B",0.06666666666666667,21,726,0.1547314578005115,0.6683545675431248,0.6818119303334542,0.7853781939877388,0.7912143022856817,0.8367973504818506,-0.4602531838796189,0.5539712191766287,0.3216266481726642,-0.3551835529825781,0.43481914504932406,-0.47296309828279137,-0.7320647388465806,-0.674049591139793,0.8479247997279328,-0.11887506644323455,0.029627699740370057,0.34609007881905884,0.4555397782716076,0.1618473777442945,0.01737304014468262,-0.23137029916906357,-0.3480811198672834,1,69,"PF00085"
"THIO_ECOLI/4-107","1T7P","B",0.06666666666666667,21,724,0.15430520034100598,0.6662512809659596,0.6782965380502584,0.7823165433968989,0.7877439404740687,0.837432888522545,-0.4179896280103492,0.52638032654548,0.3111300757741286,-0.3458850374985595,0.4341980270369017,-0.47292656192911947,-0.7484258924484765,-0.696420270015026,0.8449114116060322,-0.1400421390148274,0.0339199940472489,0.29507317783179116,0.42400445324294656,0.20143297759359277,0.03072943424665648,-0.15570564348061916,-0.29517242015036693,1,69,"PF00085"
"THIO_ECOLI/4-107","1SKS","B",0.06666666666666667,21,718,0.15302642796248933,0.665623208235144,0.6794862988253731,0.7818424214216922,0.7876559755401755,0.8353966520545103,-0.4281211568435365,0.5367502766657655,0.3037103479812218,-0.3366066641964195,0.42312751187431497,-0.4588235294117647,-0.7313873472034245,-0.6883283857195149,0.8307096994664896,-0.11513939820598877,0.05367834535613818,0.33199958534308843,0.4465938926366128,0.17849168277093203,0.013762920567779962,-0.19202130037524104,-0.3169696822247244,1,69,"PF00085"
"THIO_ECOLI/4-107","1TK8","B",0.06666666666666667,21,726,0.1547314578005115,0.6679475264264152,0.6801434785205931,0.7840889989150202,0.7895361259410221,0.8354150777476317,-0.4197003204311485,0.5337171409122918,0.30588733435563775,-0.34215921045605213,0.4320789185239313,-0.47007672634271097,-0.7454678860501355,-0.7047696873614036,0.8534042618965875,-0.12810295651626735,0.0566527107033411,0.3115552962648121,0.43889389303144843,0.19703604708902853,0.015677620031194113,-0.16236495111509178,-0.3022072048543446,1,69,"PF00085"
"THIO_ECOLI/4-107","2BTO","T",1.0,37,730,0.1555839727195226,0.6650909669255185,0.676282215291848,0.7822588563960363,0.7874727721574133,0.8319293562819388,-0.45687712194924396,0.5468600405716222,0.2753539196162945,-0.32024023014760755,0.44172451589331385,-0.4744610887833394,-0.7604689633532994,-0.7325127029389092,0.8454685948202458,-0.10776907134159606,0.14096442073766033,0.32546833643554046,0.48422830390816884,0.16322277920166733,-0.09795117723481571,-0.2076246412157613,-0.38991791582223256,1,69,"PF00085"
"THIO_ECOLI/4-107","1SKR","B",0.06666666666666667,21,724,0.15430520034100598,0.6641738883443237,0.6770016485474959,0.7823722375690607,0.7877439404740687,0.8354863772054892,-0.42819030011161185,0.533652560448094,0.31509263309953034,-0.3501354574438941,0.43971501644135913,-0.4751552795031056,-0.7243837354839394,-0.6731565626819916,0.8386122997668434,-0.15194193008867,0.014544763951088361,0.31232649961938747,0.4301448348311155,0.20793079924812732,0.040183178662015755,-0.17711990256630453,-0.3078857530740724,1,69,"PF00085"
"THIO_ECOLI/4-107","2AJQ","I",1.0,38,690,0.14705882352941177,0.6641186653050286,0.6765037770969589,0.7734466100283192,0.7799259790394657,0.8266374059347138,-0.5362199711785549,0.6018817966100958,0.3012697741789376,-0.3424226512756539,0.47577639751552797,-0.5019364267446109,-0.7230474132661835,-0.5990475521943529,0.8681410581140258,-0.12099333684604907,0.02835797759667011,0.3999466033386654,0.5273834657659163,0.15103028171755692,-0.029519936596775705,-0.31634321296184065,-0.46593282325638924,1,69,"PF00085"
"THIO_ECOLI/4-107","1X9S","B",0.06666666666666667,21,728,0.15515771526001704,0.6676836029762367,0.681065024783491,0.7827882259012431,0.7884407469422605,0.8332797374169725,-0.42207990973607695,0.5203812534523203,0.30272457850510515,-0.33603141540062786,0.4380343441724516,-0.47581293386919987,-0.7343817618957504,-0.7009407273006456,0.8368045550835035,-0.16158562114615654,0.04716419930734177,0.28636267029354145,0.42403377546887433,0.2081318480712031,0.01062765526340302,-0.16454069716192216,-0.3087704584222697,1,69,"PF00085"
"THIO_ECOLI/4-107","1X9W","B",0.06666666666666667,21,722,0.15387894288150042,0.6632192970826908,0.6763789362043582,0.7818625843410063,0.7876050991857212,0.8326939581487193,-0.44953083167991087,0.5520134083724976,0.31275345515212133,-0.3467818218340711,0.4477530142491779,-0.4889660211910851,-0.7401296074583548,-0.6944756617144112,0.840531774969581,-0.14339407448993338,0.060967697693477284,0.324100955350921,0.4611008927212362,0.19151674636289964,0.0008794415574685796,-0.1964705957575606,-0.3399531238298645,1,69,"PF00085"
"THIO_ECOLI/4-107","2AJQ","B",1.0,39,726,0.1547314578005115,0.6677238621950491,0.6795711203633086,0.7824427746034127,0.7875523214541231,0.8335493568611434,-0.431346043726383,0.5390911987524114,0.3118594044517954,-0.35158753302032303,0.4369382535622945,-0.47398611618560466,-0.7354515821786838,-0.6867818783023907,0.8413176927397777,-0.13581971539701404,0.030464823533996273,0.3192896387720413,0.4373931976794703,0.19581859108007438,0.023817558920737645,-0.1804817471696969,-0.314454637961897,1,69,"PF00085"
"THIO_ECOLI/4-107","1TK0","B",0.06666666666666667,21,722,0.15387894288150042,0.6632179015748305,0.6762393854183384,0.7787185051319802,0.7842195971168807,0.8334447413775058,-0.4253068133097809,0.5364717402793764,0.32419513339278194,-0.35780385009947163,0.44176105224698575,-0.4795031055900621,-0.7387725361947838,-0.7052842257238451,0.8516708608672343,-0.14623409676128452,0.03436751306905295,0.3081181838243739,0.42918724510369866,0.20912121109733375,0.03776886615892181,-0.16364781179654275,-0.29323979047705984,1,69,"PF00085"
"THIO_ECOLI/4-107","1ZYQ","B",0.06666666666666667,21,706,0.1504688832054561,0.6621972939281819,0.6753666160172502,0.7824368291854351,0.7882930199039414,0.834492963332002,-0.43549197782131505,0.5460093034565364,0.2990245576292951,-0.3374998309446104,0.4381804895871392,-0.47650712458896605,-0.7371353975993782,-0.6934784598172421,0.8343501997550279,-0.13075614999924443,0.06816732885661637,0.3278246177217112,0.45998039542603647,0.1926085781675466,-0.0045943472312036,-0.18519955177231914,-0.33181212239238667,1,69,"PF00085"
"THIO_ECOLI/4-107","2H74","B",0.5,3,738,0.15728900255754474,0.6657468749700143,0.6766390729157671,0.7746620005400864,0.7807496233788842,0.8280085481684356,-0.40836774015666794,0.5183100889635052,0.2849252728081761,-0.34045395726029287,0.4648154914139569,-0.5082572159298502,-0.7346671268399029,-0.6931008200877504,0.8221538598155912,-0.21970837377015798,0.030476041070223836,0.24802114566246333,0.4165685025144418,0.26611701419917627,0.0028651500968334947,-0.11134466729396839,-0.3052062432013965,1,69,"PF00085"
"THIO_ECOLI/4-107","1SL1","B",0.06666666666666667,21,718,0.15302642796248933,0.6691587239059458,0.6815386362330076,0.7851256005259815,0.7908844817217204,0.8374910455565634,-0.4529802687125839,0.5525032305469065,0.32359087625459293,-0.3570733654294151,0.44512239678480087,-0.48381439532334675,-0.7535231633759022,-0.7046034409198281,0.8364218538945333,-0.12316493151634872,0.05447924655095019,0.32664632214909417,0.4539804198110837,0.17708658782587308,0.006985854736245793,-0.199711306556384,-0.3350751031813584,1,69,"PF00085"
"THIO_ECOLI/4-107","1THO","A",1.0,40,706,0.1504688832054561,0.6712004764551284,0.6839320056458228,0.7870336546183597,0.7928372533328406,0.8400734013807534,-0.41497092615072306,0.5288791387150185,0.2875640438805584,-0.33531156175478016,0.41048593350383633,-0.45951772013153086,-0.7544477361289602,-0.6621116266756754,0.844277060596351,-0.10861851898003036,0.023372708286422385,0.31253862729757337,0.4346412254107789,0.16312031277849462,0.01878309502796977,-0.17590382615089356,-0.3128819072353296,1,69,"PF00085"
"THIO_ECOLI/4-107","1TK5","B",0.06666666666666667,21,718,0.15302642796248933,0.6626652629276929,0.6760433065622928,0.7817779354102501,0.7876083119665009,0.8333204828600387,-0.444647487787119,0.5523466861522575,0.3144555049965443,-0.3504131344284762,0.4318597004018999,-0.4690537084398977,-0.7438809578291122,-0.7119116925390269,0.8466320785371975,-0.10441930013459158,0.07312495538649433,0.3446546792658924,0.46048993803744936,0.16888247561592612,-0.0033293370935774487,-0.20471099315700622,-0.3311854453098233,1,69,"PF00085"
"THIO_ECOLI/4-107","1TKD","B",0.06666666666666667,21,726,0.1547314578005115,0.6636715108727211,0.6767746228618186,0.778941943155944,0.784404351589058,0.8342314633058685,-0.4121878483695738,0.52317204487084,0.3045492722060145,-0.3427596884005109,0.43883814395323345,-0.4758860065765437,-0.7404064281741252,-0.6994502344583989,0.8449093082126261,-0.15454092308856085,0.03804668063982315,0.28895799749369944,0.42215327153407867,0.21824101757802747,0.02494740267556343,-0.14449039302828756,-0.29258347509151184,1,69,"PF00085"
"Q9YED4_AERPE/239-342","3EMX","A",0.5,7,670,0.14279624893435636,0.6523983760956529,0.661813755687005,0.7692081610841862,0.7755731536252106,0.817910447761194,-0.39345191065539603,0.39710597994404606,0.29704786264275884,-0.2524267037066989,0.36419437340153454,-0.33244428206065035,-0.6924278598527446,-0.6797902144903695,0.7460379920108476,-0.08680218090083186,0.026031851984969295,0.24529656424618418,0.3177719630067081,0.1383354463555091,0.043875320648581434,-0.21024809062058059,-0.27348420015128977,1,69,"PF00085"
"Q9YED4_AERPE/239-342","3EMX","B",0.5,7,668,0.1423699914748508,0.6554951726765158,0.6648164902798777,0.7725934810299877,0.7785859692146522,0.8184381733550792,-0.3955373465937738,0.40690420251603066,0.30448619828980117,-0.2622573847661796,0.3525392765801973,-0.32418706613080017,-0.6662220249225013,-0.6738536480368891,0.7462434618388553,-0.07794575930081318,0.017685493544730434,0.2706303563962381,0.32283326229196996,0.12997335692683504,0.05592593000572571,-0.23022486668709627,-0.2704792728100255,1,69,"PF00085"
"DJC10_MOUSE/672-776","3APS","B",0.5,5,724,0.15430520034100598,0.6584554892176082,0.6714419778114418,0.7543719925147033,0.7629586415077526,0.8218245967741935,-0.3935077019887613,0.48570208393085385,0.35890701825973903,-0.43581958354228156,0.48691998538545855,-0.5186335403726708,-0.7060437322876988,-0.7035092949057782,0.8293061693125503,-0.28384317379,-0.1515122438596704,0.1974034407506377,0.2799988961924054,0.321160321608138,0.12561542437756482,-0.08038336352392145,-0.21258216855291753,1,69,"PF00085"
"DJC10_MOUSE/672-776","3APS","A",0.5,5,734,0.15643648763853368,0.6599237497814243,0.6727973421195026,0.7560254607988787,0.7645454382735343,0.8217812921231513,-0.4400665540913938,0.5309125192237991,0.36856312514977246,-0.4436543422839185,0.4884910485933504,-0.519327731092437,-0.7197134980576109,-0.6925328843264302,0.8268992905061817,-0.23323574225100296,-0.12428796592230638,0.264863493203002,0.34596378072088535,0.27552225781079925,0.09849422297195796,-0.14607631745771663,-0.27560950279925683,1,69,"PF00085"
"TRX1_YEAST/2-102","3F3Q","A",1.0,41,750,0.159846547314578,0.6657967190935228,0.6768746829020802,0.7873715542026044,0.7926128868594622,0.8368706240487063,-0.4244004591005638,0.519252032865856,0.31090530818134915,-0.3439990241272191,0.48480087687248813,-0.5168067226890757,-0.7254829025791355,-0.6599353078403891,0.8397095940471966,-0.23818754164980757,-0.002065538300449679,0.24493659678685084,0.4142419275220916,0.28387377916902473,0.0453157543326686,-0.12075005939736042,-0.30699746330082817,1,69,"PF00085"
"PDIA1_HUMAN/25-132","4EKZ","A",1.0,42,688,0.1466325660699062,0.6659300002323258,0.6827140882373441,0.7867365192946588,0.7931487117533629,0.8443707455335362,-0.44151242587582873,0.5273843997661648,0.3730011957412877,-0.3972498394414861,0.5203142126415784,-0.5260504201680672,-0.6834853576234219,-0.6396566003094798,0.826063147228781,-0.26699719795086774,-0.09172751045964797,0.27035517673728615,0.3874082542629926,0.3336777063611159,0.13134239177286702,-0.13777552001733842,-0.2845252188270439,1,69,"PF00085"
"PDIA1_HUMAN/25-132","4EL1","A",0.5,11,688,0.1466325660699062,0.6710295518435054,0.6872909067676509,0.7896115512394583,0.795505366726297,0.8361623841275004,-0.3957389365705492,0.49196025155718287,0.36223503885052105,-0.3963243058984017,0.5232005845816587,-0.5379247351114359,-0.685499212502573,-0.6456064535861167,0.8465623238446317,-0.316603170427774,-0.1183873593744962,0.20075133122020009,0.3367270712162891,0.3767699850453404,0.15220217126491709,-0.05976966276528729,-0.2274179118461279,1,69,"PF00085"
"PDIA1_HUMAN/25-132","4EL1","B",0.5,11,700,0.14919011082693948,0.6710521042084168,0.6887975951903809,0.7847910105926138,0.79160606928142,0.833584311480103,-0.38280729359540416,0.4714749050796776,0.3525433508706423,-0.37646567411917936,0.5198757763975155,-0.5361344537815126,-0.6941396858665806,-0.6222394119108152,0.8403173271997578,-0.3290184743385751,-0.1203654885726948,0.16345630866490451,0.32709834766527257,0.38218146798008856,0.1581110805519076,-0.035681008574186886,-0.22310745046047964,1,69,"PF00085"
"Q97WI4_SULSO/32-133","3HHV","A",1.0,43,740,0.1577152600170503,0.6743010723273881,0.6883521172994858,0.7865562424772952,0.7925552576868367,0.8369009191377612,-0.4609775843109609,0.5527015969836818,0.3237031726419734,-0.3556582747838916,0.5033978808914871,-0.5308001461454147,-0.7599624114330399,-0.7363998522077161,0.8432159436979336,-0.2044933411458318,0.09107713882390397,0.2710624689756748,0.4598919866499869,0.2653871781316273,-0.026251329570532073,-0.139624515963099,-0.34775116109720144,1,69,"PF00085"
"PDIA6_HUMAN/161-267","4GWR","A",1.0,44,688,0.1466325660699062,0.6789286295100249,0.6937858652974932,0.7886227144948075,0.794475872964245,0.8422609367376809,-0.34188598774823337,0.44016815805558845,0.3240111596310716,-0.37367189681061086,0.4365363536719035,-0.4576178297405919,-0.6515534060929957,-0.6224042318008018,0.8469396366939995,-0.25078468654155994,-0.14187552719593052,0.21053137323990387,0.2859417351562686,0.2998768913512041,0.15121014391596124,-0.08418877506301,-0.1893657802935546,1,69,"PF00085"
"PDIA6_HUMAN/26-129","4EF0","A",0.5,15,708,0.15089514066496162,0.6693553876523042,0.6858734372518323,0.7840500419758129,0.7897295396274363,0.8355966237832687,-0.4507053978989357,0.5346596079894724,0.3710308962393695,-0.3966501316080909,0.49868469126781145,-0.5063573255389112,-0.6665510869949455,-0.6239705847308764,0.8135615856919443,-0.23807631181513117,-0.09545811286215128,0.30668669381063945,0.40031138438490754,0.29794296309310087,0.12873698783010876,-0.18309407623432047,-0.30205670407913765,1,69,"PF00085"
"PDIA6_HUMAN/26-129","4EF0","B",0.5,15,706,0.1504688832054561,0.6711848409944721,0.6879943826054078,0.7841595726686462,0.7902232885922258,0.8353472280460364,-0.4520339531740468,0.537483742146942,0.3543120930901492,-0.381509185926462,0.49806357325538914,-0.5037267080745341,-0.6618109003487885,-0.6287527289573255,0.808176154107703,-0.23413359978960627,-0.06643667763139041,0.3151757874555702,0.41404070626600126,0.29744357489267004,0.1010554148775539,-0.18830289472947867,-0.3152803938064901,1,69,"PF00085"
"YBBN_ECOLI/5-109","3QOU","A",1.0,45,732,0.15601023017902813,0.66775956284153,0.6830035325936965,0.7821093448142629,0.7884914720980295,0.8326571728211073,-0.3985050702041265,0.4900488398281792,0.3175742565279497,-0.3430980272173828,0.4574716843259043,-0.48717573986116186,-0.7075680943830754,-0.6740742369766771,0.8662346949967881,-0.22798310701840757,-0.019830626663507774,0.23551297553656067,0.37296834922549793,0.27079035504278487,0.07225667884289114,-0.1190591235584986,-0.2633205726212847,1,69,"PF00085"
"Q8IDP4_PLAF7/55-156","3UL3","B",1.0,46,726,0.1547314578005115,0.6848459842545938,0.7021000821028327,0.7829831807276451,0.7898959336175675,0.8318364500457748,-0.3395885186149994,0.3976026992231577,0.2963519048146476,-0.3323858100823633,0.45279503105590063,-0.4831932773109244,-0.6835623611184894,-0.5975515850264536,0.8716146461408476,-0.3156657002772348,-0.1288492250595837,0.10533136700738646,0.26312376428617357,0.32142671283599766,0.12388306066774256,-0.04621340993352387,-0.21219714128343456,1,69,"PF00085"
"Q8IDP4_PLAF7/55-156","3UL3","A",1.0,47,728,0.15515771526001704,0.680154356239119,0.6978798194741687,0.7803029462968918,0.7878724454153314,0.8293293487541722,-0.3287799114104872,0.40021566671611747,0.29873385194230495,-0.3380115843272025,0.46324442820606504,-0.48301059554256487,-0.6946208900401655,-0.6181222315902167,0.8729969737056695,-0.31097769061827507,-0.12580738906567743,0.10272554718191429,0.2585555283783991,0.34570616331527826,0.12865048942646498,-0.010980850450218065,-0.19212000637513454,1,69,"PF00085"
"Q8ZR92_SALTY/5-109","3QDN","A",1.0,48,720,0.1534526854219949,0.6737299988810563,0.6886804856215731,0.7862369922792883,0.7929786281750028,0.834725019581515,-0.35890603983389097,0.46061741525905325,0.301516401441752,-0.32310818161539373,0.46229448301059556,-0.4868103763244428,-0.6674226224195801,-0.6395170925625256,0.854522147550056,-0.2713923182663485,-0.04181846057991962,0.20862830596242257,0.34909939448819166,0.32047767378552167,0.100326445279215,-0.07626564695780134,-0.22657766386723288,1,69,"PF00085"
"PDI_YEAST/377-483","2B5E","A",1.0,49,676,0.14407502131287298,0.6695510855984346,0.6825759093802305,0.7826475164431034,0.7883819750583465,0.8365767698437021,-0.20080794318416956,0.2798991474585098,0.3448126654209319,-0.38740674083014753,0.46335403726708074,-0.47972232371209356,-0.6365864042668008,-0.569298138777206,0.8173161142283571,-0.4072805745252553,-0.2889513766597466,-0.037663133105752304,0.07830434089931168,0.44410856520926256,0.28618998134325757,0.13777284618003527,-0.005839924477292931,1,69,"PF00085"
"Q8T9N5_SCHMA/5-106","2XC2","A",0.3333333333333333,14,708,0.15089514066496162,0.6746534159235813,0.6918365552605903,0.7831878360901232,0.7900117418827853,0.8370842125564405,-0.3677898410380132,0.45683851015855453,0.265776622028186,-0.2950105869236321,0.4833028863719401,-0.5053708439897698,-0.7118772636779526,-0.7165044564859482,0.8559075604495258,-0.2883752809300975,0.05207809232330848,0.16018705277257464,0.36826540260887336,0.3391347338181585,0.00347402931501358,-0.038607977272269695,-0.26373437383045645,1,69,"PF00085"
"Q8T9N5_SCHMA/5-106","2XBI","A",1.0,50,708,0.15089514066496162,0.6790622943752411,0.6963943343997459,0.7787789576384635,0.7857517641186214,0.828931545390602,-0.3264391393722133,0.4155411799922491,0.2579508094327909,-0.2863884917204896,0.4670076726342711,-0.4929850200949945,-0.7243611684163938,-0.7315720320799621,0.850844481308798,-0.3061544157839537,0.02839764899127661,0.09743218565697155,0.31540876510724924,0.35378926223534135,0.029696760791495667,0.019426914216130273,-0.20909553614782203,1,69,"PF00085"
"Q8T9N5_SCHMA/5-106","2XBQ","B",0.3333333333333333,14,708,0.15089514066496162,0.6752291652485649,0.6918053570213056,0.7828262201347764,0.789482789916729,0.8363014203707485,-0.4049637663315846,0.4874817861883388,0.2735110964323892,-0.30527049040946386,0.45827548410668617,-0.4896236755571794,-0.7352187314409083,-0.736571414451306,0.8613615718249786,-0.22171341746318324,0.09109213887315551,0.21572987307500213,0.4077608864410451,0.25903252049804654,-0.040059704428997686,-0.11292169144840218,-0.3128079965122192,1,69,"PF00085"
"Q8T9N5_SCHMA/5-106","2XBQ","A",0.3333333333333333,14,714,0.15217391304347827,0.6717281180949002,0.6884503424295811,0.7841574035345662,0.7909989536287114,0.836147832687625,-0.39792726191744815,0.4771836977315986,0.28241944881008474,-0.308594463787237,0.47475337961271463,-0.506028498355864,-0.7376551484584537,-0.7380535835693307,0.8619280613231095,-0.25959697398470155,0.07351634176709353,0.17843016120176614,0.3886263488519585,0.2925647339566492,-0.018209743572719428,-0.08030973971360858,-0.29274552051559644,1,69,"PF00085"
"TRX3_YEAST/27-127","2OE1","A",0.25,17,742,0.15814151747655583,0.662906274523184,0.6756354703333447,0.7757535228086936,0.7814596199119724,0.8257545463850694,-0.5076836074310217,0.575383282263009,0.3105089201015886,-0.34503430648021677,0.4637559371574717,-0.49470222871757397,-0.8200157374993507,-0.7685690799827516,0.865366825410691,-0.0488751724546132,0.1857363965716759,0.34121357931399005,0.5165887538826136,0.09622329605097688,-0.1445625607003013,-0.2512388939977793,-0.4423891432318604,1,69,"PF00085"
"TRX3_YEAST/27-127","2OE3","A",1.0,51,726,0.1547314578005115,0.6611486894804183,0.676487054564348,0.7720014058894543,0.7786821592350406,0.8234941909814693,-0.5071078911553445,0.5699459280408427,0.285967944395094,-0.32523709544186513,0.4710997442455243,-0.5003288271830472,-0.80605907507033,-0.7561563822942934,0.8659515399671075,-0.08414293588858268,0.19663544702680957,0.3252166105463157,0.5236083182861345,0.12221478397055627,-0.17284310653125984,-0.2439894210877353,-0.46386308571563406,1,69,"PF00085"
"TRX3_YEAST/27-127","2OE3","B",1.0,52,710,0.15132139812446718,0.6685960059705294,0.6840840118561697,0.7835244515814122,0.7899873373844271,0.8370639709679473,-0.4262720397798311,0.48961359480797584,0.2962417185473357,-0.3377517821170205,0.46251370113262696,-0.4893313847278042,-0.7707499803785245,-0.7730011654925902,0.8779497358788763,-0.2015347173232996,0.07361327174827835,0.20239746580004367,0.38271965578885586,0.23243543366646593,-0.05796875469546712,-0.12354461210818302,-0.3255779882054508,1,69,"PF00085"
"TRX3_YEAST/27-127","2OE1","B",0.25,17,748,0.15942028985507245,0.6635002332114848,0.6763688971808528,0.7796314173834756,0.7854006898721133,0.8293285136293131,-0.5218606733341719,0.5915809523469927,0.2972673976455559,-0.3303946671758064,0.46616733649981734,-0.49020825721592987,-0.829024544079335,-0.7732941198613175,0.865132088588183,0.0005031958589750433,0.24857571130276443,0.37993759020511947,0.5616068943640365,0.07029404099784659,-0.19650926662581186,-0.27367584996484806,-0.48231388641608114,1,69,"PF00085"
"TRX3_YEAST/27-127","2OE0","B",0.25,17,748,0.15942028985507245,0.6635002332114848,0.6763688971808528,0.7796314173834756,0.7854006898721133,0.8293285136293131,-0.49936054672089236,0.5664486459291141,0.2871307459458164,-0.32012755227058726,0.46335403726708074,-0.4884545122396785,-0.8151423295953217,-0.7613146520148553,0.8542587819246661,-0.055970020681258205,0.2079577473220013,0.3329438175170969,0.5253968434747235,0.11218905852181621,-0.16562337431827245,-0.23700574210294126,-0.4520571400030504,1,69,"PF00085"
"TRX3_YEAST/27-127","2OE0","A",0.25,17,744,0.1585677749360614,0.6580438169319432,0.6709113638592018,0.7758317808935516,0.7815499340893988,0.8250849756512076,-0.4950618224137592,0.5669648331987642,0.3031192828210999,-0.33809599185875483,0.46689806357325536,-0.4965290464011692,-0.7954099261680484,-0.7535022108031658,0.8649601116252301,-0.0912566477033793,0.16454756756541006,0.3269842523514949,0.504596536371388,0.13885745748732578,-0.12238734344250798,-0.23077725340432675,-0.42562600092034475,1,69,"PF00085"
"THIO2_DROME/11-113","1XWC","A",1.0,53,710,0.15132139812446718,0.6745325797072743,0.6906827201278996,0.7795855999886815,0.7864120938589851,0.834552670114105,-0.3522294693914335,0.4349177636951461,0.32972229853971324,-0.37216035404410375,0.4444647424187066,-0.46766532700036534,-0.7356224095582494,-0.7378940544754875,0.8696418767340898,-0.24219191235716134,-0.08430732486277111,0.15180393085158866,0.2558965083272846,0.29237006732707777,0.11052443611399534,-0.04164639372068808,-0.1709570236769554,1,69,"PF00085"
"THIO2_DROME/11-113","1XWA","A",1.0,54,722,0.15387894288150042,0.6716677016683296,0.6875750957667269,0.7811704124423481,0.787476712462583,0.8409707152675537,-0.37635495632277916,0.47167749625591626,0.31503022463596164,-0.3462479532702114,0.46273291925465837,-0.4895871392035075,-0.7787385409993046,-0.7549292419915814,0.863653916082276,-0.22103864504761772,0.01700790982717609,0.16529053038630095,0.3417930698461638,0.29188584203164886,0.05087137899761801,-0.028782155238791737,-0.22256809873887562,1,69,"PF00085"
"THIO2_DROME/11-113","1XWA","B",0.14285714285714285,22,720,0.1534526854219949,0.6752195927044871,0.6914121069710194,0.7808282980866063,0.7874538435716684,0.8380818507329081,-0.37411813337949135,0.46561878687263836,0.3153295583795116,-0.34772217136617717,0.4615637559371575,-0.4834490317866277,-0.7687444036385893,-0.7647367380941423,0.8614313347447713,-0.22174501048958067,0.014649460786417436,0.16784866239802088,0.33056037007377453,0.2933045779635835,0.04891241032240391,-0.03400620033270835,-0.2174661916070572,1,69,"PF00085"
"THIO2_DROME/11-113","1XWB","B",1.0,55,718,0.15302642796248933,0.674672277884242,0.6913250894042473,0.7805905516778279,0.7874106483227328,0.8368069330873519,-0.3609705486809106,0.4405910277887594,0.3125874086776466,-0.3520245532066747,0.4473145780051151,-0.4795761782974059,-0.7601516143159898,-0.7506734182442802,0.8631336063626955,-0.2480107738039251,-0.035887496626245165,0.13336867252647783,0.2851553078987901,0.28537938297027465,0.06754496546741219,-0.03604030533265795,-0.20128464470355872,1,69,"PF00085"
"THIO2_DROME/11-113","1XW9","C",0.14285714285714285,22,712,0.1517476555839727,0.6740556716165095,0.6906682287843713,0.7781421150697306,0.7848116989441589,0.832773417650048,-0.34669175923417045,0.4302587968994895,0.3283739973656695,-0.3612772401673204,0.46002922908293753,-0.4812933869199854,-0.7301975938718428,-0.727620690778919,0.8744324837948457,-0.2709630706318345,-0.07785707776642091,0.13160779451767382,0.2616847371302981,0.32280900074953633,0.1182931374430185,-0.01776899574375909,-0.16631161180407544,1,69,"PF00085"
"THIO2_DROME/11-113","1XWA","C",0.14285714285714285,22,716,0.1526001705029838,0.6740920382630982,0.6905904701954746,0.77899520025179,0.785705855243191,0.8338508705866484,-0.3836735671052576,0.4633322038764802,0.3160208931612001,-0.3507806301651528,0.46974789915966386,-0.4935330654000731,-0.7621206212220846,-0.7531024634617653,0.8586935661865953,-0.24473859031406905,-0.003162831638112936,0.15486015116885854,0.32325746027975616,0.29661564502906373,0.04456463839079407,-0.04491074096069469,-0.2333874528668127,1,69,"PF00085"
"THIO2_DROME/11-113","1XW9","D",0.14285714285714285,22,720,0.1534526854219949,0.6786057961284546,0.6947241803737272,0.7842606579389056,0.7908106747230614,0.8389979859013091,-0.3824201153085303,0.46531343445977974,0.3331293298439515,-0.3672762749860761,0.46017537449762513,-0.47983193277310926,-0.7466793403291299,-0.7402164387804373,0.8756944758756205,-0.22485624765399786,-0.03838332467264306,0.1833990682977648,0.3093320660700083,0.28412588352292667,0.08057109270243422,-0.06572756226598991,-0.21425879942861376,1,69,"PF00085"
"THIO2_DROME/11-113","1XWB","A",0.14285714285714285,22,714,0.15217391304347827,0.67591501155515,0.6927428588328242,0.7839884068257771,0.7906637768229463,0.838256066629769,-0.37562038025243466,0.45966429793616675,0.33119971455749037,-0.3709809923994686,0.4555717939349653,-0.48059919620021924,-0.7567059913416323,-0.7650133835095021,0.8622203304591701,-0.22867641267133354,-0.033799874737425746,0.16743635426054237,0.29404995725604105,0.28278982240324146,0.07346014903981368,-0.05307206225749678,-0.2011763638293311,1,69,"PF00085"
"THIO2_DROME/11-113","1XWA","D",0.14285714285714285,22,710,0.15132139812446718,0.6724726055984325,0.6879988115533987,0.7837635557190455,0.7903424565474212,0.8372592157667249,-0.39545240519520314,0.47969738488296326,0.31670916173515573,-0.3506775637995073,0.46229448301059556,-0.48491048593350383,-0.7642183989466809,-0.7661794316444779,0.8652339181722651,-0.20907459437961803,0.02989506384122066,0.1934555606510671,0.3506302941599279,0.27023394940289813,0.023247443903494685,-0.07371636227113933,-0.2506723962238902,1,69,"PF00085"
"THIO2_DROME/11-113","1XWB","D",0.5,18,732,0.15601023017902813,0.6756747805928134,0.691999227245129,0.7824101672462328,0.7890061820389689,0.836140089418778,-0.39082797910255757,0.47046681106167476,0.30941295602930796,-0.3473603455772017,0.4571063207891852,-0.48509316770186334,-0.7880168288780032,-0.7592337790524265,0.8751856743151819,-0.21050071993748218,0.01712356566058771,0.16383876766263764,0.3387540238217122,0.26315641821481706,0.021171955624864396,-0.05592073259096476,-0.251924415509312,1,69,"PF00085"
"THIO2_DROME/11-113","1XWB","C",0.5,18,722,0.15387894288150042,0.6760077311135454,0.6920602580294033,0.7819365462575968,0.7887982584061904,0.8368651311428511,-0.35969778076310666,0.4346340570602619,0.31658181227160886,-0.3595949497254142,0.45926196565582755,-0.4891487029594446,-0.7496185805448661,-0.74871750449375,0.8669926957525523,-0.27401958108772634,-0.05724734559042141,0.11772226228574496,0.2673990434530809,0.30705137574216496,0.07642386632024291,-0.026238194860452566,-0.19508377464249907,1,69,"PF00085"
"THIO2_DROME/11-113","1XW9","A",0.14285714285714285,22,702,0.149616368286445,0.6756035387614334,0.6912737684667509,0.7828060178937372,0.7895836457239965,0.8380752450927889,-0.388360523583121,0.474076116701048,0.32188764113380175,-0.36102625204438904,0.45308732188527584,-0.47672634271099745,-0.7476862832642197,-0.7207631296326749,0.8665544502591286,-0.20911375750811928,-0.031670581121203384,0.2015197483780213,0.3308349171853572,0.2659058148561355,0.06570685739069262,-0.08377537980944834,-0.23824232160363895,1,69,"PF00085"
"THIOM_HUMAN/61-164","1W4V","F",0.3333333333333333,2,746,0.15899403239556692,0.6699572920757301,0.6829408815252559,0.7758085358777818,0.7813294489006412,0.8230576590948311,-0.38529419336619275,0.4950539797318186,0.294765877677916,-0.3380540700052668,0.4366824990865912,-0.47289002557544757,-0.6937418918753313,-0.6553337100102726,0.8144803287559919,-0.206863978656454,-0.020766114363512257,0.2631408102634469,0.38476190681862127,0.25486487743497527,0.06064309181886668,-0.12709697517963398,-0.26618130797913264,1,69,"PF00085"
"THIOM_HUMAN/61-164","1UVZ","F",0.3333333333333333,2,744,0.1585677749360614,0.6710802257301913,0.6828978331208941,0.7783347495941868,0.783622577376867,0.8264549356690744,-0.387512373845568,0.49062709745050065,0.2962762022442562,-0.3374307555872354,0.4309097552064304,-0.4652904640116916,-0.6988683608357016,-0.6655679494652621,0.8188109933119134,-0.19640147154660176,-0.016737641131293918,0.26132966397018326,0.37867536995169854,0.24279403751825784,0.05575460653532878,-0.1338054712699577,-0.266993318106658,1,69,"PF00085"
"THIOM_HUMAN/61-164","1UVZ","C",0.3333333333333333,12,744,0.1585677749360614,0.6739427068013204,0.6874394003769433,0.7741690361800176,0.7797605429726225,0.8225629419006221,-0.3813387685716536,0.48454521646843907,0.29930611938453544,-0.34620015483225614,0.44318597004019,-0.47278041651443187,-0.6915984642698786,-0.6698721876899962,0.8319118940620214,-0.21789106513926218,-0.033282546054685114,0.24757377265681266,0.36268888070448874,0.2687611247198622,0.06389817477210324,-0.11557513224440835,-0.25526809711760146,1,69,"PF00085"
"THIOM_HUMAN/61-164","1W89","E",0.16666666666666666,20,732,0.15601023017902813,0.668624772313297,0.6812372357454325,0.7842647789369102,0.7897237401335762,0.8287851189490534,-0.4019874478186399,0.5082888028696751,0.2923954011314654,-0.3323398282329304,0.44154183412495435,-0.47478991596638653,-0.7493422198743896,-0.7157001506080843,0.8564641173568688,-0.16467425782442552,0.05227708615572926,0.2616886891965336,0.4105496227683156,0.2314200434866719,0.007338500295730009,-0.11970548075545308,-0.288552463440153,1,69,"PF00085"
"THIOM_HUMAN/61-164","1W4V","C",0.3333333333333333,12,744,0.1585677749360614,0.6707561198810341,0.6826636053643603,0.7752897887592465,0.7803284091032889,0.8246383087666547,-0.3847343361662255,0.4894192253929793,0.2912858310324184,-0.33996151530629837,0.44786262331019366,-0.48016075995615637,-0.6982770972977008,-0.6719756405468323,0.8239928124018034,-0.22172771980455286,-0.01716234916013219,0.24547143360916043,0.3747118073691225,0.2712331472516533,0.04791573572648185,-0.11249925285402879,-0.2667724337403172,1,69,"PF00085"
"THIOM_HUMAN/61-164","1W89","C",0.3333333333333333,12,722,0.15387894288150042,0.6733144009433634,0.6882477305553424,0.7783542775804685,0.7842726264155683,0.8258545741258888,-0.37679364107031416,0.482736007600029,0.29494749165003037,-0.3354817458645182,0.44201680672268906,-0.47066130800146144,-0.6899597152168987,-0.6549434496426539,0.8395545418471203,-0.21705049179240904,-0.029188650567053942,0.24739050441389718,0.3694625578080295,0.2715061410178948,0.06881454296810101,-0.11061182044773167,-0.2542996588973653,1,69,"PF00085"
"THIOM_HUMAN/61-164","1UVZ","E",0.16666666666666666,20,752,0.16027280477408354,0.6689990819742953,0.6821457500810022,0.7769265039421104,0.7821133491737768,0.8236135111783129,-0.4065693683092558,0.5059680206882393,0.2877634891257794,-0.330187108406306,0.461381074168798,-0.49009864815491416,-0.7360398922392263,-0.7145356903949575,0.8564485382652568,-0.20155352589304018,0.05194396385958706,0.24613551535190695,0.4089233051771763,0.26214905162963537,-0.004294390519617445,-0.11151618062460762,-0.29992534854128217,1,69,"PF00085"
"THIOM_HUMAN/61-164","1UVZ","D",0.16666666666666666,20,734,0.15643648763853368,0.6729529267113961,0.6860358009783929,0.780803339698992,0.7864043850071527,0.8292823970491248,-0.400924968438094,0.5057715818675144,0.2940182771472466,-0.34004091418578025,0.4812933869199854,-0.5094263792473511,-0.7287534223879991,-0.6907737435250589,0.8473504352958771,-0.238421313767427,0.014961953934375539,0.22829555407219151,0.3983628877246902,0.3014643977351117,0.02576916627507907,-0.08360017527968094,-0.286241770473364,1,69,"PF00085"
"THIOM_HUMAN/61-164","1UVZ","B",0.25,10,740,0.1577152600170503,0.6708967064230222,0.6833830287777656,0.7809278914542073,0.7861978881715724,0.8249617025932815,-0.38284697882799423,0.48291008843284683,0.28558641731253714,-0.3317212957143511,0.446583850931677,-0.4784800876872488,-0.7226008187306024,-0.6969785774603182,0.8399729584881999,-0.2139839484892081,0.0077343739014177695,0.22596403978989943,0.37207950026419884,0.26611103988102763,0.028304096380806346,-0.09724287301775349,-0.26745065680529373,1,69,"PF00085"
"THIOM_HUMAN/61-164","1W4V","D",0.5,25,748,0.15942028985507245,0.6714443383844411,0.683913017539673,0.7819296352138495,0.7870209673395451,0.8312958965625712,-0.38378839665620007,0.4943671540991749,0.2908853562947392,-0.3334829414815128,0.44811837778589697,-0.4790646693459993,-0.7121228084352748,-0.6753280049424936,0.8179504539019764,-0.20813066406327424,0.000588127602823132,0.24862377779545772,0.38710931845614954,0.2696529126504393,0.046549895438506524,-0.10304512576812401,-0.26550246643676784,1,69,"PF00085"
"THIOM_HUMAN/61-164","1W4V","A",0.16666666666666666,20,748,0.15942028985507245,0.6749384430150449,0.6868823963293598,0.78110254797106,0.786073206712152,0.827911618270764,-0.3988994930310018,0.49974877360479436,0.2959320866298717,-0.33569807504084237,0.46010230179028133,-0.4894775301424918,-0.7226922339595491,-0.704558970212743,0.8412106330063264,-0.21432970354818465,0.026687983340466445,0.24225061719998645,0.3937826132254667,0.2710964980772038,0.022872185398499157,-0.10818116817925037,-0.2808809638471825,1,69,"PF00085"
"THIOM_HUMAN/61-164","1W89","A",0.16666666666666666,20,736,0.1568627450980392,0.6741809359475974,0.6867512748933926,0.783394513562228,0.7889831626148502,0.8285474458170308,-0.4124383994419899,0.5111294085179412,0.2923650692462632,-0.33754826307373936,0.44070149799050057,-0.4742053343076361,-0.7397983427840219,-0.7157901827286464,0.8408535686590415,-0.16612977490101072,0.04717248687305042,0.27063092209889017,0.4100157600772071,0.2211976433641455,-0.004486779349411857,-0.14306765133780022,-0.30423061897261827,1,69,"PF00085"
"THIOM_HUMAN/61-164","1W89","B",0.25,10,728,0.15515771526001704,0.6747943025692773,0.6873870327452568,0.78484797241104,0.7904256439826571,0.8300237854980539,-0.4127967639567244,0.5063813507681172,0.289108811841049,-0.33331835240917596,0.44592619656558274,-0.47749360613810743,-0.7455480602106446,-0.7129131213680174,0.8472428295885985,-0.17394132875255836,0.04578751274107893,0.25682226020905174,0.4064947506616987,0.22761427369709505,-0.008109097571726133,-0.13467651161351615,-0.30788823572164264,1,69,"PF00085"
"THIOM_HUMAN/61-164","1W89","D",0.5,25,732,0.15601023017902813,0.6748371695093006,0.6884473146768229,0.7836672738312083,0.7893152839874151,0.8250524369376828,-0.3901164927943976,0.4928287646342573,0.2962964276731784,-0.34052878132298203,0.4394957983193277,-0.4671538180489587,-0.723355470869357,-0.6959191217408512,0.8393724522284363,-0.1841931034431785,0.003905191962642533,0.2537427315515385,0.3789216094886242,0.24742250938802496,0.037516847722433765,-0.11641876065376977,-0.2681516104274523,1,69,"PF00085"
"THIOM_HUMAN/61-164","1W4V","E",0.16666666666666666,20,736,0.1568627450980392,0.669324526311162,0.68173275596782,0.7778196025849562,0.7829933617619906,0.8254426407877962,-0.40177718688268294,0.5049090175709435,0.307323913955013,-0.3492599848130733,0.4710632078918524,-0.5029229082937523,-0.7286325084648001,-0.7168508066232315,0.8509200038434237,-0.22840294291122804,0.02107657926095113,0.23389631495864932,0.3896130073171835,0.28430686918630643,0.030243263821129424,-0.09690443180577364,-0.27351332138333895,1,69,"PF00085"
"THIOM_HUMAN/61-164","1UVZ","A",0.25,10,732,0.15601023017902813,0.6729880774962742,0.686661698956781,0.7787851189490533,0.7845131644311972,0.8262943644091185,-0.38782737789945276,0.4908651713110116,0.2898811941988494,-0.3340070661141802,0.45009134088417974,-0.4824990865911582,-0.7153573463424076,-0.6967514017396782,0.8480469581738355,-0.21576648801512852,0.012807347332717482,0.23806583956259414,0.38180516865695474,0.26807119503943216,0.02973807478859285,-0.10553430241791177,-0.27071913278768023,1,69,"PF00085"
"THIOM_HUMAN/61-164","1W4V","B",0.25,10,740,0.1577152600170503,0.6727910602910603,0.685838166101324,0.7739919575445892,0.7793358135463399,0.820624521282416,-0.3899707103822151,0.4925888061452226,0.2830497304231092,-0.3292798453287572,0.4431494336865181,-0.47701863354037266,-0.716662395396402,-0.692300653192047,0.8387254707407598,-0.20430202605523104,0.018694122952006023,0.24590186080586302,0.3883784381432461,0.25486013263149815,0.019673735843787343,-0.11577428111693534,-0.2803286206501268,1,69,"PF00085"
"THIOM_HUMAN/61-164","1W89","F",0.3333333333333333,2,730,0.1555839727195226,0.670506800910015,0.6834696742339901,0.7803392502748716,0.7858574263724561,0.8262714970300042,-0.38212264911267263,0.48738006973189063,0.29160400912977413,-0.33376340454118536,0.42710997442455245,-0.46006576543660943,-0.7006922681623955,-0.6740316819333659,0.8349389332475105,-0.19031197920020235,-0.00814507305022022,0.2604931936313749,0.37684443686200403,0.24170294037455387,0.04986678554579097,-0.12842698440221464,-0.26262792251398326,1,69,"PF00085"
"TXND5_HUMAN/63-167","3WGD","E",0.1111111111111111,19,722,0.15387894288150042,0.6808654939748948,0.6964254066161029,0.7903905328746763,0.7962837625682927,0.8335410314198595,-0.42931436222360647,0.50441878637112,0.3418561764635774,-0.38335369756329163,0.4438801607599562,-0.4719035440263062,-0.820317974139793,-0.7359855643355382,0.8497390151321814,-0.11769444837869757,-0.020714321682119195,0.23265090279862266,0.35548476722233624,0.17754516593016512,0.04233821434385483,-0.12720822085692712,-0.27933109682642404,1,69,"PF00085"
"TXND5_HUMAN/63-167","3WGD","D",0.1111111111111111,19,728,0.15515771526001704,0.6767930606225259,0.6921288852419025,0.7887262838070104,0.7948376043734268,0.8374449717789778,-0.4385741398348207,0.5154951536434715,0.35652843625838476,-0.3946449530163222,0.45944464742418706,-0.48805261234928754,-0.8255567009834301,-0.746887248158839,0.859633535327763,-0.12921255253196495,-0.01689776033435488,0.22856767773457662,0.36128873478061246,0.19200762729094722,0.04846651812843431,-0.11826169008318178,-0.27732270865594416,1,69,"PF00085"
"TXND5_HUMAN/63-167","3WGD","B",0.1111111111111111,19,726,0.1547314578005115,0.674881117598763,0.6912211094579408,0.7887401035523715,0.794674846387128,0.8368279132960745,-0.4251500571199117,0.5067648268362309,0.3424628454676385,-0.3799920181725568,0.4367921081476069,-0.4671172816952868,-0.8027463472075327,-0.7204279838661322,0.8623845421808043,-0.11732380673375858,-0.024928793804240956,0.2499471788051914,0.36321911908193044,0.1769441617308486,0.05762488204395504,-0.13891302013533988,-0.2738369661543811,1,69,"PF00085"
"TXND5_HUMAN/63-167","3WGD","C",0.1111111111111111,19,734,0.15643648763853368,0.6717757158612294,0.6874195400478871,0.7820342478861837,0.7881722665645958,0.8287302782761228,-0.4493973821865991,0.5229780020037226,0.35376854207229386,-0.3909996364411138,0.45224698575082206,-0.48107416879795395,-0.8202064222933098,-0.7549076345991362,0.8473914111253023,-0.10689968255098174,0.006798717269012331,0.25601734720086217,0.37740471031257555,0.16368059114548028,0.024774959954961043,-0.15377883563845737,-0.29724277440126246,1,69,"PF00085"
"TXND5_HUMAN/63-167","3WGD","F",0.1111111111111111,19,742,0.15814151747655583,0.6706690777576854,0.6861783070046743,0.784366576819407,0.7904971169265413,0.8307086560442185,-0.41835581660006904,0.503216270454918,0.34171660410192134,-0.3799432113155924,0.4505663134819145,-0.47979539641943736,-0.799495987848529,-0.7464118376518915,0.8542640748907745,-0.14925738893535612,-0.00754084731788108,0.2269788229263225,0.3567730132008656,0.21278742497544176,0.048723560716865885,-0.10840163734740225,-0.2610939949452987,1,69,"PF00085"
"TXND5_HUMAN/63-167","3WGD","G",0.1111111111111111,19,736,0.1568627450980392,0.6721202246450081,0.6877211830131446,0.7854607200949575,0.7917747395260913,0.8302798171187409,-0.45602753125814166,0.5322940785465444,0.35991276982667675,-0.39763759678290245,0.4535988308366825,-0.4817318231640482,-0.8144784758944807,-0.7459547642759546,0.867287005758542,-0.0981124555679316,-0.0010115059557036959,0.27522490500847674,0.38566853450350563,0.15914363976475987,0.033299122674939986,-0.16744480496964093,-0.30183344462049594,1,69,"PF00085"
"TXND5_HUMAN/63-167","3WGD","I",0.1111111111111111,19,720,0.1534526854219949,0.6706319234642497,0.6865447018014994,0.7875433590690388,0.7933408862034239,0.8359530603110663,-0.4136696401676332,0.4901336306590698,0.3595554562198064,-0.39632838112740093,0.44512239678480087,-0.4742784070149799,-0.80467245073704,-0.7156306159964241,0.85817510633432,-0.1543561036977508,-0.07485497210910676,0.20756808049360245,0.3220262791604033,0.20767062985864929,0.09988895460516198,-0.1043753192289781,-0.23990273380889704,1,69,"PF00085"
"TXND5_HUMAN/63-167","3WGD","A",0.1111111111111111,19,732,0.15601023017902813,0.6742106860959319,0.6900093834520065,0.785726113594966,0.791852955787382,0.8327841254070762,-0.4214417663074125,0.49964368406173015,0.35335243381911224,-0.3896040267498788,0.4546218487394958,-0.482572159298502,-0.8140973262197604,-0.7471000266772311,0.8542718967832421,-0.15070932170638285,-0.028343855100484188,0.20994044248436244,0.3406969568364565,0.21177258840391827,0.06385774154468489,-0.09924745253664874,-0.25320719977000616,1,69,"PF00085"
"TXND5_HUMAN/63-167","3WGD","H",0.1111111111111111,19,724,0.15430520034100598,0.6805646832115486,0.6962996792015683,0.7896834900196044,0.7955815028515416,0.8334758175904473,-0.41923667079342863,0.49316048654580086,0.3406615838790689,-0.37916113472549,0.44607234198027035,-0.47478991596638653,-0.8217696660373719,-0.7336269131112979,0.8424908837004955,-0.14025509528631583,-0.029374572480146684,0.20536980940975208,0.3419115844449492,0.1963100757367512,0.053648232504865355,-0.10327313161245336,-0.26501276134017004,1,69,"PF00085"
"THIO_MYCTU/8-111","2I1U","A",1.0,56,730,0.1555839727195226,0.6647244715205409,0.6786941699570579,0.7780987877991605,0.7839447352589325,0.8331256526038462,-0.42612947071054696,0.5225526608370233,0.30536247598649086,-0.3486407566971676,0.43065400073072707,-0.46627694556083304,-0.749805875846117,-0.7599305374591926,0.8553588176638484,-0.131996778491169,0.08744699331063516,0.2954504113536641,0.42285152433947054,0.18567309623757472,-0.031403476962046685,-0.17285650915809325,-0.3135516836559572,1,69,"PF00085"
"PDI_YEAST/33-138","2B5E","A",1.0,57,700,0.14919011082693948,0.6687460635556828,0.6845104494703693,0.7813598625823075,0.786753507014028,0.8345032922988835,-0.45294905233156674,0.5167627206925052,0.36187206753244433,-0.3937433017526536,0.49861161856046765,-0.5141761052246986,-0.7339486097444329,-0.656561429582081,0.8405809328434513,-0.2319894582717898,-0.084330567122532,0.23926768751802274,0.3724652143045771,0.27441852369882996,0.09589128280249781,-0.14775952446765908,-0.3062741100248632,1,69,"PF00085"
"TRX2_YEAST/2-103","2FA4","B",0.5,13,746,0.15899403239556692,0.6654065813414065,0.6777786987603424,0.7887839723668995,0.7945562683356683,0.8355493532664157,-0.407996954474493,0.4828676667598106,0.2963506725617133,-0.3328915664014013,0.4722323712093533,-0.5057727438801608,-0.7176404372576074,-0.666993130573081,0.8622041537428669,-0.26112765851896197,-0.016587005611848803,0.19958400973144239,0.3712534889032199,0.2822165111361672,0.03560483377422772,-0.1125707816048476,-0.295579776934337,1,69,"PF00085"
"TRX2_YEAST/2-103","2FA4","A",0.5,13,746,0.15899403239556692,0.6644717085479713,0.6762812716987644,0.7867144792500363,0.7925044399663554,0.8372071218826816,-0.4399985430324614,0.5239896277563308,0.30636863478783866,-0.3402409237035498,0.48381439532334675,-0.5125319693094629,-0.7235072795258881,-0.6895262269911673,0.8645481085559749,-0.2269231020363049,0.03414600065496936,0.25840276853197375,0.42490940513630965,0.2669323109073591,0.004578979239382066,-0.1488968942916032,-0.3317933490462664,1,69,"PF00085"
"TXND5_HUMAN/190-293","3WGE","A",1.0,58,746,0.15899403239556692,0.6731953761843874,0.685957476876166,0.7895204564570767,0.795439505713187,0.837728911348785,-0.37431555266110755,0.48479780475597983,0.3586308816201075,-0.3961879720080937,0.45264888564121303,-0.4729996346364633,-0.7104990914804987,-0.706695752097919,0.8191580094462952,-0.2088658089616894,-0.08659059236511331,0.23988949683307845,0.3152814450333101,0.2861095966213315,0.14343278235668097,-0.08400100558548242,-0.18301470472424627,1,69,"PF00085"
"PDIA4_HUMAN/63-167","3IDV","A",1.0,59,706,0.1504688832054561,0.6752443751430289,0.6950033331959308,0.788091180320925,0.7953147631440921,0.8395517455570417,-0.3240630858691755,0.42158350815751994,0.33262949369308736,-0.3721259318425607,0.419693094629156,-0.4391304347826087,-0.6632558156684144,-0.6572963925274912,0.8301566166602258,-0.23504944212510204,-0.13904387880344032,0.19383228512471576,0.2530156536793844,0.28920141885836936,0.1677843521786278,-0.06727487762991621,-0.1483384960902673,1,69,"PF00085"
"Q980E5_SULSO/29-131","3TCO","A",1.0,60,736,0.1568627450980392,0.671655877698158,0.6865328394953181,0.7792305029234625,0.7853480678770827,0.8290475117597925,-0.3864689571607949,0.49032780633773715,0.3048670586883203,-0.33819645872012877,0.45301424917793204,-0.4816222141030325,-0.7373375204808924,-0.690722245210313,0.8817108021587087,-0.20396785244552915,0.0007677626281522668,0.22838875914654735,0.3772578298197975,0.2697366995702919,0.056863600875722196,-0.08708359179736357,-0.25539643709864795,1,69,"PF00085"
"Q980E5_SULSO/29-131","3TCO","B",1.0,61,726,0.1547314578005115,0.6732543423507527,0.6878105772343154,0.7816189678381948,0.787632896146168,0.8307195181077728,-0.38925635584898893,0.49208844234533283,0.28585303199846784,-0.32578501951063626,0.4476068688344903,-0.48103763244428205,-0.7146720382405818,-0.6971353601330699,0.864546736503717,-0.2124378102641751,0.027666162010911877,0.24184663824392413,0.39091470561307906,0.26294907868268647,0.0219394171326521,-0.1108979443717982,-0.276523182721832,1,69,"PF00085"
"Q980E5_SULSO/29-131","3TCO","C",1.0,62,734,0.15643648763853368,0.6715898404638349,0.6857232549398107,0.7805761586577318,0.7864938805688613,0.8359491279690152,-0.41206673711410546,0.5130369743122496,0.28984841758498314,-0.32937652754340474,0.455681402995981,-0.4859335038363171,-0.710226767986222,-0.649756136960299,0.8614969564191302,-0.2011709201334232,0.006088138439296316,0.2729113313780318,0.41662509448393803,0.2541527505649291,0.03191641392421515,-0.14111785280291164,-0.3075358572613667,1,69,"PF00085"
"PDIA1_HUMAN/368-473","4EKZ","A",1.0,63,686,0.14620630861040068,0.6651058397826002,0.6792100479019081,0.7817006269022123,0.7874281871653162,0.8318950146209257,-0.3847770115330203,0.47103210514400745,0.33139527471940866,-0.3765955130280811,0.46949214468396055,-0.48841797588600655,-0.6124093375866718,-0.6133169425427529,0.8199491450144805,-0.2867338779503372,-0.12587920274955358,0.24922003700574227,0.32809053125232934,0.32048590228664964,0.13086622723847902,-0.13933523007489218,-0.243593001552911,1,69,"PF00085"
"PDIA1_HUMAN/368-473","4EL1","A",0.5,9,678,0.1445012787723785,0.6768684236440894,0.6893145377609047,0.788730593365698,0.794401012385853,0.8441781199430313,-0.3675438841988705,0.4719298560835139,0.3441209469103114,-0.39937483892258285,0.47274388016075997,-0.49758860065765437,-0.6223319129131034,-0.646004505091261,0.8335256217920023,-0.29545064993464104,-0.14042866233336557,0.23898616089774646,0.3056978624290622,0.33519386723189804,0.15028200632862557,-0.10632689737721021,-0.20264757563386862,1,69,"PF00085"
"PDIA1_HUMAN/368-473","3UEM","A",1.0,64,684,0.14578005115089515,0.6624193134199438,0.6766671335691191,0.786425686638419,0.7915003326679974,0.8338542213817979,-0.37888063634042024,0.4718329294228277,0.34161292937287174,-0.3930998705585925,0.4855681402995981,-0.5052612349287541,-0.6274234101770442,-0.643529349655266,0.8103159610830819,-0.3047437480169432,-0.13256253283197994,0.2303963850459326,0.3109705472767052,0.34393725379232454,0.13805507255744104,-0.10903728051920725,-0.22108477060309972,1,69,"PF00085"
"PDIA1_HUMAN/368-473","4EL1","B",0.5,9,676,0.14407502131287298,0.6648818925481506,0.6775840425281123,0.7839809401447465,0.7893750442018906,0.8376081472924868,-0.37089215713231344,0.47076882137929466,0.3478048878373748,-0.4034646445394064,0.4887468030690537,-0.5113262696382901,-0.620766541248206,-0.6499664949150412,0.8432736652099128,-0.31674632004780995,-0.14538890898185292,0.22761170296915817,0.29988725379541864,0.355057364070698,0.15123771381886844,-0.0986793672059503,-0.20326648408327538,1,69,"PF00085"
"THIO_HUMAN/2-104","1ERU","A",0.25,23,728,0.15515771526001704,0.6785076679123097,0.6941775429414179,0.7899557556469766,0.7965605282709218,0.841156951020725,-0.4127689710017465,0.5053280671870559,0.29757019044855837,-0.3331110608715697,0.46357325538911215,-0.4907563025210084,-0.7687851786434245,-0.7452349767073573,0.861084135441719,-0.18531832219956534,0.0755595552752877,0.22979499006132773,0.4088979953173036,0.2510662946245494,-0.016530390683240456,-0.0994999396615158,-0.30004794920916866,1,69,"PF00085"
"THIO_HUMAN/2-104","5DQY","A",1.0,65,736,0.1568627450980392,0.6628250428627951,0.6784617202268431,0.781410735481602,0.7873689387611553,0.8287493955246846,-0.38811427569332996,0.4746258578165159,0.27574869849360095,-0.313179572884609,0.45831202046035807,-0.4852758494702229,-0.7764478456379227,-0.7310335477181474,0.848164962263076,-0.21048901815400098,0.05625789931107195,0.1775560207326833,0.37912834792375166,0.2702587628491776,-0.012683169880466263,-0.05759489573157132,-0.28439766682420736,1,69,"PF00085"
"THIO_HUMAN/2-104","1AUC","A",0.25,23,726,0.1547314578005115,0.673243228600126,0.6885704799334287,0.7891763182644767,0.7954250245544428,0.841183114322985,-0.4154890948805903,0.5001372735876718,0.30593232188143066,-0.33979066136140246,0.47014979905005483,-0.4933138472780417,-0.7459277950861605,-0.7456615046117143,0.8473547909617575,-0.2084940443277472,0.05743910617366167,0.22812125715195208,0.3937714962102233,0.26447754949027985,-0.006404849079873126,-0.1102218194737558,-0.2953562154068805,1,69,"PF00085"
"THIO_HUMAN/2-104","1ERT","A",0.25,23,726,0.1547314578005115,0.6786806310943294,0.6946246955874242,0.7882538769624452,0.794855444834815,0.8408024683640142,-0.4239904778392929,0.5066641417946757,0.3057452957002271,-0.33830252388558274,0.4760686883449032,-0.498867373036171,-0.752235272765198,-0.7540363165870485,0.8546455304432169,-0.2072604651488205,0.07724151337694551,0.23009995871385092,0.4070054301631139,0.2633113163842446,-0.023465441871662617,-0.11368757956973763,-0.3093281965967808,1,69,"PF00085"
"THIO_HUMAN/2-104","2IFQ","B",0.25,23,738,0.15728900255754474,0.6749516458239949,0.6901563097573312,0.7889030078970491,0.7951948765820486,0.8383346150102877,-0.4314639016978161,0.5169263810397072,0.3106748210311415,-0.34092300527799274,0.47650712458896605,-0.4937157471684326,-0.7390227536328863,-0.7428414505163008,0.8612320077007034,-0.19368339111107283,0.07515710117188633,0.25955391623808083,0.4189565096073642,0.25939306256254213,-0.016283636921711277,-0.13391349633764116,-0.31536895796278835,1,69,"PF00085"
"DJC10_MOUSE/130-232","3APQ","B",0.5,24,694,0.14791133844842286,0.6665566212501064,0.6822618802196487,0.7858035646065108,0.7918353989674953,0.8405052670427433,-0.378901611688935,0.45401619967013185,0.3469039137150191,-0.3825306969244696,0.45999269272926563,-0.4789550602849836,-0.7712093575366762,-0.6935063035326788,0.8409054749421585,-0.22710822571964867,-0.10541492243722564,0.15146579888623812,0.2835233318867475,0.2847999126459636,0.12618760041100135,-0.042727240918297424,-0.20470518851048095,1,69,"PF00085"
"DJC10_MOUSE/130-232","3APQ","A",0.5,24,686,0.14620630861040068,0.6718682908581735,0.6886215865705815,0.7872331444524175,0.7934803334357065,0.8400009315472855,-0.36617772377273,0.4420130225000396,0.3457348637051138,-0.37838688985800545,0.4606868834490318,-0.4762879064669346,-0.7489009984972959,-0.6621565990891015,0.842425931186502,-0.24437456898795568,-0.1275017369422793,0.14642546964255593,0.2760212067556265,0.3023666971032501,0.14809287701398569,-0.03599094438348378,-0.1951878827877799,1,69,"PF00085"
"THIO2_NOSS1/4-107","1THX","A",1.0,66,750,0.159846547314578,0.669421275156435,0.6808807711821411,0.7808530356840859,0.7867356671740233,0.8304427532555386,-0.3041285311562375,0.4203021927509672,0.2794768110230975,-0.31555190085944496,0.4228717573986116,-0.45896967482645235,-0.6276924734354208,-0.6123011050318056,0.8134905331520202,-0.27627295628755455,-0.08112681624501093,0.19115890706182906,0.3026929321624128,0.3128058238194816,0.12382082855452475,-0.05485294846968958,-0.17520884158776623,1,69,"PF00085"
"Q8IEV4_TRIVA/6-111","2F51","B",1.0,67,732,0.15601023017902813,0.6724844069106364,0.684721532262516,0.7831884417949991,0.7885521885521886,0.8271499144449964,-0.43585858520275644,0.5240976513449448,0.3569765795318654,-0.3916955930061918,0.49006211180124226,-0.5134453781512605,-0.7153797694568221,-0.7432129815446024,0.876773990957819,-0.2327679757317875,-0.0038248362131678934,0.26148933712158995,0.3784708893576645,0.28345586116263727,0.05487054127641726,-0.14001142769820366,-0.2728900736412132,1,69,"PF00085"
"Q8IEV4_TRIVA/6-111","2F51","A",1.0,68,724,0.15430520034100598,0.6680404562466584,0.6810715001782213,0.7779682209053645,0.7834680204063447,0.8243322268757798,-0.42715978142764827,0.5142665872970651,0.3471718907226875,-0.38146295615518183,0.49422725611983925,-0.5192181220314213,-0.720678999442289,-0.7503958607941094,0.8653601829703106,-0.24992409989875608,0.007833282290881148,0.23641823369705978,0.37318425812526856,0.2973374381679712,0.04456278631048028,-0.1177746341644728,-0.2688334099701481,1,69,"PF00085"
