Position1	Position2	Count	ProbContact
5.0	34.0	57	0.954545454545
14.0	53.0	55	0.863636363636
8.0	37.0	54	0.969696969697
10.0	17.0	48	0.984848484848
12.0	39.0	43	0.636363636364
54.0	67.0	38	0.666666666667
8.0	53.0	38	0.772727272727
51.0	67.0	35	0.530303030303
5.0	36.0	35	0.833333333333
58.0	62.0	29	0.424242424242
7.0	36.0	27	0.863636363636
16.0	53.0	27	0.969696969697
16.0	69.0	27	0.560606060606
26.0	30.0	26	0.393939393939
47.0	58.0	24	0.772727272727
58.0	63.0	24	0.818181818182
11.0	41.0	23	0.712121212121
4.0	33.0	22	0.939393939394
27.0	31.0	22	0.787878787879
4.0	59.0	22	0.924242424242
12.0	41.0	20	0.318181818182
20.0	69.0	19	0.621212121212
19.0	69.0	19	0.333333333333
1.0	58.0	19	0.909090909091
2.0	61.0	17	0.469696969697
23.0	27.0	16	0.530303030303
10.0	39.0	16	0.939393939394
10.0	37.0	16	0.954545454545
1.0	5.0	16	0.909090909091
59.0	64.0	15	0.742424242424
1.0	7.0	15	0.636363636364
28.0	35.0	15	0.954545454545
13.0	41.0	14	0.818181818182
17.0	53.0	14	1.0
40.0	44.0	14	0.893939393939
21.0	37.0	13	0.424242424242
2.0	58.0	13	0.257575757576
39.0	43.0	13	0.318181818182
12.0	18.0	12	0.166666666667
49.0	54.0	11	0.984848484848
25.0	29.0	11	0.151515151515
53.0	69.0	11	0.560606060606
38.0	43.0	11	0.969696969697
57.0	64.0	11	0.666666666667
40.0	52.0	10	0.969696969697
25.0	37.0	10	0.181818181818
55.0	66.0	10	0.924242424242
54.0	65.0	9	0.636363636364
20.0	53.0	9	0.954545454545
4.0	57.0	9	0.727272727273
7.0	24.0	9	0.378787878788
56.0	65.0	9	0.969696969697
11.0	39.0	8	0.30303030303
2.0	60.0	8	0.106060606061
24.0	55.0	7	0.833333333333
4.0	60.0	7	0.136363636364
47.0	63.0	7	0.484848484848
15.0	19.0	7	0.106060606061
11.0	52.0	6	0.954545454545
9.0	40.0	6	0.863636363636
47.0	56.0	6	0.863636363636
44.0	49.0	6	0.893939393939
8.0	17.0	6	0.151515151515
14.0	52.0	6	0.984848484848
21.0	25.0	6	0.121212121212
24.0	35.0	6	0.969696969697
31.0	35.0	5	0.530303030303
3.0	60.0	5	0.0606060606061
27.0	35.0	5	0.666666666667
8.0	21.0	5	0.272727272727
9.0	44.0	5	0.712121212121
1.0	36.0	5	0.242424242424
58.0	64.0	5	0.409090909091
25.0	35.0	5	0.106060606061
53.0	68.0	5	0.651515151515
48.0	65.0	5	0.121212121212
11.0	40.0	4	0.621212121212
17.0	52.0	4	1.0
57.0	65.0	4	0.19696969697
16.0	48.0	4	0.0
6.0	24.0	4	0.80303030303
10.0	38.0	4	0.878787878788
7.0	37.0	4	0.257575757576
56.0	63.0	4	0.69696969697
10.0	53.0	3	0.0909090909091
2.0	46.0	3	0.0757575757576
19.0	23.0	3	0.106060606061
5.0	58.0	3	0.833333333333
9.0	57.0	3	0.0
15.0	31.0	3	0.0
28.0	32.0	3	0.0454545454545
18.0	45.0	3	0.0
40.0	49.0	3	0.651515151515
50.0	67.0	3	0.0606060606061
25.0	42.0	3	0.0
16.0	46.0	3	0.0
5.0	33.0	3	0.348484848485
22.0	26.0	3	0.0454545454545
10.0	52.0	3	0.893939393939
15.0	60.0	2	0.0
42.0	58.0	2	0.0
23.0	69.0	2	0.106060606061
23.0	42.0	2	0.0
41.0	60.0	2	0.0
15.0	48.0	2	0.0
42.0	48.0	2	0.0
30.0	65.0	2	0.0
15.0	43.0	2	0.0
15.0	41.0	2	0.0
15.0	29.0	2	0.0
32.0	41.0	2	0.0
28.0	33.0	2	0.121212121212
20.0	24.0	2	0.727272727273
31.0	41.0	2	0.0
22.0	32.0	2	0.0
29.0	45.0	2	0.0
25.0	48.0	2	0.0
34.0	60.0	2	0.0
18.0	46.0	2	0.0
21.0	47.0	2	0.0
32.0	68.0	2	0.0
19.0	60.0	2	0.0
21.0	26.0	2	0.0
14.0	18.0	2	0.030303030303
34.0	48.0	2	0.0
45.0	62.0	2	0.0
8.0	40.0	2	0.0
13.0	18.0	2	0.151515151515
8.0	20.0	2	0.545454545455
8.0	24.0	2	0.954545454545
7.0	47.0	2	0.181818181818
9.0	24.0	2	0.0
6.0	55.0	2	0.893939393939
5.0	57.0	2	0.030303030303
5.0	35.0	2	0.0454545454545
11.0	17.0	2	0.257575757576
7.0	56.0	2	0.530303030303
46.0	61.0	2	0.0151515151515
58.0	65.0	2	0.0151515151515
12.0	65.0	2	0.0
60.0	64.0	2	0.030303030303
45.0	67.0	2	0.0
7.0	58.0	2	0.909090909091
13.0	42.0	2	0.0
13.0	26.0	2	0.0
1.0	61.0	2	0.287878787879
2.0	47.0	2	0.212121212121
13.0	43.0	2	0.0
29.0	41.0	1	0.0
31.0	62.0	1	0.0
50.0	66.0	1	0.0151515151515
31.0	42.0	1	0.0
31.0	48.0	1	0.0
31.0	59.0	1	0.0
60.0	68.0	1	0.0
50.0	64.0	1	0.0
50.0	65.0	1	0.0151515151515
31.0	68.0	1	0.0
50.0	62.0	1	0.0
61.0	66.0	1	0.0
50.0	59.0	1	0.0
61.0	67.0	1	0.0151515151515
50.0	54.0	1	0.0454545454545
31.0	39.0	1	0.0
54.0	68.0	1	0.030303030303
28.0	69.0	1	0.0
57.0	66.0	1	0.30303030303
29.0	65.0	1	0.0
59.0	67.0	1	0.0151515151515
30.0	42.0	1	0.0
30.0	46.0	1	0.0
59.0	63.0	1	0.0151515151515
58.0	68.0	1	0.0151515151515
28.0	51.0	1	0.0
60.0	65.0	1	0.0151515151515
28.0	41.0	1	0.0
28.0	42.0	1	0.0
30.0	48.0	1	0.0
56.0	68.0	1	0.0151515151515
56.0	67.0	1	0.0151515151515
30.0	50.0	1	0.0
30.0	62.0	1	0.0
55.0	67.0	1	0.0151515151515
57.0	63.0	1	0.0151515151515
43.0	47.0	1	0.0151515151515
32.0	42.0	1	0.0
45.0	65.0	1	0.0
46.0	60.0	1	0.0
46.0	58.0	1	0.0
39.0	62.0	1	0.0
39.0	67.0	1	0.0
46.0	51.0	1	0.0
40.0	48.0	1	0.0151515151515
46.0	50.0	1	0.0
41.0	45.0	1	0.0
41.0	46.0	1	0.0
42.0	47.0	1	0.0
49.0	56.0	1	0.560606060606
27.0	52.0	1	0.0
45.0	59.0	1	0.0
42.0	51.0	1	0.0
43.0	67.0	1	0.0
43.0	62.0	1	0.0
42.0	62.0	1	0.0
43.0	61.0	1	0.0
43.0	58.0	1	0.0
42.0	68.0	1	0.0
46.0	62.0	1	0.0
37.0	69.0	1	0.0
46.0	63.0	1	0.0151515151515
36.0	41.0	1	0.0
32.0	45.0	1	0.0
43.0	50.0	1	0.0
32.0	48.0	1	0.0
32.0	58.0	1	0.0
32.0	62.0	1	0.0
48.0	67.0	1	0.0
33.0	45.0	1	0.0
33.0	57.0	1	0.257575757576
48.0	62.0	1	0.0
34.0	58.0	1	0.0
48.0	56.0	1	0.0151515151515
47.0	67.0	1	0.0
47.0	65.0	1	0.0606060606061
34.0	61.0	1	0.0
35.0	40.0	1	0.0151515151515
47.0	61.0	1	0.0151515151515
35.0	55.0	1	0.030303030303
47.0	55.0	1	0.0
35.0	56.0	1	0.0
27.0	58.0	1	0.0
19.0	68.0	1	0.0
27.0	45.0	1	0.0
13.0	40.0	1	0.257575757576
7.0	34.0	1	0.0
7.0	38.0	1	0.757575757576
7.0	50.0	1	0.0
7.0	51.0	1	0.0
7.0	68.0	1	0.0
8.0	47.0	1	0.0
8.0	55.0	1	0.969696969697
9.0	27.0	1	0.0
9.0	38.0	1	0.984848484848
9.0	52.0	1	0.424242424242
9.0	55.0	1	0.0
9.0	56.0	1	0.969696969697
10.0	21.0	1	0.121212121212
10.0	40.0	1	0.0757575757576
10.0	49.0	1	0.0
10.0	57.0	1	0.0
11.0	62.0	1	0.0
12.0	25.0	1	0.0
12.0	34.0	1	0.0
12.0	42.0	1	0.0
12.0	47.0	1	0.0
12.0	50.0	1	0.0
12.0	60.0	1	0.0
12.0	61.0	1	0.0
12.0	67.0	1	0.0
13.0	19.0	1	0.0
13.0	32.0	1	0.0
13.0	34.0	1	0.0
13.0	36.0	1	0.0
7.0	21.0	1	0.0
6.0	35.0	1	0.863636363636
6.0	33.0	1	0.666666666667
3.0	34.0	1	0.030303030303
1.0	31.0	1	0.0
1.0	63.0	1	0.0757575757576
2.0	21.0	1	0.0
2.0	48.0	1	0.0
2.0	62.0	1	0.0151515151515
2.0	64.0	1	0.0909090909091
3.0	12.0	1	0.0
3.0	18.0	1	0.0
3.0	19.0	1	0.0
3.0	23.0	1	0.0
3.0	27.0	1	0.0
3.0	29.0	1	0.0
3.0	30.0	1	0.0
3.0	42.0	1	0.0
6.0	31.0	1	0.0454545454545
3.0	43.0	1	0.0
3.0	46.0	1	0.0
3.0	47.0	1	0.0
3.0	50.0	1	0.0
3.0	58.0	1	0.0
3.0	61.0	1	0.0151515151515
3.0	62.0	1	0.0
3.0	69.0	1	0.0
4.0	51.0	1	0.0
4.0	61.0	1	0.0
5.0	30.0	1	0.0
5.0	39.0	1	0.0
5.0	42.0	1	0.0
13.0	39.0	1	0.0
13.0	46.0	1	0.0
27.0	36.0	1	0.0
13.0	50.0	1	0.0
19.0	46.0	1	0.0
19.0	47.0	1	0.0
19.0	65.0	1	0.0
20.0	55.0	1	0.863636363636
20.0	56.0	1	0.0
21.0	46.0	1	0.0
22.0	29.0	1	0.0
22.0	39.0	1	0.0
22.0	65.0	1	0.0
22.0	66.0	1	0.0
22.0	68.0	1	0.0
23.0	29.0	1	0.0
23.0	30.0	1	0.0
23.0	41.0	1	0.0
23.0	46.0	1	0.0
23.0	47.0	1	0.0
24.0	54.0	1	0.0
25.0	43.0	1	0.0
25.0	46.0	1	0.0
25.0	51.0	1	0.0
25.0	60.0	1	0.0
25.0	62.0	1	0.0
25.0	67.0	1	0.0
25.0	68.0	1	0.0
26.0	36.0	1	0.0
26.0	46.0	1	0.0
26.0	58.0	1	0.0
26.0	60.0	1	0.0
27.0	33.0	1	0.181818181818
19.0	41.0	1	0.0
19.0	30.0	1	0.0
19.0	29.0	1	0.0
16.0	25.0	1	0.0
13.0	58.0	1	0.0
13.0	62.0	1	0.0
14.0	21.0	1	0.0
15.0	22.0	1	0.0
15.0	26.0	1	0.0
15.0	34.0	1	0.0
15.0	45.0	1	0.0
15.0	46.0	1	0.0
15.0	50.0	1	0.0
15.0	63.0	1	0.0
15.0	64.0	1	0.0
15.0	65.0	1	0.0
16.0	23.0	1	0.0
16.0	30.0	1	0.0
18.0	68.0	1	0.0
16.0	39.0	1	0.0
16.0	42.0	1	0.0
16.0	45.0	1	0.0
16.0	50.0	1	0.0
16.0	51.0	1	0.0
16.0	60.0	1	0.0
16.0	66.0	1	0.0
17.0	21.0	1	0.030303030303
18.0	22.0	1	0.0151515151515
18.0	41.0	1	0.0
18.0	42.0	1	0.0
18.0	50.0	1	0.0
18.0	66.0	1	0.0
62.0	69.0	1	0.0
