1.0	1.0	0.0
1.0	2.0	-0.48567694826030194
1.0	3.0	-1.977508378595426
1.0	4.0	0.4433221178066783
1.0	5.0	10.532454791635361
1.0	6.0	1.569167468093506
1.0	7.0	5.415944029387618
1.0	8.0	0.4969535658071758
1.0	9.0	1.027524425670563
1.0	10.0	1.1741132204858011
1.0	11.0	2.1151699096583916
1.0	12.0	-2.938311794923373
1.0	13.0	-0.7414486202843129
1.0	14.0	2.438432218770207
1.0	15.0	-3.210333597564035
1.0	16.0	-0.6812105592026961
1.0	17.0	2.170602567311548
1.0	18.0	-2.4589364247352177
1.0	19.0	-1.9793924115315313
1.0	20.0	1.1139920641513956
1.0	21.0	-1.5513659062718765
1.0	22.0	-1.5875076351096498
1.0	23.0	0.6597086507972083
1.0	24.0	0.9284019838533063
1.0	25.0	-2.219924948142502
1.0	26.0	-1.7138363133893304
1.0	27.0	1.6704815715678138
1.0	28.0	-1.857871624322526
1.0	29.0	-2.9648987283538126
1.0	30.0	-0.9078886102664334
1.0	31.0	1.8493143005349115
1.0	32.0	-2.175018651067523
1.0	33.0	0.9873377104251865
1.0	34.0	0.38710195539632747
1.0	35.0	0.6711256477413992
1.0	36.0	2.233936158466045
1.0	37.0	0.5436402701691831
1.0	38.0	1.0703749056650347
1.0	39.0	-5.323550513640963
1.0	40.0	1.0238093972180922
1.0	41.0	-3.287224181120686
1.0	42.0	-3.534531138292341
1.0	43.0	0.09597513887801597
1.0	44.0	1.7604751629015893
1.0	45.0	-2.0507615578742193
1.0	46.0	-1.131406938771402
1.0	47.0	2.488484931973571
1.0	48.0	-2.5981456969958243
1.0	49.0	0.6444111575567502
1.0	50.0	-2.283912069760666
1.0	51.0	-2.3374683353646892
1.0	52.0	1.408559885598263
1.0	53.0	0.5563744643676687
1.0	54.0	0.333520069671607
1.0	55.0	0.7844110285166397
1.0	56.0	1.4865338936154624
1.0	57.0	1.1316238671334435
1.0	58.0	5.816083635563006
1.0	59.0	0.21059212489545054
1.0	60.0	-1.9384965672894132
1.0	61.0	0.7151303193551768
1.0	62.0	-1.33644944198142
1.0	63.0	-0.2230259834546246
1.0	64.0	-0.10829666258432157
1.0	65.0	-0.4896851878123605
1.0	66.0	1.4041221218058946
1.0	67.0	-2.18586727527623
1.0	68.0	-2.0874912772546725
1.0	69.0	0.0010031161421750114
2.0	2.0	0.0
2.0	3.0	1.9933369995130017
2.0	4.0	-0.7257045550855978
2.0	5.0	-1.2136423373270993
2.0	6.0	-0.8808648375253014
2.0	7.0	-1.0991326001791677
2.0	8.0	-0.9367668429240956
2.0	9.0	-1.3846093919825133
2.0	10.0	-1.83275639761726
2.0	11.0	-0.5948770084014332
2.0	12.0	-0.6492680226523752
2.0	13.0	-0.3229987998464985
2.0	14.0	-1.530781757303611
2.0	15.0	0.8700071401364058
2.0	16.0	-1.1627123665465218
2.0	17.0	-1.2457024429069954
2.0	18.0	-0.24774058906660468
2.0	19.0	0.9813250227430605
2.0	20.0	-1.3477171253506093
2.0	21.0	-0.01468216059328288
2.0	22.0	-0.1363316558598257
2.0	23.0	-0.2137491314891713
2.0	24.0	-0.8072539104151256
2.0	25.0	0.32562001518049954
2.0	26.0	-0.770339023786394
2.0	27.0	-0.8668640811988887
2.0	28.0	0.6871739377932302
2.0	29.0	0.7200037745385104
2.0	30.0	-0.040203844724796836
2.0	31.0	-1.1037657186072551
2.0	32.0	0.7493147241876424
2.0	33.0	-0.4572486682104933
2.0	34.0	-0.12853625006132888
2.0	35.0	-0.7166500003379407
2.0	36.0	0.34571302528015396
2.0	37.0	-0.033978552564152706
2.0	38.0	-1.1704400237790207
2.0	39.0	-5.794493255679055
2.0	40.0	-1.390930238842266
2.0	41.0	-2.280656178663155
2.0	42.0	-0.5249163317463372
2.0	43.0	-0.8440142934846114
2.0	44.0	-0.7142612431255142
2.0	45.0	1.8754093874007707
2.0	46.0	2.6552668398669383
2.0	47.0	-0.5680492899177716
2.0	48.0	1.6239869464104137
2.0	49.0	-1.3623879062050694
2.0	50.0	1.6201969300624224
2.0	51.0	1.50225402334345
2.0	52.0	-1.2678877410275935
2.0	53.0	-1.5048256054698768
2.0	54.0	-1.3861188625185534
2.0	55.0	-1.1891474145769523
2.0	56.0	-1.2625657768359482
2.0	57.0	-0.9699502817517612
2.0	58.0	0.8002911467330687
2.0	59.0	-0.8184066362183926
2.0	60.0	10.568525622141552
2.0	61.0	15.381122049516769
2.0	62.0	0.864073101573362
2.0	63.0	-0.5291914677056064
2.0	64.0	0.10606924042025709
2.0	65.0	-1.517081361624511
2.0	66.0	-0.3890820820975312
2.0	67.0	0.5456116462602124
2.0	68.0	1.8763823736406313
2.0	69.0	0.47054176399820213
3.0	3.0	0.0
3.0	4.0	-0.857845579553088
3.0	5.0	-2.1887251912287544
3.0	6.0	-2.2522066511215164
3.0	7.0	-2.5784936189639054
3.0	8.0	-2.5141120469317477
3.0	9.0	-2.7647072291969352
3.0	10.0	-2.5313404801089154
3.0	11.0	-3.1851677893914085
3.0	12.0	2.1142651406518467
3.0	13.0	0.438998762211253
3.0	14.0	-4.226897591811054
3.0	15.0	4.259465073507399
3.0	16.0	-0.4545984073004057
3.0	17.0	-4.149259958449634
3.0	18.0	1.300361668221504
3.0	19.0	1.9443887549333196
3.0	20.0	-2.865532165407128
3.0	21.0	1.6508492386714755
3.0	22.0	1.822194993820442
3.0	23.0	-1.4752965273192646
3.0	24.0	-2.1382272740908705
3.0	25.0	2.035059635817589
3.0	26.0	0.06809562859930733
3.0	27.0	-2.741407548282315
3.0	28.0	2.509172996016999
3.0	29.0	3.428544829899364
3.0	30.0	0.7014768132275837
3.0	31.0	-1.8473229351343714
3.0	32.0	4.146031994634389
3.0	33.0	-1.8088672922896378
3.0	34.0	0.8407262301825549
3.0	35.0	-0.8795334602798341
3.0	36.0	-1.6246657012367454
3.0	37.0	-0.621936120370865
3.0	38.0	-2.653102162584227
3.0	39.0	-5.493912585377902
3.0	40.0	-2.6076549956459627
3.0	41.0	-2.082593045498033
3.0	42.0	2.4344878613593544
3.0	43.0	-0.4876088772120595
3.0	44.0	-2.533778833921563
3.0	45.0	4.777766163042514
3.0	46.0	3.0752955656049257
3.0	47.0	-3.777906771810876
3.0	48.0	3.862949773722038
3.0	49.0	-2.2036703322544353
3.0	50.0	4.143262506238359
3.0	51.0	4.3564925584280285
3.0	52.0	-2.7698512497637306
3.0	53.0	-2.702553319940057
3.0	54.0	-2.851397398857607
3.0	55.0	-2.0002592102130814
3.0	56.0	-2.959039316758728
3.0	57.0	-1.9191063933498047
3.0	58.0	-2.6718630253633746
3.0	59.0	5.830960063976803
3.0	60.0	16.861839681825302
3.0	61.0	5.1596513592016295
3.0	62.0	3.0334437675629164
3.0	63.0	-0.33697333900425275
3.0	64.0	0.10842196211507926
3.0	65.0	-0.44813088221288827
3.0	66.0	-2.021471385627718
3.0	67.0	1.9397012317206883
3.0	68.0	4.415528083581575
3.0	69.0	-0.10676825582873631
4.0	4.0	0.0
4.0	5.0	0.3553200161754912
4.0	6.0	2.109646423846006
4.0	7.0	0.6866032383295622
4.0	8.0	-0.39151890041961185
4.0	9.0	0.4094282821670109
4.0	10.0	-0.025619353657662228
4.0	11.0	1.0286461034907937
4.0	12.0	-2.8151819096922157
4.0	13.0	-0.6971394155183339
4.0	14.0	1.045683543183667
4.0	15.0	-1.9984516340430185
4.0	16.0	-1.0770831698667207
4.0	17.0	0.7410111318346027
4.0	18.0	-2.52024441914601
4.0	19.0	-2.075754345140803
4.0	20.0	-0.031227341665118653
4.0	21.0	-1.3315337608294286
4.0	22.0	-1.9945077958927058
4.0	23.0	-0.15325628220983914
4.0	24.0	-0.15906686872540493
4.0	25.0	-1.605454339545853
4.0	26.0	-2.606006170016256
4.0	27.0	0.6515837184587481
4.0	28.0	-1.303493548196506
4.0	29.0	-2.6027860465749315
4.0	30.0	-0.9673799922686672
4.0	31.0	1.2422404648612106
4.0	32.0	-1.596657672975335
4.0	33.0	8.532989933794507
4.0	34.0	-0.2500637086985536
4.0	35.0	-0.162816288522565
4.0	36.0	-0.5973414696660989
4.0	37.0	-0.36297550318696037
4.0	38.0	0.007916605589155516
4.0	39.0	-5.42811330238653
4.0	40.0	0.03609384351938674
4.0	41.0	-3.640496163748177
4.0	42.0	-2.9264335805202943
4.0	43.0	-0.3165516821011919
4.0	44.0	0.45986362949911797
4.0	45.0	-1.2688307132000411
4.0	46.0	-0.578846246355279
4.0	47.0	1.1847951268566712
4.0	48.0	-1.8667358491815937
4.0	49.0	-0.33725139959922157
4.0	50.0	-1.4380453347050632
4.0	51.0	-1.5400579846771092
4.0	52.0	0.7209525896268052
4.0	53.0	-0.1526189566445135
4.0	54.0	-0.6465657335605194
4.0	55.0	0.017709137778292718
4.0	56.0	0.3613184880430462
4.0	57.0	5.022581544869926
4.0	58.0	0.41242699919089837
4.0	59.0	21.676954610431068
4.0	60.0	6.697007742982455
4.0	61.0	-1.3477433962139171
4.0	62.0	-0.6552327256792655
4.0	63.0	-0.1343609284106658
4.0	64.0	1.1935922974479967
4.0	65.0	-0.8674314797972532
4.0	66.0	0.2646370411635152
4.0	67.0	-2.0568408239680176
4.0	68.0	-1.3647064929902655
4.0	69.0	-0.3358283813009857
5.0	5.0	0.0
5.0	6.0	1.3958158578596278
5.0	7.0	8.779014867086827
5.0	8.0	0.8109522032689669
5.0	9.0	1.4513317971071311
5.0	10.0	1.0966965795631058
5.0	11.0	2.1141856647862243
5.0	12.0	-3.964909952113095
5.0	13.0	-0.9180428254523434
5.0	14.0	2.792403511818108
5.0	15.0	-3.616918912789488
5.0	16.0	-0.826485224748734
5.0	17.0	2.334885030448561
5.0	18.0	-2.9912599334880228
5.0	19.0	-2.4729177706854766
5.0	20.0	1.0237702887809
5.0	21.0	-1.8536758060213938
5.0	22.0	-2.3519951871378377
5.0	23.0	0.6595494329437442
5.0	24.0	0.7930871503285148
5.0	25.0	-2.6953162118783163
5.0	26.0	-2.278044829727146
5.0	27.0	1.6372560521503292
5.0	28.0	-1.8922508363176482
5.0	29.0	-3.449527151570876
5.0	30.0	-1.0410539258919405
5.0	31.0	1.8163361569329286
5.0	32.0	-3.129549636804887
5.0	33.0	3.81869999814812
5.0	34.0	10.33114838864611
5.0	35.0	0.7007675428567512
5.0	36.0	3.591834537566224
5.0	37.0	0.4558903448472104
5.0	38.0	1.0593721500034086
5.0	39.0	-5.879466333246794
5.0	40.0	1.1611883046891156
5.0	41.0	-4.0230503232954655
5.0	42.0	-4.1691734156852265
5.0	43.0	0.14899612027385192
5.0	44.0	1.7991933642307247
5.0	45.0	-2.991963450411893
5.0	46.0	-1.2675329844184695
5.0	47.0	2.290463131895252
5.0	48.0	-3.1263398725500053
5.0	49.0	0.7246293809367256
5.0	50.0	-2.8742554776450717
5.0	51.0	-2.713279761411512
5.0	52.0	1.6346468686630966
5.0	53.0	0.6197397675366736
5.0	54.0	0.16519151459433418
5.0	55.0	0.8667829516607758
5.0	56.0	1.1668365579254532
5.0	57.0	1.3716613587638493
5.0	58.0	5.560704481488838
5.0	59.0	0.0199833268276484
5.0	60.0	-2.4969185099330864
5.0	61.0	-1.9832862931345874
5.0	62.0	-1.9126128033758367
5.0	63.0	-0.09718082800275872
5.0	64.0	-0.2677784431149118
5.0	65.0	-0.6669372120686945
5.0	66.0	1.6734728016093094
5.0	67.0	-2.9749682714595087
5.0	68.0	-2.6777769951494843
5.0	69.0	-0.26225240066937516
6.0	6.0	0.0
6.0	7.0	1.7950671527960396
6.0	8.0	1.0972524368230583
6.0	9.0	1.6887790407511203
6.0	10.0	1.0950687142412832
6.0	11.0	2.5174302834408495
6.0	12.0	-3.3815559098908516
6.0	13.0	-0.5889775808659395
6.0	14.0	2.708617548695893
6.0	15.0	-3.6431944866142305
6.0	16.0	-0.4372047810851617
6.0	17.0	2.422504939659559
6.0	18.0	-2.8794814419105603
6.0	19.0	-1.9720751450477565
6.0	20.0	1.3219051560841628
6.0	21.0	-1.649783811518392
6.0	22.0	-2.1040954670956746
6.0	23.0	0.7944743412370537
6.0	24.0	3.2755160822405944
6.0	25.0	-2.6678119088356635
6.0	26.0	-1.764527582298626
6.0	27.0	3.275989743894334
6.0	28.0	-2.0060671255698925
6.0	29.0	-3.5391504281470922
6.0	30.0	-0.936703716686772
6.0	31.0	2.067506246199512
6.0	32.0	-3.1548373815510193
6.0	33.0	5.1792382723012285
6.0	34.0	0.9319495781158416
6.0	35.0	4.579054087827028
6.0	36.0	1.2582298709031248
6.0	37.0	0.40663822367843133
6.0	38.0	1.067644087774618
6.0	39.0	-5.496619801433078
6.0	40.0	1.1572321225195343
6.0	41.0	-3.658664057161235
6.0	42.0	-4.177160837746712
6.0	43.0	0.5697626953387425
6.0	44.0	1.9643162079976104
6.0	45.0	-2.8553242409885904
6.0	46.0	-1.3562792505096681
6.0	47.0	2.464075536819561
6.0	48.0	-3.245095144081815
6.0	49.0	0.7764559824839248
6.0	50.0	-2.815043568433092
6.0	51.0	-2.8452008013217713
6.0	52.0	2.0429096406131535
6.0	53.0	0.4848360417312942
6.0	54.0	0.2665072030997509
6.0	55.0	6.964427548585582
6.0	56.0	1.91273530332284
6.0	57.0	6.154379317980145
6.0	58.0	1.5576106154566145
6.0	59.0	0.12445217781805074
6.0	60.0	-2.3405951921299315
6.0	61.0	-2.1055685778670368
6.0	62.0	-1.6781408084978648
6.0	63.0	-0.2457269346551067
6.0	64.0	-0.13135497592355505
6.0	65.0	-0.2775587447079258
6.0	66.0	2.1411834909785243
6.0	67.0	-2.650163167199037
6.0	68.0	-2.3163209798740096
6.0	69.0	0.17385946669007357
7.0	7.0	0.0
7.0	8.0	1.0056087175747384
7.0	9.0	6.594541081120415
7.0	10.0	1.4017025501327598
7.0	11.0	2.285426681548063
7.0	12.0	-3.7284245099350164
7.0	13.0	-0.19727815585840983
7.0	14.0	2.7831155452808143
7.0	15.0	-3.534160454318056
7.0	16.0	-0.6786318917538996
7.0	17.0	2.536055975050926
7.0	18.0	-3.2537889143758147
7.0	19.0	-2.251509254878229
7.0	20.0	1.0821675738734735
7.0	21.0	-2.184683910908146
7.0	22.0	-2.0905644563789845
7.0	23.0	0.9265801133578638
7.0	24.0	1.9146569939161822
7.0	25.0	-2.9295122474409756
7.0	26.0	-2.0124251450855253
7.0	27.0	1.950862221976887
7.0	28.0	-2.1539173023347495
7.0	29.0	-3.761536560070573
7.0	30.0	-0.9220186204456028
7.0	31.0	1.8310204112697106
7.0	32.0	-3.1566342063160895
7.0	33.0	1.1400434439996936
7.0	34.0	0.26461845256771893
7.0	35.0	0.6640750098006015
7.0	36.0	3.4053961755613544
7.0	37.0	0.5467352047736036
7.0	38.0	4.513907778481061
7.0	39.0	-5.505998133201721
7.0	40.0	1.261013772917799
7.0	41.0	-3.707195560387997
7.0	42.0	-4.19497790699494
7.0	43.0	-0.06183498480015842
7.0	44.0	2.115354353574627
7.0	45.0	-2.9137849621433345
7.0	46.0	-1.2799985711081896
7.0	47.0	2.902491687858106
7.0	48.0	-3.444226177614775
7.0	49.0	0.898330448621408
7.0	50.0	-3.1766487612666867
7.0	51.0	-2.830255489083834
7.0	52.0	2.112477856492294
7.0	53.0	0.5190370332743057
7.0	54.0	0.49851204920753034
7.0	55.0	1.0989985982546704
7.0	56.0	4.67516247907749
7.0	57.0	1.689839561802876
7.0	58.0	5.550349221953988
7.0	59.0	0.18035298219255996
7.0	60.0	-2.966378413800859
7.0	61.0	-1.973038521485434
7.0	62.0	-1.7659026406763143
7.0	63.0	-0.2658199129348608
7.0	64.0	-0.2700566696800977
7.0	65.0	-0.48017999079893325
7.0	66.0	1.7359506822876196
7.0	67.0	-3.0854287244475445
7.0	68.0	-2.6881148214604162
7.0	69.0	-0.09252726142716186
8.0	8.0	0.0
8.0	9.0	0.2797176988361324
8.0	10.0	7.725911251886214
8.0	11.0	1.5854798766618896
8.0	12.0	-4.289937797898618
8.0	13.0	-2.184371403526846
8.0	14.0	1.9922150014170983
8.0	15.0	-3.6523229494755665
8.0	16.0	-1.3143940188777474
8.0	17.0	1.9710009230375223
8.0	18.0	-3.6357787052522466
8.0	19.0	-2.953588265942546
8.0	20.0	3.402860889431578
8.0	21.0	2.813455890092677
8.0	22.0	-3.1065916761061985
8.0	23.0	0.5094914193659793
8.0	24.0	8.520583162198934
8.0	25.0	-3.234807008814184
8.0	26.0	-3.1255761518040983
8.0	27.0	1.2578300116698382
8.0	28.0	-1.937938068156686
8.0	29.0	-3.5540830071908482
8.0	30.0	-1.9255162729843072
8.0	31.0	1.1505257237721462
8.0	32.0	-2.929224393728674
8.0	33.0	0.43502534060601045
8.0	34.0	-0.23753076420403652
8.0	35.0	0.9673251842519054
8.0	36.0	0.9738498165449971
8.0	37.0	17.05004617785516
8.0	38.0	0.6630213827106498
8.0	39.0	-6.3135946053452034
8.0	40.0	0.19649583289174
8.0	41.0	-4.658368510144309
8.0	42.0	-4.2483803087367065
8.0	43.0	-0.9016905452343736
8.0	44.0	1.422964868406686
8.0	45.0	-2.58216762786956
8.0	46.0	-1.9979631083535094
8.0	47.0	1.8184903409392563
8.0	48.0	-2.760529475436674
8.0	49.0	0.10413909041284028
8.0	50.0	-2.5476952599784246
8.0	51.0	-2.6643503352398175
8.0	52.0	1.2130014397831823
8.0	53.0	12.169592873095109
8.0	54.0	-0.32976123023669834
8.0	55.0	13.50507823058898
8.0	56.0	0.6609836730358922
8.0	57.0	0.3941500531826516
8.0	58.0	0.6579970275449903
8.0	59.0	-0.9931344824945737
8.0	60.0	-2.1706968411423437
8.0	61.0	-2.1324674085700543
8.0	62.0	-1.9513183953689017
8.0	63.0	-0.6969218975733132
8.0	64.0	-0.44930134092996615
8.0	65.0	-1.232781300585132
8.0	66.0	0.6810781851096666
8.0	67.0	-3.129875196979262
8.0	68.0	-2.3771497665721886
8.0	69.0	-0.6066954046386344
9.0	9.0	0.0
9.0	10.0	1.3594407249489493
9.0	11.0	2.0482374993221226
9.0	12.0	-3.948026890237772
9.0	13.0	0.0131458709333734
9.0	14.0	2.159583716135888
9.0	15.0	-4.319190788696604
9.0	16.0	4.245027168980296
9.0	17.0	1.9453389648655435
9.0	18.0	-3.58244997372399
9.0	19.0	-2.355261114045454
9.0	20.0	1.0921126844985707
9.0	21.0	-2.078476630121265
9.0	22.0	-1.9530397204005554
9.0	23.0	0.7420710603760319
9.0	24.0	0.19579446663312453
9.0	25.0	-3.250984040507212
9.0	26.0	-2.4695563533797293
9.0	27.0	1.8341204137339668
9.0	28.0	-3.151406488194111
9.0	29.0	-4.541673642053551
9.0	30.0	-1.081793519575811
9.0	31.0	1.8968652561730912
9.0	32.0	-4.098852226813376
9.0	33.0	1.1577132388677391
9.0	34.0	0.14331168508663955
9.0	35.0	0.1915053123622087
9.0	36.0	0.41988193695391973
9.0	37.0	-0.34151434562801275
9.0	38.0	5.968082617917067
9.0	39.0	-6.071668600175252
9.0	40.0	5.659580924844361
9.0	41.0	-3.996912044050301
9.0	42.0	-4.750685226309471
9.0	43.0	0.6383052113154553
9.0	44.0	3.612148410065064
9.0	45.0	-3.381554234225633
9.0	46.0	-1.5387970089661307
9.0	47.0	4.3052464761039335
9.0	48.0	-4.179725878071398
9.0	49.0	6.818666984508226
9.0	50.0	-4.276278559260975
9.0	51.0	-3.4709622094667067
9.0	52.0	3.3572298365046827
9.0	53.0	0.7186690238942816
9.0	54.0	15.552982555150326
9.0	55.0	1.1497051637923894
9.0	56.0	6.4697900715374335
9.0	57.0	1.70589021728001
9.0	58.0	2.3674130953129433
9.0	59.0	-0.23005341702473903
9.0	60.0	-3.286398576890164
9.0	61.0	-2.5585173950054623
9.0	62.0	-2.2254031314562464
9.0	63.0	-0.6444456514310323
9.0	64.0	-0.8492549892630782
9.0	65.0	-0.7347113606418516
9.0	66.0	1.6473549342696883
9.0	67.0	-3.582475993126069
9.0	68.0	-3.2753781040395955
9.0	69.0	-0.3338205553224005
10.0	10.0	0.0
10.0	11.0	1.4522687567376957
10.0	12.0	6.616735132332716
10.0	13.0	-0.6390941623734393
10.0	14.0	3.02107069317684
10.0	15.0	-3.8044619282004244
10.0	16.0	-0.20140696225831986
10.0	17.0	9.445887647694686
10.0	18.0	-3.3837117859846915
10.0	19.0	-2.68724668045463
10.0	20.0	0.8345586555447121
10.0	21.0	-0.2657811041224428
10.0	22.0	-2.553861444568285
10.0	23.0	-0.07521751922705266
10.0	24.0	0.455159137701144
10.0	25.0	-3.001780387297543
10.0	26.0	-1.8376720870107575
10.0	27.0	1.6326492874094414
10.0	28.0	-1.9849386719460471
10.0	29.0	-3.6589520186948374
10.0	30.0	-1.0313630189802303
10.0	31.0	1.7229023693193886
10.0	32.0	-2.9680102036435128
10.0	33.0	0.5496163805340056
10.0	34.0	0.041630303514634245
10.0	35.0	0.46849923937883375
10.0	36.0	0.8347509392563578
10.0	37.0	2.1812343865525756
10.0	38.0	3.3293436243502303
10.0	39.0	5.86131790080857
10.0	40.0	2.625623824612113
10.0	41.0	-3.485532715304184
10.0	42.0	-3.4046446144274083
10.0	43.0	0.6782941253331006
10.0	44.0	1.3171916113771693
10.0	45.0	-2.9806231929065303
10.0	46.0	-0.8921346811813857
10.0	47.0	1.8961339726177353
10.0	48.0	-3.6816960932131297
10.0	49.0	0.6588321452200508
10.0	50.0	-3.119696519754606
10.0	51.0	-3.1395241979648936
10.0	52.0	4.182583864597656
10.0	53.0	0.5772739710925675
10.0	54.0	-0.26426767580886895
10.0	55.0	0.9965986133696324
10.0	56.0	0.7758829664171892
10.0	57.0	1.1711456575049617
10.0	58.0	0.960688298679152
10.0	59.0	-0.43542615897829473
10.0	60.0	-2.314966139524101
10.0	61.0	-2.159160005394534
10.0	62.0	-2.4888460815270554
10.0	63.0	-0.45008417097228465
10.0	64.0	-0.8105851512308059
10.0	65.0	-0.49710236362206384
10.0	66.0	1.964405024646649
10.0	67.0	-2.7944604927674153
10.0	68.0	-2.816568503786219
10.0	69.0	-1.1085494905620068
11.0	11.0	0.0
11.0	12.0	-4.276382544376643
11.0	13.0	4.740605646761291
11.0	14.0	6.971288326890054
11.0	15.0	-4.465233187448875
11.0	16.0	-1.3141001173371918
11.0	17.0	5.273624217360275
11.0	18.0	-3.3884337403231313
11.0	19.0	-2.9484924102165904
11.0	20.0	2.423016304056146
11.0	21.0	-2.557731236732531
11.0	22.0	-3.1952930736143808
11.0	23.0	1.1284541375482215
11.0	24.0	1.8219554484505678
11.0	25.0	-3.182056218904815
11.0	26.0	-2.764540290424249
11.0	27.0	2.40039197340698
11.0	28.0	-2.274615200875083
11.0	29.0	-4.313923539103459
11.0	30.0	-2.3039219584787642
11.0	31.0	2.8248280163882207
11.0	32.0	-3.7997792055305584
11.0	33.0	2.2260191207978424
11.0	34.0	0.48011702871942363
11.0	35.0	0.612885356970995
11.0	36.0	1.839463550741964
11.0	37.0	1.1751925512891905
11.0	38.0	2.2165606684557715
11.0	39.0	-4.42508561477728
11.0	40.0	4.625816762510029
11.0	41.0	2.0858079236188884
11.0	42.0	-5.627430112795257
11.0	43.0	-0.1473770457977959
11.0	44.0	3.5649875838858462
11.0	45.0	-3.9017865066927166
11.0	46.0	-2.835412153440351
11.0	47.0	4.172944027215454
11.0	48.0	-4.0565476151858455
11.0	49.0	1.751166753679921
11.0	50.0	-3.1921655922664884
11.0	51.0	-4.054728794735009
11.0	52.0	3.6771383066560173
11.0	53.0	1.5896729882289684
11.0	54.0	1.3846583493788898
11.0	55.0	1.5799529857189467
11.0	56.0	2.1577125848813044
11.0	57.0	2.067983248440042
11.0	58.0	2.1794895647974952
11.0	59.0	0.8668864339873107
11.0	60.0	-3.291560321264326
11.0	61.0	-2.5790853092895545
11.0	62.0	-3.11251129646737
11.0	63.0	0.5813725711442712
11.0	64.0	0.009474687776582204
11.0	65.0	-0.4716004414096407
11.0	66.0	2.2559457540782684
11.0	67.0	-2.5350274989244865
11.0	68.0	-3.278881770713119
11.0	69.0	0.6097252219668594
12.0	12.0	0.0
12.0	13.0	-1.9469799554206038
12.0	14.0	-5.082092959426482
12.0	15.0	0.9267386671765109
12.0	16.0	-2.2667168318152426
12.0	17.0	-4.909689352703811
12.0	18.0	20.315292917581207
12.0	19.0	-0.3121624529620371
12.0	20.0	-4.22824967195442
12.0	21.0	0.15589936751234904
12.0	22.0	-0.9212588505597645
12.0	23.0	-3.1648419545607047
12.0	24.0	-3.355045098297086
12.0	25.0	0.2663959449765294
12.0	26.0	-1.644744992091193
12.0	27.0	-3.252409296504805
12.0	28.0	0.3719313787119598
12.0	29.0	0.4111151714097146
12.0	30.0	-1.2603518496160055
12.0	31.0	-3.222243434038039
12.0	32.0	1.4625275309292145
12.0	33.0	-3.091718861046167
12.0	34.0	-1.93528962232807
12.0	35.0	-1.7634093052722382
12.0	36.0	-2.660487382400229
12.0	37.0	-2.2469697688117485
12.0	38.0	1.5669535839163264
12.0	39.0	77.57358423814848
12.0	40.0	2.9219530369660056
12.0	41.0	9.830238275151016
12.0	42.0	2.3626663674595263
12.0	43.0	-0.6336818148650115
12.0	44.0	-4.0822176864621
12.0	45.0	1.6090084363167894
12.0	46.0	1.2842490609047699
12.0	47.0	-4.52206579420321
12.0	48.0	1.1122569363148722
12.0	49.0	-3.7520714562016098
12.0	50.0	1.8271581832807515
12.0	51.0	0.7817357079837953
12.0	52.0	-3.689478584403022
12.0	53.0	-4.385628923973281
12.0	54.0	-4.292794408564157
12.0	55.0	-3.7572878538341348
12.0	56.0	-4.409374680827769
12.0	57.0	-3.5473185176800373
12.0	58.0	-2.9511789735313068
12.0	59.0	-2.6130503683434365
12.0	60.0	1.0506129326174491
12.0	61.0	0.7122811516329822
12.0	62.0	0.8649817779603632
12.0	63.0	-2.67881839828049
12.0	64.0	-1.9154715203724613
12.0	65.0	-2.846707336244443
12.0	66.0	-3.3356360947658312
12.0	67.0	-0.7505809567257467
12.0	68.0	1.6969933130111874
12.0	69.0	-1.7166230219410625
13.0	13.0	0.0
13.0	14.0	-2.1191571006071865
13.0	15.0	-0.08984451389177343
13.0	16.0	1.3231370683749923
13.0	17.0	-2.258160130332528
13.0	18.0	0.0863544850126074
13.0	19.0	0.39765935208848086
13.0	20.0	-1.3216184317329656
13.0	21.0	-0.4339673194506655
13.0	22.0	0.12631379639224655
13.0	23.0	-0.48174485684982865
13.0	24.0	-1.873997059052576
13.0	25.0	-1.127412401478984
13.0	26.0	-0.8735769267118244
13.0	27.0	-0.30455505159945495
13.0	28.0	-1.520978400138538
13.0	29.0	-1.7422544529603863
13.0	30.0	0.30310625418069104
13.0	31.0	-0.40046213589888974
13.0	32.0	-1.1356597734060383
13.0	33.0	-0.7439262233413112
13.0	34.0	-0.6304890804066496
13.0	35.0	-0.5560369535653614
13.0	36.0	-1.6656844219440117
13.0	37.0	-1.7754297508565176
13.0	38.0	-1.2412664753360785
13.0	39.0	-5.922715680548524
13.0	40.0	4.966992665841006
13.0	41.0	43.4380241313736
13.0	42.0	-1.206581748226259
13.0	43.0	1.2371650463770907
13.0	44.0	-1.349907170714451
13.0	45.0	0.12382050649122828
13.0	46.0	1.9855472359126383
13.0	47.0	-1.122198381123694
13.0	48.0	-1.4825007745753147
13.0	49.0	-1.1894114723568712
13.0	50.0	-1.7696972410755791
13.0	51.0	-0.7825213259728547
13.0	52.0	5.556630147056766
13.0	53.0	-1.8136178872893038
13.0	54.0	-1.9163182033376704
13.0	55.0	-0.407256564894537
13.0	56.0	-1.6020469922177647
13.0	57.0	0.21251083823377737
13.0	58.0	0.1125205232442165
13.0	59.0	-1.1722758491903822
13.0	60.0	-1.7378200779933106
13.0	61.0	-0.8604815510287767
13.0	62.0	0.40914271642002586
13.0	63.0	-1.4337005934005833
13.0	64.0	-0.8812364724597498
13.0	65.0	-0.5971282096910925
13.0	66.0	-0.21153706193512228
13.0	67.0	-1.9197661961906203
13.0	68.0	-0.6839407833170131
13.0	69.0	-0.2967643748323599
14.0	14.0	0.0
14.0	15.0	-5.235817735920638
14.0	16.0	0.6993426833287952
14.0	17.0	22.839087035813048
14.0	18.0	-3.6230138437052517
14.0	19.0	-3.619888896856052
14.0	20.0	2.662109693820276
14.0	21.0	-3.1175463178163296
14.0	22.0	-3.597091967819558
14.0	23.0	1.2357232649542818
14.0	24.0	2.002921282096477
14.0	25.0	-3.8765079671502147
14.0	26.0	-3.2243889472907563
14.0	27.0	2.7066203502964568
14.0	28.0	-2.470039934767209
14.0	29.0	-4.843779960461351
14.0	30.0	-2.111489848664804
14.0	31.0	3.0073692735633735
14.0	32.0	-3.947327621948556
14.0	33.0	2.428052284531002
14.0	34.0	0.6126309033045735
14.0	35.0	0.723814791385197
14.0	36.0	2.0449234041625393
14.0	37.0	0.9625856813902028
14.0	38.0	2.1285162988651427
14.0	39.0	-5.316119917170385
14.0	40.0	2.473624453314659
14.0	41.0	-4.158018710333576
14.0	42.0	-5.7705833464402065
14.0	43.0	-0.16645614805545272
14.0	44.0	3.8942337617636955
14.0	45.0	-4.596171382205624
14.0	46.0	-2.8709289884866114
14.0	47.0	4.364048757718001
14.0	48.0	-4.372685172325734
14.0	49.0	1.9449234303493614
14.0	50.0	-3.868540057506302
14.0	51.0	-4.324398045191384
14.0	52.0	4.240833867838428
14.0	53.0	2.7565803049569744
14.0	54.0	1.5002874135056716
14.0	55.0	1.862128155184042
14.0	56.0	2.5505607987270076
14.0	57.0	2.4307858578089188
14.0	58.0	2.4545996463198754
14.0	59.0	0.5206075835936522
14.0	60.0	-3.4918233328382637
14.0	61.0	-3.0075964468202074
14.0	62.0	-3.233102003552325
14.0	63.0	0.3023874976907968
14.0	64.0	0.1151423138294503
14.0	65.0	-0.2472914093046482
14.0	66.0	2.628793337543433
14.0	67.0	-3.869058743390361
14.0	68.0	-3.9367583059238913
14.0	69.0	0.19915734949055564
15.0	15.0	0.0
15.0	16.0	-2.0141385633475863
15.0	17.0	-4.954975682560554
15.0	18.0	76.81531391188142
15.0	19.0	8.573082079997778
15.0	20.0	-4.101255775683339
15.0	21.0	1.1723945773593039
15.0	22.0	0.3467196228447653
15.0	23.0	-2.441247078888586
15.0	24.0	-3.1462503189236704
15.0	25.0	1.4243521305064513
15.0	26.0	-0.5533535963921384
15.0	27.0	-3.538292405117489
15.0	28.0	2.876376038138108
15.0	29.0	3.3463237387293674
15.0	30.0	-0.1833923722941554
15.0	31.0	-2.8201224083798575
15.0	32.0	3.961002766142343
15.0	33.0	-2.790138991329716
15.0	34.0	-1.2050288538187164
15.0	35.0	-1.6865590365846235
15.0	36.0	-2.2145862537446988
15.0	37.0	-1.4734310968910582
15.0	38.0	-3.656159822662059
15.0	39.0	-7.106959810021269
15.0	40.0	-3.704345634794406
15.0	41.0	-3.2925952662217877
15.0	42.0	1.839470662341682
15.0	43.0	-1.894923492134692
15.0	44.0	-3.3129559466713916
15.0	45.0	4.434151415860203
15.0	46.0	2.6164936965209966
15.0	47.0	-4.443910947070537
15.0	48.0	3.8664937373055785
15.0	49.0	-3.7624040063155944
15.0	50.0	4.270695559244698
15.0	51.0	4.548145928014822
15.0	52.0	-4.165851439826616
15.0	53.0	-3.790483713720411
15.0	54.0	-3.7147554289766678
15.0	55.0	-3.165455610577041
15.0	56.0	-3.903694690652339
15.0	57.0	-3.293252753101698
15.0	58.0	-3.671067281179628
15.0	59.0	-1.847595318148532
15.0	60.0	3.4747704140814046
15.0	61.0	2.7845644825172244
15.0	62.0	2.4023685242074415
15.0	63.0	-1.3544569598112988
15.0	64.0	-0.7506348027082208
15.0	65.0	-1.903134209539249
15.0	66.0	-2.851323680732285
15.0	67.0	2.294243276300529
15.0	68.0	4.308337415197588
15.0	69.0	-0.9002475945228445
16.0	16.0	0.0
16.0	17.0	-1.4198527062986301
16.0	18.0	-2.816001708523172
16.0	19.0	45.535941540853806
16.0	20.0	-1.1070576695251488
16.0	21.0	-1.200274272197413
16.0	22.0	-0.764026710332105
16.0	23.0	-0.5878554156447369
16.0	24.0	-1.4667133288956156
16.0	25.0	-1.9697407310491604
16.0	26.0	-1.803194022645865
16.0	27.0	-0.4138749891571132
16.0	28.0	-1.265949759687396
16.0	29.0	-2.0541269745771182
16.0	30.0	-1.0136741533093585
16.0	31.0	-0.14972110615806175
16.0	32.0	-1.267708897431411
16.0	33.0	-0.6574580267627476
16.0	34.0	-0.7017920664352106
16.0	35.0	-0.7945055382873478
16.0	36.0	-1.1582649370357865
16.0	37.0	-1.2681439274278783
16.0	38.0	-1.1462946946778556
16.0	39.0	-6.674428536864669
16.0	40.0	-1.3169687489465636
16.0	41.0	-4.104649119451856
16.0	42.0	-2.228638254230238
16.0	43.0	-0.34782995395974087
16.0	44.0	-1.1844464745863614
16.0	45.0	-0.6855482899319624
16.0	46.0	0.1444397160427347
16.0	47.0	-0.9745876936580405
16.0	48.0	-1.4351145967973624
16.0	49.0	-1.1404006433397433
16.0	50.0	-1.3928186184827036
16.0	51.0	0.09787166077236555
16.0	52.0	0.013882677747433108
16.0	53.0	16.8689355939817
16.0	54.0	-1.9267329518285463
16.0	55.0	-0.7422243401411279
16.0	56.0	-1.3848519884498633
16.0	57.0	-0.7777110987778137
16.0	58.0	-0.5544313801746105
16.0	59.0	-1.314860833349408
16.0	60.0	-1.9658612478707134
16.0	61.0	-1.157202520284566
16.0	62.0	-0.7600916489617181
16.0	63.0	-1.6892363758581632
16.0	64.0	-0.9542560485417655
16.0	65.0	-1.6476042828242332
16.0	66.0	-0.5605802725017847
16.0	67.0	-2.172970894720915
16.0	68.0	-0.998593154717648
16.0	69.0	11.858882163278084
17.0	17.0	0.0
17.0	18.0	-3.9658231329190716
17.0	19.0	-3.6430598861707217
17.0	20.0	3.514902294084794
17.0	21.0	-3.101550231151956
17.0	22.0	-3.799654289456802
17.0	23.0	1.0531372017006748
17.0	24.0	1.8068595045545797
17.0	25.0	-3.7491679393185886
17.0	26.0	-3.1770927352784986
17.0	27.0	2.5383650161856046
17.0	28.0	-2.314977679355371
17.0	29.0	-4.964607260065561
17.0	30.0	-2.171640029344642
17.0	31.0	2.739683522861732
17.0	32.0	-4.085080786851387
17.0	33.0	2.2272584669548707
17.0	34.0	0.4049235697391665
17.0	35.0	0.6128297886873494
17.0	36.0	2.0673663636323303
17.0	37.0	0.8260706659416222
17.0	38.0	2.1690296609700233
17.0	39.0	-5.454327859192866
17.0	40.0	2.1485435280083216
17.0	41.0	-4.31091244761429
17.0	42.0	-5.708623487147134
17.0	43.0	-0.17667402872675794
17.0	44.0	3.6224633924833083
17.0	45.0	-4.404065120286617
17.0	46.0	-2.920615937013152
17.0	47.0	4.188773678562704
17.0	48.0	-4.01707351966727
17.0	49.0	1.6163510375199552
17.0	50.0	-3.656177692753748
17.0	51.0	-4.387200490371022
17.0	52.0	5.146736503077793
17.0	53.0	4.322200566054115
17.0	54.0	1.2375183871309974
17.0	55.0	1.663275737296911
17.0	56.0	2.3787469163827977
17.0	57.0	2.0796271615317794
17.0	58.0	2.3888928944926637
17.0	59.0	0.2928835718418451
17.0	60.0	-3.416144233759406
17.0	61.0	-3.006730970296627
17.0	62.0	-3.2259958249335843
17.0	63.0	0.2547306323402335
17.0	64.0	-0.1989999130675227
17.0	65.0	-0.5204174901236192
17.0	66.0	2.461335987144171
17.0	67.0	-3.628564377768312
17.0	68.0	-3.924876060707487
17.0	69.0	0.009311674370801569
18.0	18.0	0.0
18.0	19.0	-0.7882784527074984
18.0	20.0	-3.519695598100159
18.0	21.0	35.57246678281538
18.0	22.0	0.05194692745659389
18.0	23.0	-2.204345555386597
18.0	24.0	-2.9393317711009295
18.0	25.0	-1.3392231216524206
18.0	26.0	-3.1309358792286237
18.0	27.0	-2.748686791929914
18.0	28.0	0.47967601871157634
18.0	29.0	0.5413505294080454
18.0	30.0	-1.7187560215579776
18.0	31.0	-2.5875001522118586
18.0	32.0	1.3095992625971449
18.0	33.0	-2.917635905771764
18.0	34.0	-1.2198244370210414
18.0	35.0	-1.8916277621357989
18.0	36.0	-1.9078111359767083
18.0	37.0	-1.9910182961908942
18.0	38.0	-3.1721550444819457
18.0	39.0	-8.521434234483422
18.0	40.0	-3.0123609379450245
18.0	41.0	-4.738973415240545
18.0	42.0	-0.8016099909675458
18.0	43.0	-2.119810599423961
18.0	44.0	-3.0820294829049155
18.0	45.0	1.7548932176469516
18.0	46.0	0.8818097221905714
18.0	47.0	-3.6347695395370843
18.0	48.0	0.9674336676879752
18.0	49.0	-3.2464174719023187
18.0	50.0	1.187819490504757
18.0	51.0	1.1620328132722224
18.0	52.0	-3.0689435249549906
18.0	53.0	-3.8304293990147724
18.0	54.0	-3.9889195665660813
18.0	55.0	-2.893955715778823
18.0	56.0	-3.6113218355469785
18.0	57.0	-2.755292750521663
18.0	58.0	-3.1359186900905343
18.0	59.0	-2.373427925748956
18.0	60.0	0.47720384175324365
18.0	61.0	-0.11903746312045561
18.0	62.0	0.5908539380772436
18.0	63.0	-1.7727957851070542
18.0	64.0	-1.6265292841254892
18.0	65.0	-2.770110321549949
18.0	66.0	-2.364396442692255
18.0	67.0	-1.2918573888411555
18.0	68.0	1.0357961888784788
18.0	69.0	-1.4870013315034711
19.0	19.0	0.0
19.0	20.0	-2.732920354896
19.0	21.0	-0.011134357364976213
19.0	22.0	15.025265576022433
19.0	23.0	-0.9668736563700431
19.0	24.0	-1.930086336940843
19.0	25.0	0.5373194970281806
19.0	26.0	-0.46706569022218086
19.0	27.0	-2.079782670423673
19.0	28.0	1.354917199107019
19.0	29.0	0.9565394078108268
19.0	30.0	-0.0402581262796314
19.0	31.0	-2.3530480438443835
19.0	32.0	1.8181392529930538
19.0	33.0	-1.7103768314743097
19.0	34.0	-0.5715191802772792
19.0	35.0	-1.2490555584719945
19.0	36.0	-0.9080985245136395
19.0	37.0	-1.4646331425057248
19.0	38.0	-2.6069356247780298
19.0	39.0	-7.03996900777259
19.0	40.0	-2.6160682342497172
19.0	41.0	-3.271088405304559
19.0	42.0	-0.059877856970593085
19.0	43.0	-1.1112067419382143
19.0	44.0	-2.2055845456973504
19.0	45.0	2.4397278943695424
19.0	46.0	1.5731298800725089
19.0	47.0	-2.8990181843288774
19.0	48.0	2.083997425694856
19.0	49.0	-2.352044079401815
19.0	50.0	2.2447224006345263
19.0	51.0	1.9661372885261952
19.0	52.0	-3.0119135581193377
19.0	53.0	-2.823455377450104
19.0	54.0	-2.9480467250450237
19.0	55.0	-2.1230986241015
19.0	56.0	-3.0005818597412532
19.0	57.0	-1.7909397468373474
19.0	58.0	-2.0667214357478945
19.0	59.0	-1.4722809922274398
19.0	60.0	1.2978029324866063
19.0	61.0	1.6580215892766206
19.0	62.0	1.1875507601734037
19.0	63.0	-1.255502498735215
19.0	64.0	-0.9473761850544521
19.0	65.0	-1.528460659875644
19.0	66.0	-2.164246367325503
19.0	67.0	0.12884934114795493
19.0	68.0	1.9647973377270256
19.0	69.0	4.533007425788473
20.0	20.0	0.0
20.0	21.0	-2.275155664648604
20.0	22.0	7.973322520136693
20.0	23.0	14.31556093580655
20.0	24.0	3.7323057694084034
20.0	25.0	-2.4531856079223897
20.0	26.0	-2.5773444561413137
20.0	27.0	1.4134813836828146
20.0	28.0	-2.1363443896701364
20.0	29.0	-4.035008193822323
20.0	30.0	-1.5791975542613441
20.0	31.0	1.7906924705169527
20.0	32.0	-3.321125699530105
20.0	33.0	1.2086994700171922
20.0	34.0	0.24085653503290688
20.0	35.0	0.18788812174471184
20.0	36.0	0.7164535815107642
20.0	37.0	0.3215839683518258
20.0	38.0	0.8145584322649919
20.0	39.0	-6.275614491226047
20.0	40.0	0.7038878879913425
20.0	41.0	-4.008582627035862
20.0	42.0	-4.786323840174213
20.0	43.0	-0.18426486165649655
20.0	44.0	1.7131949248975038
20.0	45.0	-3.268509551153783
20.0	46.0	-2.0565957671716646
20.0	47.0	2.516289342551004
20.0	48.0	-3.578132311185367
20.0	49.0	0.5800638557865091
20.0	50.0	-3.127923631961565
20.0	51.0	-3.626018687667803
20.0	52.0	1.5701170198793268
20.0	53.0	10.979090674607441
20.0	54.0	0.12911491762924127
20.0	55.0	5.954276635913653
20.0	56.0	0.7847956496562858
20.0	57.0	1.2784712834847136
20.0	58.0	1.1190776336769404
20.0	59.0	-0.265091224726574
20.0	60.0	-2.8543025947932903
20.0	61.0	-2.4180661947015496
20.0	62.0	-2.484598615816466
20.0	63.0	-0.291726113310821
20.0	64.0	-0.46448068869427156
20.0	65.0	-0.5988347647037544
20.0	66.0	1.8087604215426742
20.0	67.0	-2.999892575573282
20.0	68.0	-2.8072920426557
20.0	69.0	4.944603025314138
21.0	21.0	0.0
21.0	22.0	-0.0715831074523341
21.0	23.0	-1.442486947292597
21.0	24.0	9.29624375756032
21.0	25.0	2.315742900981297
21.0	26.0	-1.0280632600133053
21.0	27.0	-1.5889811337770674
21.0	28.0	1.2712611313605666
21.0	29.0	1.006954739674929
21.0	30.0	-0.28952624624651613
21.0	31.0	-1.079300890495611
21.0	32.0	1.816689130771585
21.0	33.0	-1.486503435535372
21.0	34.0	-0.7404933094377024
21.0	35.0	0.41220594607919697
21.0	36.0	-1.7450018797105669
21.0	37.0	5.20398150496452
21.0	38.0	-1.7870453432263969
21.0	39.0	-6.127325576631427
21.0	40.0	-2.332633072464715
21.0	41.0	-2.7696405222783156
21.0	42.0	-0.17136761967892383
21.0	43.0	-0.8238826316440282
21.0	44.0	-2.5291467863400334
21.0	45.0	2.5720676348812646
21.0	46.0	1.8948065945354098
21.0	47.0	-2.6167792320295944
21.0	48.0	1.5163967644042382
21.0	49.0	-1.8456018681240338
21.0	50.0	1.7682563207716935
21.0	51.0	1.3633769805099645
21.0	52.0	-2.1096131176819948
21.0	53.0	-2.6645834632306267
21.0	54.0	-2.5685362210085634
21.0	55.0	-1.550269775593753
21.0	56.0	-2.470236916516512
21.0	57.0	-1.570004697841611
21.0	58.0	-1.7229134328452458
21.0	59.0	-0.9766491994438856
21.0	60.0	1.0685929768016877
21.0	61.0	1.0414879538181834
21.0	62.0	1.0519373651040917
21.0	63.0	-0.7942849461239737
21.0	64.0	-0.2620016045661667
21.0	65.0	-1.6816838873175688
21.0	66.0	-1.4832101703585931
21.0	67.0	-0.3850158396812465
21.0	68.0	1.9948638791245261
21.0	69.0	-0.7154155492586696
22.0	22.0	0.0
22.0	23.0	-1.3252637139645664
22.0	24.0	-2.4681441582164574
22.0	25.0	61.22272403548709
22.0	26.0	1.7948783055919924
22.0	27.0	-2.00613590328266
22.0	28.0	0.6366400853264814
22.0	29.0	-0.04289086533142425
22.0	30.0	0.21061729270246507
22.0	31.0	-2.033464342531614
22.0	32.0	0.8705608706109127
22.0	33.0	-1.9229817486517784
22.0	34.0	-0.5534585284097057
22.0	35.0	-1.3463557177438514
22.0	36.0	-1.5462695382800322
22.0	37.0	-1.7260173286668634
22.0	38.0	-2.366151945370408
22.0	39.0	-6.986512396586342
22.0	40.0	-2.5204927406988142
22.0	41.0	-3.061616194806904
22.0	42.0	-0.5520784843086456
22.0	43.0	-0.7925679970915837
22.0	44.0	-2.556987271298616
22.0	45.0	1.7507020954303045
22.0	46.0	1.716048471624008
22.0	47.0	-3.0044511978284008
22.0	48.0	0.7623067610262362
22.0	49.0	-2.408284484447313
22.0	50.0	0.6190932786654825
22.0	51.0	1.1179887095069367
22.0	52.0	-2.330016695174499
22.0	53.0	-2.996231945523961
22.0	54.0	-3.296176222206968
22.0	55.0	-1.8515609566613334
22.0	56.0	-3.0090914594053455
22.0	57.0	-1.966704894965465
22.0	58.0	-1.963365460539132
22.0	59.0	-1.5741502741023385
22.0	60.0	0.3289244600405109
22.0	61.0	0.6739640398420881
22.0	62.0	1.5626266210373427
22.0	63.0	-1.7971562935383043
22.0	64.0	-1.2883293361519441
22.0	65.0	-1.9091482885436661
22.0	66.0	-1.9924531223235933
22.0	67.0	-0.9922883884190717
22.0	68.0	1.0961889838930596
22.0	69.0	-0.9818594757537034
23.0	23.0	0.0
23.0	24.0	0.2848773690461527
23.0	25.0	-1.767787240543894
23.0	26.0	15.244068424274928
23.0	27.0	4.804210996755716
23.0	28.0	-1.3516473651004748
23.0	29.0	-2.436274659796799
23.0	30.0	-0.5812566736174885
23.0	31.0	0.5773024202211661
23.0	32.0	-1.9931831874836647
23.0	33.0	0.24084746901877602
23.0	34.0	0.18700853243742632
23.0	35.0	0.2730243060420125
23.0	36.0	1.0095163944371544
23.0	37.0	0.03297433519488854
23.0	38.0	0.5486482005958535
23.0	39.0	-5.727048598521554
23.0	40.0	0.039851470902258386
23.0	41.0	-3.7205523986902618
23.0	42.0	-3.581701788851626
23.0	43.0	-0.31046599110881606
23.0	44.0	1.0593479437626605
23.0	45.0	-1.652349590782468
23.0	46.0	-1.060747742805317
23.0	47.0	1.1838995366204257
23.0	48.0	-1.8477201607303229
23.0	49.0	-0.1460273132726903
23.0	50.0	-1.798188881333204
23.0	51.0	-1.7591211423895483
23.0	52.0	0.945042073545419
23.0	53.0	0.15491996879669326
23.0	54.0	-0.570381564396721
23.0	55.0	0.8086865892330389
23.0	56.0	0.2504384937096688
23.0	57.0	0.7436848012560064
23.0	58.0	0.8879814179435641
23.0	59.0	-0.14175194702472804
23.0	60.0	-1.3296545596316287
23.0	61.0	-1.1664645073322981
23.0	62.0	-1.0085823840247008
23.0	63.0	-0.6276619017343061
23.0	64.0	-0.09641512281696583
23.0	65.0	-1.078336808076479
23.0	66.0	0.7633347358032282
23.0	67.0	-2.3350816592412613
23.0	68.0	-1.6908307995343876
23.0	69.0	1.5870598891837144
24.0	24.0	0.0
24.0	25.0	-1.5715624643435824
24.0	26.0	-1.559935276246468
24.0	27.0	4.136373709064449
24.0	28.0	0.04670911735330542
24.0	29.0	-2.7595563314029334
24.0	30.0	-1.1299332882915258
24.0	31.0	1.2358056408150953
24.0	32.0	-2.0115265388049623
24.0	33.0	0.8706518521278787
24.0	34.0	0.3872640098852079
24.0	35.0	5.528514277434368
24.0	36.0	2.383714337078218
24.0	37.0	2.6417552384069025
24.0	38.0	0.44753096309233953
24.0	39.0	-5.842608538526371
24.0	40.0	0.5191914303866739
24.0	41.0	-4.145885515046441
24.0	42.0	-3.9748670898984133
24.0	43.0	-1.102686534137445
24.0	44.0	1.5347871091711074
24.0	45.0	-2.173362670196697
24.0	46.0	-1.7100206680458832
24.0	47.0	1.8895460838252351
24.0	48.0	-1.902631772882479
24.0	49.0	0.04837324495825418
24.0	50.0	-1.7635925976636646
24.0	51.0	-1.9038086905026628
24.0	52.0	1.1109810311954675
24.0	53.0	-0.12176626653898237
24.0	54.0	-0.10315705291734863
24.0	55.0	5.558131205916915
24.0	56.0	0.42762590029122377
24.0	57.0	0.5143885702066358
24.0	58.0	0.33613248544372293
24.0	59.0	-0.386724784599099
24.0	60.0	-1.9717283277192328
24.0	61.0	-1.3285826757472765
24.0	62.0	-1.455679978353549
24.0	63.0	-0.2271472218806786
24.0	64.0	-0.7671651762033387
24.0	65.0	-1.4006388055683399
24.0	66.0	1.0548290543012047
24.0	67.0	-2.682097713055398
24.0	68.0	-1.6749287670600468
24.0	69.0	-0.5663307023952221
25.0	25.0	0.0
25.0	26.0	-1.0559068374168115
25.0	27.0	-2.288167559483897
25.0	28.0	19.688612135906332
25.0	29.0	4.498745768293539
25.0	30.0	-0.2658866707748633
25.0	31.0	-2.395258278957655
25.0	32.0	2.0690938282000153
25.0	33.0	-2.0214818567455772
25.0	34.0	-1.1759429990431356
25.0	35.0	0.026803267930062907
25.0	36.0	-1.62855367167589
25.0	37.0	-0.2685930273901839
25.0	38.0	-2.967605603288053
25.0	39.0	-6.697297471649985
25.0	40.0	-2.6270074466492397
25.0	41.0	-3.2334064721909965
25.0	42.0	-0.12238169686548607
25.0	43.0	-1.4805671756680086
25.0	44.0	-2.757661015272131
25.0	45.0	2.7152161698586923
25.0	46.0	1.4822398955415903
25.0	47.0	-3.115903914733034
25.0	48.0	2.291355637725029
25.0	49.0	-2.6284760412364303
25.0	50.0	2.5775532341472904
25.0	51.0	1.7612194854918082
25.0	52.0	-2.9019001702636626
25.0	53.0	-3.3074949162307337
25.0	54.0	-3.282545952791747
25.0	55.0	-3.0418658716086715
25.0	56.0	-3.3849623140882557
25.0	57.0	-2.446446932258762
25.0	58.0	-2.7079450692727174
25.0	59.0	-1.6280641620047374
25.0	60.0	1.7601506469790147
25.0	61.0	1.0598596685512105
25.0	62.0	1.2922017534565884
25.0	63.0	-1.5998683157141096
25.0	64.0	-0.9776205243709333
25.0	65.0	-2.38778332508291
25.0	66.0	-2.4255221182271436
25.0	67.0	-0.2367865673432344
25.0	68.0	2.332474594900676
25.0	69.0	-1.199974615234805
26.0	26.0	0.0
26.0	27.0	-1.9077370628354664
26.0	28.0	-0.3265895917265312
26.0	29.0	60.90133059657402
26.0	30.0	37.43069186360006
26.0	31.0	-1.8947713947153506
26.0	32.0	0.3327536902339957
26.0	33.0	-1.896446663747738
26.0	34.0	-0.31699978286298053
26.0	35.0	-1.8223063194190954
26.0	36.0	-1.0952480044632678
26.0	37.0	-1.6275315701212194
26.0	38.0	-2.5778157961783457
26.0	39.0	-7.967060104825947
26.0	40.0	-2.5728054123559105
26.0	41.0	-4.104275480927724
26.0	42.0	-1.7731959789012772
26.0	43.0	-0.514868104887832
26.0	44.0	-2.6460295337292536
26.0	45.0	0.9074549839374149
26.0	46.0	0.5701609908108396
26.0	47.0	-2.8208172499566264
26.0	48.0	-0.3041584537602028
26.0	49.0	-2.2106223968149377
26.0	50.0	-0.036176488666883215
26.0	51.0	-0.4453325270190942
26.0	52.0	-2.581601358951805
26.0	53.0	-3.4088281789013952
26.0	54.0	-3.4935922843322196
26.0	55.0	-2.222146173031642
26.0	56.0	-2.6021761656014224
26.0	57.0	-1.9780950500029981
26.0	58.0	-1.6676402277443567
26.0	59.0	-1.9358729484173438
26.0	60.0	-0.5065710366518744
26.0	61.0	0.29235550906950813
26.0	62.0	0.06653639004786652
26.0	63.0	-2.1769156889823447
26.0	64.0	-1.5046535428961345
26.0	65.0	-2.9409073217791923
26.0	66.0	-1.915583776311332
26.0	67.0	-1.5962301330128934
26.0	68.0	0.4946335061735566
26.0	69.0	-2.3529608281732535
27.0	27.0	0.0
27.0	28.0	-1.9094844025869555
27.0	29.0	-3.4840192534058625
27.0	30.0	5.376322307184036
27.0	31.0	4.0822701737996985
27.0	32.0	-3.0150250206300115
27.0	33.0	2.392932969801634
27.0	34.0	0.46404454530666817
27.0	35.0	3.2963300792156374
27.0	36.0	1.207744867425608
27.0	37.0	0.5965857386593321
27.0	38.0	1.306136187093266
27.0	39.0	-5.281221526787971
27.0	40.0	1.379591118252445
27.0	41.0	-3.2147525667108723
27.0	42.0	-4.039653223125303
27.0	43.0	0.4706903484356944
27.0	44.0	1.9861516315642411
27.0	45.0	-2.3823173421278927
27.0	46.0	-1.4662038211462252
27.0	47.0	2.717508933105275
27.0	48.0	-3.1461433377926284
27.0	49.0	0.7340443686168263
27.0	50.0	-2.895729442595566
27.0	51.0	-2.8432284987537257
27.0	52.0	2.0952889414438567
27.0	53.0	0.7161670926388645
27.0	54.0	0.5326602056858314
27.0	55.0	1.3068310334452928
27.0	56.0	1.4620170195651163
27.0	57.0	1.5156509796307978
27.0	58.0	1.855284265175699
27.0	59.0	0.06763959322934288
27.0	60.0	-2.6791716525210405
27.0	61.0	-1.9740135949095117
27.0	62.0	-1.4934533553564442
27.0	63.0	-0.2530952424659356
27.0	64.0	-0.32573904090824657
27.0	65.0	-0.5150073211694327
27.0	66.0	1.9234741832811146
27.0	67.0	-3.0055332841522673
27.0	68.0	-2.3439758526304155
27.0	69.0	-0.05934516839381228
28.0	28.0	0.0
28.0	29.0	2.5324847556210757
28.0	30.0	0.3836077552466378
28.0	31.0	-1.0544315387646166
28.0	32.0	4.437652913329877
28.0	33.0	-0.05112099518311302
28.0	34.0	0.5013774666451841
28.0	35.0	3.573906541942585
28.0	36.0	-0.3850785962711102
28.0	37.0	-0.620998508293771
28.0	38.0	-2.1113821713956558
28.0	39.0	-5.364569126110875
28.0	40.0	-2.016287839405447
28.0	41.0	-1.89797753542147
28.0	42.0	0.9737336121430205
28.0	43.0	-0.5383114011356152
28.0	44.0	-1.1606667553285637
28.0	45.0	3.251836379083632
28.0	46.0	2.105476293254805
28.0	47.0	-2.27949874654344
28.0	48.0	3.1538099846174275
28.0	49.0	-1.7592078933395703
28.0	50.0	3.8014518477987638
28.0	51.0	2.8278263360806455
28.0	52.0	-2.4704376177704224
28.0	53.0	-2.489224171587809
28.0	54.0	-1.8970097865177138
28.0	55.0	-1.9993075330451462
28.0	56.0	-2.2980710844540995
28.0	57.0	-2.02893403867067
28.0	58.0	-2.059887337891885
28.0	59.0	-0.7175802541989333
28.0	60.0	2.5930725723687305
28.0	61.0	2.3073360007113024
28.0	62.0	1.5189127518965335
28.0	63.0	-0.5626220584272174
28.0	64.0	0.19332692250278252
28.0	65.0	-0.9608614191910764
28.0	66.0	-1.3469136616749033
28.0	67.0	1.359885445217856
28.0	68.0	3.559644295238217
28.0	69.0	0.14264240779123713
29.0	29.0	0.0
29.0	30.0	-0.541278327422444
29.0	31.0	-3.147707453636019
29.0	32.0	32.69492043923095
29.0	33.0	-3.153379456178847
29.0	34.0	-1.4405528219116086
29.0	35.0	-1.7430285726655983
29.0	36.0	-2.369470028959743
29.0	37.0	-1.361037085422063
29.0	38.0	-3.7446223494429374
29.0	39.0	-6.866106277862876
29.0	40.0	-3.6066574453490094
29.0	41.0	-3.0582283607615257
29.0	42.0	1.6249619496833994
29.0	43.0	-2.466220058347265
29.0	44.0	-3.3490783196354097
29.0	45.0	3.9074919067901535
29.0	46.0	2.3909298496429674
29.0	47.0	-4.602327279827986
29.0	48.0	4.188553979736799
29.0	49.0	-3.4443405075484907
29.0	50.0	4.252794664058662
29.0	51.0	3.840238518052107
29.0	52.0	-4.231726206392684
29.0	53.0	-3.7437952254204845
29.0	54.0	-3.9803543533607826
29.0	55.0	-3.407936723612422
29.0	56.0	-3.7786740326574337
29.0	57.0	-3.4284015298372545
29.0	58.0	-3.855812728075749
29.0	59.0	-1.9274096167342614
29.0	60.0	3.2550335497948106
29.0	61.0	2.494926382621323
29.0	62.0	2.0121349792421452
29.0	63.0	-1.3470079316938008
29.0	64.0	-1.2230935939876169
29.0	65.0	-1.8435922220618293
29.0	66.0	-3.080076469619066
29.0	67.0	1.4590426280015119
29.0	68.0	3.6681744670268923
29.0	69.0	-1.2081832518480216
30.0	30.0	0.0
30.0	31.0	-1.1681001458160434
30.0	32.0	15.829961445181054
30.0	33.0	-1.1825952734639955
30.0	34.0	0.579488474234618
30.0	35.0	-0.9083524087785484
30.0	36.0	-0.059384757506329586
30.0	37.0	-1.36882697848884
30.0	38.0	-1.6861802889645252
30.0	39.0	-6.660363134425919
30.0	40.0	-1.7241626540964998
30.0	41.0	-2.957812162429362
30.0	42.0	-0.604291010577563
30.0	43.0	0.5702323329574144
30.0	44.0	-1.8409442494560513
30.0	45.0	1.0528812189060595
30.0	46.0	1.8210598497708166
30.0	47.0	-1.3815665700024473
30.0	48.0	0.3364852637762648
30.0	49.0	-1.732275551532785
30.0	50.0	0.778316709327006
30.0	51.0	0.607469092881524
30.0	52.0	-1.5752398242084518
30.0	53.0	-1.9641622303240556
30.0	54.0	-2.685275032961608
30.0	55.0	-0.9798770933399437
30.0	56.0	-1.5257151016159685
30.0	57.0	-0.45554706492496333
30.0	58.0	-0.9089273556496188
30.0	59.0	-1.171643100521025
30.0	60.0	0.4043773078315487
30.0	61.0	0.6787347547472136
30.0	62.0	0.5629767602992704
30.0	63.0	-1.343404872257437
30.0	64.0	-0.6797090406520956
30.0	65.0	-1.5232601847713747
30.0	66.0	-0.7918020149111852
30.0	67.0	-1.33034880961812
30.0	68.0	0.6079533304322219
30.0	69.0	-1.3748132700761277
31.0	31.0	0.0
31.0	32.0	-1.9007608433652243
31.0	33.0	4.7530447600980885
31.0	34.0	0.44385102311511593
31.0	35.0	1.93972916621793
31.0	36.0	1.0602268595621955
31.0	37.0	1.1222929293875603
31.0	38.0	1.7037749295149667
31.0	39.0	-5.007462317518801
31.0	40.0	1.5668357543791511
31.0	41.0	-3.5746848250465266
31.0	42.0	-3.620964867492723
31.0	43.0	0.4728317653098342
31.0	44.0	1.932807419238527
31.0	45.0	-2.446102694524337
31.0	46.0	-0.6952514547776187
31.0	47.0	2.6669009790077944
31.0	48.0	-2.795535103015553
31.0	49.0	1.2946186364670988
31.0	50.0	-2.470639188436828
31.0	51.0	-2.56879285620265
31.0	52.0	2.252409693304008
31.0	53.0	1.087023250527404
31.0	54.0	0.20985739971322218
31.0	55.0	1.2665547198640532
31.0	56.0	1.4931368728390522
31.0	57.0	1.6701156820860714
31.0	58.0	1.5772046422814616
31.0	59.0	0.696583300693103
31.0	60.0	-2.1243064740655857
31.0	61.0	-1.9572400765385327
31.0	62.0	-1.831545441315618
31.0	63.0	0.1274781180703543
31.0	64.0	0.17723365345613143
31.0	65.0	0.11519245390856334
31.0	66.0	2.1635088712175423
31.0	67.0	-2.3161635909419087
31.0	68.0	-1.8435049683870144
31.0	69.0	-0.09365330412781205
32.0	32.0	0.0
32.0	33.0	-2.33127628176116
32.0	34.0	-0.5822467966052538
32.0	35.0	-0.5948936101998309
32.0	36.0	-1.498878549561897
32.0	37.0	-0.7570211619905688
32.0	38.0	-2.9126716941854767
32.0	39.0	-5.899032546322249
32.0	40.0	-3.1745490666576317
32.0	41.0	-2.147777301400962
32.0	42.0	2.370364761705762
32.0	43.0	-1.7891731888806062
32.0	44.0	-3.019390382243605
32.0	45.0	4.409875297651243
32.0	46.0	3.149163363684817
32.0	47.0	-4.305847681158417
32.0	48.0	4.640718126405737
32.0	49.0	-2.676114599207414
32.0	50.0	4.953470755708395
32.0	51.0	4.332579168145763
32.0	52.0	-3.7270983998016614
32.0	53.0	-3.359511548820169
32.0	54.0	-3.1693758017293927
32.0	55.0	-3.173153754011955
32.0	56.0	-3.5245483691645467
32.0	57.0	-3.18449741926721
32.0	58.0	-3.0712560605445693
32.0	59.0	-1.2036526466188397
32.0	60.0	4.066175604967433
32.0	61.0	3.4231811805433656
32.0	62.0	3.2278449301684953
32.0	63.0	-0.8937058355187701
32.0	64.0	-0.3677318470481288
32.0	65.0	-1.1638277875005347
32.0	66.0	-2.412942220382908
32.0	67.0	2.0105890983602057
32.0	68.0	4.307288997670427
32.0	69.0	-0.25956203665849586
33.0	33.0	0.0
33.0	34.0	0.4986466333663114
33.0	35.0	4.554918758496313
33.0	36.0	0.9028415154340492
33.0	37.0	0.5508191555802202
33.0	38.0	1.2258311520448963
33.0	39.0	-5.75177826749937
33.0	40.0	0.9578232190608109
33.0	41.0	-3.445568301080677
33.0	42.0	-3.9419638135325443
33.0	43.0	0.07106663090293229
33.0	44.0	1.920266650877037
33.0	45.0	-2.307503759208117
33.0	46.0	-0.7726370037036832
33.0	47.0	2.10032199088606
33.0	48.0	-2.717785318757027
33.0	49.0	0.5706898883519733
33.0	50.0	-2.2607941175067467
33.0	51.0	-2.43220874476336
33.0	52.0	1.5756839581471136
33.0	53.0	0.2870483933720673
33.0	54.0	0.05395197958182677
33.0	55.0	0.8746616588315846
33.0	56.0	0.8503737401540619
33.0	57.0	3.2944523924857085
33.0	58.0	1.1727899563390025
33.0	59.0	0.35219541957575634
33.0	60.0	-1.855503425911404
33.0	61.0	-1.6993016696582512
33.0	62.0	-1.2641652345361707
33.0	63.0	-0.1344444890950109
33.0	64.0	-0.29776427891034496
33.0	65.0	-0.7538003902065626
33.0	66.0	1.4904335891491005
33.0	67.0	-2.1562207917742824
33.0	68.0	-2.061659813550599
33.0	69.0	0.26989342845363906
34.0	34.0	0.0
34.0	35.0	0.0373304881967646
34.0	36.0	4.892845563473088
34.0	37.0	-0.1025563908823912
34.0	38.0	0.24337763616282304
34.0	39.0	-4.847753565276178
34.0	40.0	-0.036415655992643674
34.0	41.0	-2.552878323925009
34.0	42.0	-1.6143866033273178
34.0	43.0	0.20136385096135698
34.0	44.0	0.25036377460003206
34.0	45.0	0.10152266850433868
34.0	46.0	0.8323530541605646
34.0	47.0	0.4746852724861852
34.0	48.0	-0.41372709321943185
34.0	49.0	-0.1122323819549151
34.0	50.0	-0.3894966824340214
34.0	51.0	-0.36519369964851744
34.0	52.0	0.4520474132627109
34.0	53.0	-0.33204347947773954
34.0	54.0	-0.9142808143440608
34.0	55.0	-0.2264949601082904
34.0	56.0	-0.009265751285699696
34.0	57.0	0.31074901715305137
34.0	58.0	0.008245360506065377
34.0	59.0	-0.048781805544631594
34.0	60.0	-0.6656614417226805
34.0	61.0	0.134909411233806
34.0	62.0	0.5612040422977128
34.0	63.0	0.1990617020322777
34.0	64.0	-0.035072809105410184
34.0	65.0	-0.9397984029437075
34.0	66.0	0.35884872411005353
34.0	67.0	-1.3256714165801016
34.0	68.0	-0.07287703090099229
34.0	69.0	-0.19459063063910603
35.0	35.0	0.0
35.0	36.0	1.6967307286682618
35.0	37.0	2.653182675202488
35.0	38.0	0.202244085423531
35.0	39.0	-5.197973617728587
35.0	40.0	0.002606631998130389
35.0	41.0	-3.1316920233697747
35.0	42.0	-2.1537132638854457
35.0	43.0	-0.32820380832896473
35.0	44.0	0.6279785610284886
35.0	45.0	-0.6754956367024423
35.0	46.0	-0.06131325080423139
35.0	47.0	0.7300562935453675
35.0	48.0	-0.8661974568567661
35.0	49.0	-0.3607673393250079
35.0	50.0	-0.7147302763295126
35.0	51.0	-0.9536256634054316
35.0	52.0	0.6610051587024441
35.0	53.0	-0.43833115403710016
35.0	54.0	-0.3309401045540751
35.0	55.0	0.324278779497853
35.0	56.0	0.1057023370491754
35.0	57.0	0.3605842130183538
35.0	58.0	0.4167512917269813
35.0	59.0	-0.5756386832226811
35.0	60.0	-0.6213865907629665
35.0	61.0	-0.9235884269336305
35.0	62.0	-0.5884712340773145
35.0	63.0	-0.5385720519111643
35.0	64.0	-0.41343892036632635
35.0	65.0	-0.7887533416568308
35.0	66.0	0.8602402712197375
35.0	67.0	-2.260906037590645
35.0	68.0	-0.5804547644016472
35.0	69.0	-0.38697834690583754
36.0	36.0	0.0
36.0	37.0	2.4155329499004607
36.0	38.0	1.1455699190076956
36.0	39.0	-2.26052900012283
36.0	40.0	0.5674858740495725
36.0	41.0	-3.056155131995985
36.0	42.0	-3.4985965550622624
36.0	43.0	-0.9258855193227176
36.0	44.0	1.873228344275117
36.0	45.0	-1.430690841945344
36.0	46.0	-1.1624104460842253
36.0	47.0	2.0399888282796077
36.0	48.0	-1.7153820691355335
36.0	49.0	0.4007639949587323
36.0	50.0	-1.004808752869347
36.0	51.0	-1.4555717704972553
36.0	52.0	1.1995856292962912
36.0	53.0	0.20518925212434969
36.0	54.0	0.15072317224915766
36.0	55.0	0.4240698350929632
36.0	56.0	0.9403652976495469
36.0	57.0	0.9738304440945035
36.0	58.0	0.7841144002192804
36.0	59.0	-0.5802910679532869
36.0	60.0	-1.3926205555026678
36.0	61.0	-0.7583387033255178
36.0	62.0	-1.4647507721897066
36.0	63.0	0.11146037105126094
36.0	64.0	-1.1508553053386563
36.0	65.0	-0.9602824561151371
36.0	66.0	1.2625408526368471
36.0	67.0	-2.0667937760343036
36.0	68.0	-1.2792481041267394
36.0	69.0	0.21306258512219883
37.0	37.0	0.0
37.0	38.0	0.4853623485785803
37.0	39.0	-5.253965439102896
37.0	40.0	0.41614951148463175
37.0	41.0	-3.780312838078491
37.0	42.0	-2.6667991614146302
37.0	43.0	-1.3874244048151922
37.0	44.0	0.8607484058729318
37.0	45.0	-0.6498034234070177
37.0	46.0	-0.6064918069837786
37.0	47.0	0.8916774267649348
37.0	48.0	-0.41817355137600626
37.0	49.0	-0.25947818703776776
37.0	50.0	-0.10549647754606212
37.0	51.0	-0.8521716684861209
37.0	52.0	0.5297873666929783
37.0	53.0	-0.29469703477618414
37.0	54.0	-0.443957547782309
37.0	55.0	0.13328236332220195
37.0	56.0	0.31558453497655703
37.0	57.0	-0.00501363132400487
37.0	58.0	-0.06464500850047605
37.0	59.0	-0.20604431800745046
37.0	60.0	-0.5259409616608628
37.0	61.0	-0.7348138715099654
37.0	62.0	-0.797940663474292
37.0	63.0	-0.5906280679349412
37.0	64.0	-0.9286769687516997
37.0	65.0	-1.33002075937899
37.0	66.0	0.48809534002096266
37.0	67.0	-2.1433186607071275
37.0	68.0	-0.5499302103018057
37.0	69.0	-0.32255579491015324
38.0	38.0	0.0
38.0	39.0	-5.689862679839618
38.0	40.0	12.059551760664284
38.0	41.0	2.3434061943492503
38.0	42.0	-4.168054167859071
38.0	43.0	13.168480402407221
38.0	44.0	2.211675770624453
38.0	45.0	-2.7055263290520855
38.0	46.0	-1.8508739718201594
38.0	47.0	2.4012941462097106
38.0	48.0	-3.1006723592228487
38.0	49.0	0.40029177397543625
38.0	50.0	-2.7634789330612164
38.0	51.0	-3.0204437645601057
38.0	52.0	1.5101176547446356
38.0	53.0	0.3593714788950736
38.0	54.0	0.18985998953096017
38.0	55.0	0.6747557445274956
38.0	56.0	0.9189065695796726
38.0	57.0	1.0863063620441777
38.0	58.0	1.181625518708116
38.0	59.0	-0.09565682779810936
38.0	60.0	-2.571148292828413
38.0	61.0	-2.151230533850068
38.0	62.0	-1.7012608751880094
38.0	63.0	-0.1820057476260852
38.0	64.0	-0.6137515709023778
38.0	65.0	-1.0045325262810738
38.0	66.0	1.238333322661286
38.0	67.0	-2.6713077008290202
38.0	68.0	-2.2606386872823347
38.0	69.0	-0.2944942603089506
39.0	39.0	0.0
39.0	40.0	-5.793151237474627
39.0	41.0	150.8149589836626
39.0	42.0	127.69967078636861
39.0	43.0	18.21686708197626
39.0	44.0	-5.129802853294999
39.0	45.0	-5.151065939663574
39.0	46.0	-4.763093337428693
39.0	47.0	-4.718714122611944
39.0	48.0	-6.26663220880991
39.0	49.0	-6.464555536980667
39.0	50.0	-5.036057800775613
39.0	51.0	-6.305483296024437
39.0	52.0	-5.19230762617776
39.0	53.0	-6.324452072242122
39.0	54.0	-6.853770710319001
39.0	55.0	-6.218031943989924
39.0	56.0	-6.3872595104312495
39.0	57.0	-6.105213128039368
39.0	58.0	-5.66753213066547
39.0	59.0	-6.070446097887641
39.0	60.0	-5.716927247334737
39.0	61.0	-5.7310635102572265
39.0	62.0	-5.642735150853224
39.0	63.0	-6.566324618953407
39.0	64.0	-5.766349313675963
39.0	65.0	-6.807778499168432
39.0	66.0	-5.832829150583156
39.0	67.0	-7.59912029820725
39.0	68.0	-5.355418592112724
39.0	69.0	-5.564218299481498
40.0	40.0	0.0
40.0	41.0	-3.814653465274394
40.0	42.0	-4.314244498900395
40.0	43.0	0.09789575108076659
40.0	44.0	7.703509633485814
40.0	45.0	-2.862489231592192
40.0	46.0	-1.8034234518035885
40.0	47.0	2.24149606325318
40.0	48.0	-2.9850915431612384
40.0	49.0	6.168927342594571
40.0	50.0	-3.0098454858774186
40.0	51.0	-3.21248766374112
40.0	52.0	9.303702090324578
40.0	53.0	0.31712886225899223
40.0	54.0	0.2993560375935307
40.0	55.0	0.5956289830588017
40.0	56.0	0.9921652398317178
40.0	57.0	0.7968150326534729
40.0	58.0	1.1489803716070361
40.0	59.0	-0.44882157612455875
40.0	60.0	-2.68749092956219
40.0	61.0	-2.1857838002645096
40.0	62.0	-1.9916665939858142
40.0	63.0	-0.5987110606977727
40.0	64.0	-0.7384390257288249
40.0	65.0	-1.097519094664727
40.0	66.0	1.535318456428079
40.0	67.0	-3.1942518024219155
40.0	68.0	-2.664949219443877
40.0	69.0	-0.7122730577005477
41.0	41.0	0.0
41.0	42.0	4.204826028773257
41.0	43.0	-0.31265398378842857
41.0	44.0	-3.6630345924234873
41.0	45.0	-1.6445949574578103
41.0	46.0	-1.8008678235406212
41.0	47.0	-3.9918346838616716
41.0	48.0	-2.2767228958412233
41.0	49.0	-3.8239166385986754
41.0	50.0	-2.1186426732727908
41.0	51.0	-2.4468977613954292
41.0	52.0	-2.6154650703833706
41.0	53.0	-4.571781682503127
41.0	54.0	-5.17275833425558
41.0	55.0	-3.7685705794781112
41.0	56.0	-4.297988898189996
41.0	57.0	-3.5068196270298717
41.0	58.0	-3.3688386806845734
41.0	59.0	-4.035043887523191
41.0	60.0	-2.486917379230578
41.0	61.0	-1.8367310789280717
41.0	62.0	-2.0185443865177746
41.0	63.0	-3.8322220989676374
41.0	64.0	-3.415538210187977
41.0	65.0	-4.667827504402547
41.0	66.0	-3.0164676813781774
41.0	67.0	-4.290725155360635
41.0	68.0	-1.7519530622423547
41.0	69.0	-3.331596613965145
42.0	42.0	0.0
42.0	43.0	-1.633220341254331
42.0	44.0	-4.253120251066294
42.0	45.0	3.1810939504069324
42.0	46.0	3.131404326158525
42.0	47.0	-5.778110610412618
42.0	48.0	2.4568330683700887
42.0	49.0	-4.1583401741927295
42.0	50.0	2.665959371212934
42.0	51.0	3.185026362872081
42.0	52.0	-5.205487862823356
42.0	53.0	-4.702632373155001
42.0	54.0	-4.371937961940438
42.0	55.0	-3.8543787522429214
42.0	56.0	-4.346523171166447
42.0	57.0	-3.742594020517096
42.0	58.0	-4.511728418407622
42.0	59.0	-2.6619998007985175
42.0	60.0	1.9284213877998087
42.0	61.0	0.7350746144803357
42.0	62.0	1.356330416525625
42.0	63.0	-2.737507837758634
42.0	64.0	-1.6534445182752813
42.0	65.0	-2.5237497752900837
42.0	66.0	-3.609871605518888
42.0	67.0	-0.069927130698539
42.0	68.0	2.2251142103961996
42.0	69.0	-2.1665461403352397
43.0	43.0	0.0
43.0	44.0	2.1761345817977618
43.0	45.0	-0.611134896552539
43.0	46.0	0.6161055055839264
43.0	47.0	0.7372770828031431
43.0	48.0	-2.121453677867579
43.0	49.0	0.005226135179503424
43.0	50.0	-1.6033246147031452
43.0	51.0	-2.0073516562844134
43.0	52.0	0.6191095259426986
43.0	53.0	-0.6343362318573099
43.0	54.0	-1.1626324425742915
43.0	55.0	0.18901819621735688
43.0	56.0	-0.1727167889216819
43.0	57.0	0.6797916149404974
43.0	58.0	0.777716630872052
43.0	59.0	-0.3475764994697894
43.0	60.0	-1.416636163941007
43.0	61.0	-1.2253912286673556
43.0	62.0	-0.9215797951383567
43.0	63.0	-0.7589783744277736
43.0	64.0	0.182367241514712
43.0	65.0	-0.585372442256526
43.0	66.0	0.6306196635034167
43.0	67.0	-1.9148495384996433
43.0	68.0	-1.0421940327524593
43.0	69.0	-0.6234310335891066
44.0	44.0	0.0
44.0	45.0	-2.9473498987454665
44.0	46.0	-2.2468625574134578
44.0	47.0	4.060536359883829
44.0	48.0	-3.207348556482289
44.0	49.0	4.561216624299985
44.0	50.0	-2.4275635685179355
44.0	51.0	-3.0534144883313483
44.0	52.0	2.86896653721036
44.0	53.0	1.1637634846833749
44.0	54.0	1.2921362200624547
44.0	55.0	1.3022245818283051
44.0	56.0	1.6202770033167129
44.0	57.0	1.9127225602191826
44.0	58.0	1.719360651654651
44.0	59.0	0.9699651238832043
44.0	60.0	-2.39105129189775
44.0	61.0	-1.8096503716400625
44.0	62.0	-2.4357232619945326
44.0	63.0	0.6000854395372409
44.0	64.0	0.12946015050088266
44.0	65.0	-0.29880813098660974
44.0	66.0	1.8864179422676353
44.0	67.0	-2.370552136879899
44.0	68.0	-2.6005752835999654
44.0	69.0	0.6682930585431397
45.0	45.0	0.0
45.0	46.0	3.812180665785252
45.0	47.0	-4.047421067935042
45.0	48.0	27.69745278304268
45.0	49.0	-2.5226469826670628
45.0	50.0	4.95608216495549
45.0	51.0	4.354725064445576
45.0	52.0	-3.3620694924886503
45.0	53.0	-2.8997081710645447
45.0	54.0	-2.852398610982988
45.0	55.0	-2.845370724459839
45.0	56.0	-2.802486896538716
45.0	57.0	-2.782037035302918
45.0	58.0	-2.9184819191630105
45.0	59.0	-1.1750618229948893
45.0	60.0	4.047019728568931
45.0	61.0	3.4966853540897667
45.0	62.0	3.746385406135807
45.0	63.0	-0.32031730089172983
45.0	64.0	0.016117423447092542
45.0	65.0	-1.2920023425935443
45.0	66.0	-2.158340515111174
45.0	67.0	2.0236469638399988
45.0	68.0	4.837459254958713
45.0	69.0	-0.24585111969941448
46.0	46.0	0.0
46.0	47.0	-2.8994779974903726
46.0	48.0	2.8422592544167466
46.0	49.0	-1.3835522530846527
46.0	50.0	2.82759633776645
46.0	51.0	3.413085230927829
46.0	52.0	-2.071718702945709
46.0	53.0	-2.2148110393192333
46.0	54.0	-2.1216472341177357
46.0	55.0	-0.7867727437002016
46.0	56.0	-1.7415227834923135
46.0	57.0	-1.2335038338155662
46.0	58.0	-1.5842589459604968
46.0	59.0	-0.24827576970819543
46.0	60.0	2.4757091959604107
46.0	61.0	2.237710314598354
46.0	62.0	3.194520100525063
46.0	63.0	-0.6253655426365464
46.0	64.0	0.9315719082477978
46.0	65.0	-0.8172540877150029
46.0	66.0	-0.8604349014954963
46.0	67.0	1.0205865482203584
46.0	68.0	3.247202097284931
46.0	69.0	-0.011715073526139907
47.0	47.0	0.0
47.0	48.0	-4.437008057612759
47.0	49.0	9.678817600156563
47.0	50.0	-3.5584290545455213
47.0	51.0	-4.313339089625286
47.0	52.0	2.8380177174749845
47.0	53.0	1.5970031459730303
47.0	54.0	1.4787745545018107
47.0	55.0	1.7529965236363498
47.0	56.0	4.442497200833032
47.0	57.0	2.1875531993419672
47.0	58.0	4.034233124680368
47.0	59.0	0.38416305969827064
47.0	60.0	-3.4811368516812147
47.0	61.0	-2.699581725641471
47.0	62.0	-2.8358558562854603
47.0	63.0	4.060622200929636
47.0	64.0	-0.05737645709789627
47.0	65.0	0.04990137832710822
47.0	66.0	2.515532329343191
47.0	67.0	-3.3643152088381094
47.0	68.0	-3.689797280840817
47.0	69.0	0.3875679229274393
48.0	48.0	0.0
48.0	49.0	-3.130215090672999
48.0	50.0	27.505895422334813
48.0	51.0	4.7756965068194495
48.0	52.0	-3.8331197211317956
48.0	53.0	-3.0371509324840824
48.0	54.0	-3.244956796374256
48.0	55.0	-3.154493065944407
48.0	56.0	-3.6458812972858494
48.0	57.0	-3.191292253431986
48.0	58.0	-3.0196773580894813
48.0	59.0	-1.721605623717306
48.0	60.0	4.091734492653058
48.0	61.0	3.4290022933088826
48.0	62.0	3.1881154575398174
48.0	63.0	0.0297603975103123
48.0	64.0	-0.30121136379652846
48.0	65.0	3.4121665254607567
48.0	66.0	-2.6567648688567407
48.0	67.0	1.6228416433350035
48.0	68.0	4.660454523890421
48.0	69.0	-0.46050507321704504
49.0	49.0	0.0
49.0	50.0	-2.877221559949543
49.0	51.0	-2.530127587713078
49.0	52.0	5.427398448839141
49.0	53.0	-0.027936006512930354
49.0	54.0	24.52270408968527
49.0	55.0	0.29732733779323495
49.0	56.0	4.505046913063028
49.0	57.0	0.8789952669266221
49.0	58.0	0.9114528520963388
49.0	59.0	-0.17760245941387914
49.0	60.0	-2.431125501441797
49.0	61.0	-1.949385782365317
49.0	62.0	-1.976379476617511
49.0	63.0	-0.704683084099056
49.0	64.0	-0.5659459460590942
49.0	65.0	0.8969251399225552
49.0	66.0	1.1422449597324886
49.0	67.0	-2.588288859720947
49.0	68.0	-2.432304761461762
49.0	69.0	-0.3986531571714823
50.0	50.0	0.0
50.0	51.0	4.403918679780223
50.0	52.0	-2.52226263372687
50.0	53.0	-2.946274478812729
50.0	54.0	-2.350707330191794
50.0	55.0	-3.1245600690002377
50.0	56.0	-3.3284833885870637
50.0	57.0	-2.993261751630588
50.0	58.0	-3.456869201524409
50.0	59.0	-0.7357311132869317
50.0	60.0	4.39678594926527
50.0	61.0	3.6590636209772955
50.0	62.0	2.871188836388241
50.0	63.0	-0.4668905938829512
50.0	64.0	-0.00748490933841529
50.0	65.0	-1.101133618445733
50.0	66.0	-2.6550102243877594
50.0	67.0	8.749510578817102
50.0	68.0	5.012981149152833
50.0	69.0	0.12772154425402235
51.0	51.0	0.0
51.0	52.0	-3.7772413099507096
51.0	53.0	-3.209077656315296
51.0	54.0	0.7642939281506249
51.0	55.0	-2.6922104644621414
51.0	56.0	-3.301808130490071
51.0	57.0	-2.956082919223946
51.0	58.0	-3.326214992367671
51.0	59.0	-1.7353956176323737
51.0	60.0	4.000755598149324
51.0	61.0	2.701194316504719
51.0	62.0	3.366562540289172
51.0	63.0	-0.9188419005749454
51.0	64.0	-0.24164704047545207
51.0	65.0	-1.1378041564963033
51.0	66.0	-1.428151771222231
51.0	67.0	41.44917224632135
51.0	68.0	4.202080382598416
51.0	69.0	-0.5975276220400961
52.0	52.0	0.0
52.0	53.0	0.7860543885288084
52.0	54.0	1.3054870139850658
52.0	55.0	1.112110813781511
52.0	56.0	1.3545081455473884
52.0	57.0	1.7787785140055181
52.0	58.0	2.125334694872273
52.0	59.0	0.5081370505461336
52.0	60.0	-3.0456774010696726
52.0	61.0	-2.291520200645152
52.0	62.0	-2.613389561093165
52.0	63.0	-0.13702931762875042
52.0	64.0	-0.08586155532847135
52.0	65.0	0.2595578553529069
52.0	66.0	1.9565771039773825
52.0	67.0	-3.1316240670126847
52.0	68.0	-3.1381259342557617
52.0	69.0	0.23334364956792833
53.0	53.0	0.0
53.0	54.0	-0.542880958203133
53.0	55.0	6.090553428855334
53.0	56.0	0.31371236673433145
53.0	57.0	0.6125128817516553
53.0	58.0	0.35013033565582746
53.0	59.0	-0.8524085415216321
53.0	60.0	-2.9267462484661526
53.0	61.0	-2.4250742965263203
53.0	62.0	-2.6472513199955823
53.0	63.0	-0.6383616319272885
53.0	64.0	-0.8142106274172091
53.0	65.0	-1.2669814348611101
53.0	66.0	0.5378804886805689
53.0	67.0	-3.163609629528177
53.0	68.0	17.014731520437685
53.0	69.0	8.876134200030794
54.0	54.0	0.0
54.0	55.0	-0.3295030145509668
54.0	56.0	17.297933463190766
54.0	57.0	0.31831142440498617
54.0	58.0	-0.08850876906478575
54.0	59.0	-0.767394512049571
54.0	60.0	-2.7315601098130826
54.0	61.0	-2.558170651302788
54.0	62.0	-2.5531689842731287
54.0	63.0	-0.8720760247185697
54.0	64.0	-1.0004886644796085
54.0	65.0	3.4156344680893103
54.0	66.0	0.11748819678189806
54.0	67.0	20.35850443821849
54.0	68.0	-2.5938309057394173
54.0	69.0	-0.34084657105326255
55.0	55.0	0.0
55.0	56.0	0.7157902659200954
55.0	57.0	3.5366279807536243
55.0	58.0	0.9744076852388074
55.0	59.0	-0.11851801552582536
55.0	60.0	-2.243487460933024
55.0	61.0	-2.0888477964557497
55.0	62.0	-1.704968885294069
55.0	63.0	-0.551611655297141
55.0	64.0	-0.3924723100309489
55.0	65.0	-0.4741676802069047
55.0	66.0	10.586195073269417
55.0	67.0	-2.7295559831318443
55.0	68.0	-2.161013116287781
55.0	69.0	-0.48894877649104
56.0	56.0	0.0
56.0	57.0	1.1960598878254785
56.0	58.0	5.015762489570285
56.0	59.0	0.5374007882222384
56.0	60.0	-2.340437137921489
56.0	61.0	-1.499565249158406
56.0	62.0	-2.376404901000788
56.0	63.0	5.569136087357112
56.0	64.0	-0.6263170651462814
56.0	65.0	9.640404161031746
56.0	66.0	1.4944256362120127
56.0	67.0	-1.6416696186957904
56.0	68.0	-2.4684221860386386
56.0	69.0	-0.761041498789001
57.0	57.0	0.0
57.0	58.0	1.6824893487674264
57.0	59.0	3.1657129464050793
57.0	60.0	-2.4416529304380767
57.0	61.0	-1.8940717064956794
57.0	62.0	-1.4346155067054986
57.0	63.0	0.1710723177366146
57.0	64.0	7.249250323849489
57.0	65.0	1.6642790978993822
57.0	66.0	4.246419410299995
57.0	67.0	-2.959236959392288
57.0	68.0	-2.4055458961405822
57.0	69.0	0.1127121993471526
58.0	58.0	0.0
58.0	59.0	-0.2493166716407619
58.0	60.0	-2.460651333773346
58.0	61.0	-0.7040568266593917
58.0	62.0	1.6751809063240088
58.0	63.0	4.776806052924975
58.0	64.0	3.1197719019357346
58.0	65.0	0.21562271502153968
58.0	66.0	1.5680705604633753
58.0	67.0	-2.9736124399018964
58.0	68.0	-2.6791300169068446
58.0	69.0	0.014163284421465385
59.0	59.0	0.0
59.0	60.0	-0.8843655763366277
59.0	61.0	-1.1083162995121643
59.0	62.0	6.610177772899304
59.0	63.0	0.7758491620047404
59.0	64.0	10.554867466551425
59.0	65.0	-0.9012843479857098
59.0	66.0	0.22519586170263126
59.0	67.0	-1.547636735799741
59.0	68.0	-0.5009943879455174
59.0	69.0	-0.4524530692817851
60.0	60.0	0.0
60.0	61.0	3.4314114838806127
60.0	62.0	9.519404954610883
60.0	63.0	-0.542343226033295
60.0	64.0	0.08522885422555732
60.0	65.0	-1.199311466265124
60.0	66.0	-1.9320632762319325
60.0	67.0	1.84262918898688
60.0	68.0	3.9432738605187727
60.0	69.0	-0.2541049477968617
61.0	61.0	0.0
61.0	62.0	2.840431616339455
61.0	63.0	6.579058669760481
61.0	64.0	2.834891235987563
61.0	65.0	-1.5347818018895665
61.0	66.0	-2.0120715057274086
61.0	67.0	1.999729896019422
61.0	68.0	3.159315591476097
61.0	69.0	-0.09298624348537131
62.0	62.0	0.0
62.0	63.0	-0.7605966316253702
62.0	64.0	11.345694462445946
62.0	65.0	-1.4625780922193568
62.0	66.0	-1.2718941000850548
62.0	67.0	0.3752037164929081
62.0	68.0	3.10644746127314
62.0	69.0	-0.32662989925933644
63.0	63.0	0.0
63.0	64.0	-0.5158095804243906
63.0	65.0	25.965290199054767
63.0	66.0	-0.0565306844659812
63.0	67.0	-1.3169705657392399
63.0	68.0	-0.4019975419917146
63.0	69.0	-0.0021353529290652658
64.0	64.0	0.0
64.0	65.0	0.030284818244674817
64.0	66.0	-0.3579448135328005
64.0	67.0	-0.8818817237456325
64.0	68.0	-0.06890999075497001
64.0	69.0	-0.19061881517781096
65.0	65.0	0.0
65.0	66.0	-0.6651020159431442
65.0	67.0	28.734687891975952
65.0	68.0	-1.1604343636163428
65.0	69.0	-0.7527798102885668
66.0	66.0	0.0
66.0	67.0	-2.6723064264646275
66.0	68.0	-0.4470954879859495
66.0	69.0	0.09766751689602915
67.0	67.0	0.0
67.0	68.0	2.06089645471864
67.0	69.0	-0.9999679320715561
68.0	68.0	0.0
68.0	69.0	0.47967781985995245
69.0	69.0	0.0
