1	1	NaN
1	2	22.717924805612096
1	3	7.964710805101699
1	4	13.817287914579797
1	5	-1.0285738083546194
1	6	1.9225308980915836
1	7	-14.587796060652417
1	8	-19.768026309181696
1	9	-13.09204889815343
1	10	-7.599488248791921
1	11	-1.8577627885312857
1	12	-1.498295216255218
1	13	9.932334432845108
1	14	-8.63100804365976
1	15	15.302808319013941
1	16	3.4613897986546265
1	17	-0.4131973398487729
1	18	9.577774195773735
1	19	0.7358039870830274
1	20	-21.217643764514364
1	21	-27.826378529547757
1	22	1.920541325465651
1	23	-13.489070290875466
1	24	9.622704357895268
1	25	-2.7448173969635943
1	26	11.316906996294598
1	27	9.667800087024078
1	28	-1.152384952080218
1	29	2.2498529354633496
1	30	-6.505424520700802
1	31	-3.840591721283322
1	32	5.348986954231009
1	33	-10.638957109216909
1	34	-4.608232639298164
1	35	-2.641560091973029
1	36	11.90734152582129
1	37	-16.24064674050169
1	38	4.332432641403792
1	39	-11.283156712127843
1	40	8.265599365625956
1	41	1.9220520203474196
1	42	5.686554197460906
1	43	-28.462870674043252
1	44	19.244107573698937
1	45	-1.5295245467351886
1	46	23.681719028980137
1	47	8.966456220613301
1	48	9.11989952318037
1	49	-10.074234050708819
1	50	-1.5037995768726282
1	51	-6.113229996179863
1	52	-33.14537147439896
1	53	0.0695586632784094
1	54	2.4838590096417494
1	55	14.489207033729555
1	56	48.094540499591886
1	57	-10.169092426323283
1	58	-25.351148134939177
1	59	-2.2807258348506156
1	60	10.495065573790473
1	61	8.745544568656278
1	62	-1.3243079456088591
1	63	-5.419158011082875
1	64	23.303950203435974
1	65	-16.80100707022539
1	66	-10.679956727784829
1	67	-4.259154970766485
1	68	0.21048417545456458
1	69	17.797810123498095
2	2	NaN
2	3	2.8035905691436906
2	4	65.92561068825893
2	5	1.774554796451829
2	6	2.0278236498107507
2	7	9.600505366845965
2	8	-2.339185833027124
2	9	-12.504185522911715
2	10	7.502291042317403
2	11	-7.2815689809730895
2	12	-5.38967247766648
2	13	-4.496533418605987
2	14	-17.642126843377735
2	15	0.6245685545212836
2	16	-21.934600463591043
2	17	-14.977419434373555
2	18	-3.595531085588172
2	19	-20.11611038984384
2	20	-17.199553438373012
2	21	14.548900082468803
2	22	-11.838485067352705
2	23	10.493910094315215
2	24	6.363449698989408
2	25	11.667814428878641
2	26	-2.601663940896298
2	27	3.6673950179744708
2	28	10.792881363735084
2	29	2.643620900991299
2	30	12.05888496832965
2	31	22.23230567250981
2	32	1.2925684920510896
2	33	-19.61703773123835
2	34	7.347012034078229
2	35	-9.174915053359605
2	36	29.65429590907984
2	37	-20.064907488461436
2	38	-8.241951017871836
2	39	-22.066277953954422
2	40	-21.321092732363233
2	41	-15.38836972412848
2	42	16.172134763781266
2	43	11.912800447315803
2	44	-26.899995187827933
2	45	0.46233053818300796
2	46	-1.722085452531732
2	47	-3.2372316283230704
2	48	4.798752160812668
2	49	-27.31791133064997
2	50	2.200080936414939
2	51	0.07342266800651272
2	52	5.632981095855514
2	53	-24.09011959468585
2	54	18.43885277798109
2	55	-16.89002082783645
2	56	4.4161546072435645
2	57	8.960958147077429
2	58	7.416649884606268
2	59	-26.89717353417729
2	60	14.629648075599835
2	61	-0.025369769181860853
2	62	3.615243721087618
2	63	15.732518478222111
2	64	21.88528710598491
2	65	-5.51337922404959
2	66	-28.915777697825998
2	67	7.735466074707265
2	68	-3.9145355742453254
2	69	10.519296285475852
3	3	NaN
3	4	4.313063949961954
3	5	-5.618292476679394
3	6	0.21627833927759488
3	7	-1.953683313475713
3	8	2.1141095184563263
3	9	-4.649130369172166
3	10	6.142548168571643
3	11	-4.500955630001351
3	12	7.370455251950496
3	13	-1.4899444195858993
3	14	0.5403068624214272
3	15	4.919893840453274
3	16	1.8549106928280539
3	17	-16.094811522308014
3	18	5.153434933465969
3	19	4.368101890242452
3	20	2.06468349713101
3	21	8.337443625906822
3	22	-4.635833186577905
3	23	-15.844025608546701
3	24	23.081908583681994
3	25	0.342610548141466
3	26	10.381598578178806
3	27	-19.60405626538772
3	28	4.061384497336907
3	29	6.163176706141395
3	30	7.112444313096163
3	31	-19.144664554171694
3	32	0.32857785853501786
3	33	-13.074539400424793
3	34	1.67967482079647
3	35	3.2867526224865613
3	36	2.2551837827564527
3	37	-0.7388201034108083
3	38	-0.19227830522622658
3	39	-10.620906409513491
3	40	0.40515022030989895
3	41	-10.117396820337447
3	42	2.192086788921199
3	43	-9.776675096352113
3	44	4.568275648264852
3	45	5.879941335570819
3	46	1.980762343038706
3	47	7.098232073700676
3	48	8.652474916965764
3	49	-5.432113328029786
3	50	3.9136296084672293
3	51	7.685022646698086
3	52	-22.57098901254022
3	53	-13.274080356613297
3	54	-9.30446852968049
3	55	-14.459084446064079
3	56	10.056472418690955
3	57	-3.9189802903033333
3	58	-9.375657160404911
3	59	-5.294980045590617
3	60	-0.8601354228957446
3	61	1.446829724504215
3	62	-0.06523619524840478
3	63	-1.2404072233140253
3	64	5.059147207502304
3	65	7.757399497962227
3	66	16.105274285931568
3	67	-4.565406262827358
3	68	1.706398391695415
3	69	-4.5779624549885884
4	4	NaN
4	5	17.54442358504853
4	6	-7.312026201768426
4	7	-1.0397521837646502
4	8	-33.767307024737704
4	9	3.454550893244519
4	10	28.614875731646258
4	11	-40.177272394661806
4	12	-0.45257004502948217
4	13	-12.659413167681654
4	14	-23.399397593205208
4	15	-9.426147936760623
4	16	-22.359395621393567
4	17	-28.84254128373219
4	18	-18.87423244403232
4	19	-24.872703746572967
4	20	-6.671830750559691
4	21	-1.3825064398464548
4	22	-17.70166757170206
4	23	36.958992932169416
4	24	-0.3176381929741602
4	25	2.0142284171075424
4	26	2.8596670184231354
4	27	3.6659686268732457
4	28	3.9358413806440202
4	29	-1.5481060491932255
4	30	13.665473812248914
4	31	60.424237760134694
4	32	-7.551737822840925
4	33	-16.87680883251555
4	34	39.77686271962845
4	35	-14.739463542655946
4	36	35.76677012429707
4	37	-21.816727603364946
4	38	14.661511632080908
4	39	-27.133544813208648
4	40	-12.712410604111483
4	41	-24.96805172937544
4	42	6.838355476766965
4	43	25.832942882237898
4	44	5.986028651795061
4	45	-4.535319572246002
4	46	-4.667022977131765
4	47	13.310895195352732
4	48	-2.821443032785906
4	49	-29.470479513917503
4	50	-8.670024391365656
4	51	-8.587879893841437
4	52	10.170393470491247
4	53	-29.14588650840774
4	54	-36.22839235765597
4	55	-18.468145914836953
4	56	-6.82840687214094
4	57	-2.314308147997764
4	58	63.19228744689258
4	59	-18.56292277513492
4	60	2.692215838716631
4	61	-3.6977403374520414
4	62	-4.245591978378605
4	63	3.22273246564482
4	64	31.879902883738303
4	65	54.40166448777281
4	66	33.20495414916686
4	67	-5.976106632229867
4	68	-6.803048981008566
4	69	-5.1151504189935775
5	5	NaN
5	6	9.128819227298061
5	7	20.063161610576664
5	8	55.51765185256698
5	9	-38.57540274473098
5	10	16.213239149737575
5	11	4.960493127853588
5	12	26.035563672727047
5	13	10.656308207157243
5	14	-32.52099280774111
5	15	-16.495581189159175
5	16	11.392381547211889
5	17	-29.516688236538823
5	18	-13.875390217408466
5	19	9.432173813702995
5	20	-1.5377049829504594
5	21	-11.897893277260238
5	22	-18.599670321540394
5	23	37.41409263708728
5	24	11.617746373265012
5	25	-5.814594996144258
5	26	-1.301920795418629
5	27	3.0642171961475775
5	28	-4.762984203405473
5	29	11.947264863200013
5	30	8.249774579875838
5	31	13.604160625294138
5	32	13.077799902494574
5	33	-26.294124923178494
5	34	32.291955814678225
5	35	-20.432227599486467
5	36	-4.069362204193765
5	37	22.68331861265289
5	38	-18.01483069728039
5	39	-23.71183255223862
5	40	50.061436328261166
5	41	10.955220577108754
5	42	-6.288704453687913
5	43	7.928490883846835
5	44	74.47905436428834
5	45	-13.630956854813014
5	46	4.584945574558651
5	47	9.093863200141882
5	48	-8.683833818707644
5	49	-9.034942858277693
5	50	-8.857711288856915
5	51	-8.81178483638483
5	52	7.51567943300683
5	53	-26.84310184165586
5	54	-23.3128049339495
5	55	-27.17918619166753
5	56	-4.161189345172057
5	57	-14.377239922763636
5	58	-32.70153296858474
5	59	-13.90771081958255
5	60	5.5237044638145605
5	61	4.098569166112276
5	62	4.745656198483549
5	63	-22.2572541573888
5	64	-4.69257094369789
5	65	-8.041794871466239
5	66	36.756045374826016
5	67	-8.859209774410328
5	68	-24.435084092903686
5	69	-8.660877077458352
6	6	NaN
6	7	0.10303707340690423
6	8	-6.43250271852305
6	9	-4.784639321289528
6	10	3.3799494082950488
6	11	-5.519010302627463
6	12	3.189416436208614
6	13	-6.9027463222333205
6	14	-5.079728156932334
6	15	-1.4636713040534317
6	16	7.244581746416291
6	17	-6.515971297923354
6	18	-4.103691935131401
6	19	1.3800721490782204
6	20	-9.084356969185421
6	21	-2.1120109539996257
6	22	-6.193159222183903
6	23	2.516432372131099
6	24	13.519504363497841
6	25	10.17249164462561
6	26	1.1695779505450223
6	27	9.479892201847514
6	28	-1.6359896189680925
6	29	1.0164604138790831
6	30	2.26757472974548
6	31	-10.283163875586908
6	32	0.1239809197720634
6	33	-3.475261019596611
6	34	5.277823666786014
6	35	1.2732942433681909
6	36	0.5625554674816571
6	37	6.4907864021909365
6	38	-5.8253637503046924
6	39	-11.280858617418428
6	40	4.1503399091241215
6	41	10.084543216565677
6	42	1.2423816096148375
6	43	-0.3558173922647616
6	44	-0.6158268482729907
6	45	0.08108669800145345
6	46	9.718012835689983
6	47	3.999921394008431
6	48	2.628214195807776
6	49	-4.804135037214348
6	50	1.116782486525863
6	51	0.09617777685620853
6	52	-6.195482697754446
6	53	-10.223856859720096
6	54	-4.745620086138938
6	55	-7.208053171913232
6	56	3.038961592734435
6	57	-0.10553700228095098
6	58	0.43275063763145527
6	59	2.7149622726087626
6	60	-1.0450439577778234
6	61	-0.26337982479776767
6	62	-3.005878422127747
6	63	-6.632285371773735
6	64	10.967742052281368
6	65	-3.092182686507859
6	66	5.564725877061687
6	67	-4.060365379243119
6	68	-1.455132823613352
6	69	2.495041958356603
7	7	NaN
7	8	18.34963870734939
7	9	4.921641016885089
7	10	7.14299648939043
7	11	1.4827629308679124
7	12	-6.898517223545525
7	13	6.559150960189884
7	14	3.338091626016142
7	15	3.5924784272132744
7	16	6.8042054205949
7	17	0.8403548112735825
7	18	-8.193507312514017
7	19	-13.415597023588735
7	20	-6.658098507677142
7	21	-17.472167891856017
7	22	3.4351902742880434
7	23	18.928694389535462
7	24	8.071252682889195
7	25	-7.525124403369422
7	26	5.134545118093965
7	27	-12.50446900243768
7	28	-8.565736084969542
7	29	2.124790696600702
7	30	18.462344965960725
7	31	-18.118955455536785
7	32	-4.187640905963139
7	33	-17.246841343918252
7	34	2.308053683091424
7	35	0.1692269226762674
7	36	13.89558530209307
7	37	7.535286692623545
7	38	22.60857424253619
7	39	1.9603238851362017
7	40	-19.334919311641247
7	41	-10.20447866283884
7	42	-1.820468541738286
7	43	-19.968505889248135
7	44	-6.5961095232741
7	45	4.693203528115337
7	46	-0.7220737065908116
7	47	-15.757877899398219
7	48	-2.1790933784458493
7	49	0.9455387955690844
7	50	9.881826423001959
7	51	12.289145282343569
7	52	1.6965310214444704
7	53	5.647223770122185
7	54	11.405269205098504
7	55	-17.90132848867231
7	56	-10.718327392025193
7	57	13.5366963247376
7	58	34.080275036825796
7	59	-16.43525731536844
7	60	-3.873742087469715
7	61	-2.0276630860331633
7	62	14.956245164650626
7	63	-5.419479534643882
7	64	-11.157496149693298
7	65	-7.77445306546384
7	66	-5.31178450175538
7	67	-7.630125508021569
7	68	-3.3325131286114313
7	69	-14.012298477285842
8	8	NaN
8	9	22.230624060117503
8	10	-22.34021793808436
8	11	38.01376714790149
8	12	-5.536597921966434
8	13	14.341950690997107
8	14	40.14703829678682
8	15	-6.709827355291709
8	16	22.694460623752853
8	17	7.18332389128894
8	18	10.76953848781877
8	19	-9.224849074049063
8	20	52.4986679035171
8	21	15.886266072574701
8	22	-5.892604592165113
8	23	-1.487944086702403
8	24	20.091931239463033
8	25	-12.157999603704338
8	26	-4.697833448075406
8	27	-37.67534395459566
8	28	-4.094152431108581
8	29	2.2644537767286295
8	30	-11.115405515384202
8	31	-17.297956829687312
8	32	-6.838538926440579
8	33	-9.708953215475272
8	34	24.92619821593187
8	35	-0.126520792426161
8	36	-22.911779951961677
8	37	8.834184153189671
8	38	-19.646931798196608
8	39	7.238398485388258
8	40	11.82977779981608
8	41	-6.934416496151676
8	42	-5.397889515875991
8	43	-14.398126606330758
8	44	43.85359350257265
8	45	-2.954703079188474
8	46	4.7671884750275995
8	47	12.896795535713732
8	48	-3.175133644925936
8	49	-22.787475676362572
8	50	-5.505501566170144
8	51	-12.430224061359517
8	52	4.502129598026439
8	53	-19.960075420273576
8	54	-18.62023273944565
8	55	-12.078330776738797
8	56	-2.4653861031481705
8	57	-25.37635379425689
8	58	-29.886819688401232
8	59	-18.81583050392474
8	60	1.5678196163047078
8	61	1.9073221124410662
8	62	4.29775835772977
8	63	10.570765129203153
8	64	14.389528460849068
8	65	12.375183658999218
8	66	15.38798772426068
8	67	8.392468937602322
8	68	-11.2818071769642
8	69	26.680264430537804
9	9	NaN
9	10	-23.348147439870253
9	11	18.579596081093825
9	12	-7.778762898363416
9	13	9.569081813163134
9	14	21.426803739654545
9	15	9.60936807458611
9	16	-15.668219219066218
9	17	31.754838251141333
9	18	14.167797420868341
9	19	-12.281521584931243
9	20	30.818489739413515
9	21	16.371997012007935
9	22	8.691107469628653
9	23	-40.94829487348837
9	24	1.9597545640467766
9	25	13.362074702024659
9	26	-2.902237252810078
9	27	1.3600551929577298
9	28	-20.80155888402494
9	29	-6.869706537183399
9	30	-5.47502310227893
9	31	3.8934431138948877
9	32	-3.664264012782386
9	33	24.802890082381822
9	34	-14.78966603877135
9	35	-15.132202014911279
9	36	-1.6267350656018322
9	37	5.473403747944776
9	38	-5.881837706647599
9	39	5.868546473393633
9	40	-11.324704849368215
9	41	-20.74106674661636
9	42	-8.833337271322497
9	43	-13.428138343623973
9	44	-6.3643472449202285
9	45	-3.3162377366364457
9	46	-23.608124266471883
9	47	-1.2412495243778234
9	48	-8.577260343824637
9	49	-3.1299139444842945
9	50	0.3966408290117193
9	51	-8.106144452053567
9	52	3.092612336754262
9	53	30.719245714852864
9	54	5.747519497904256
9	55	56.271985992169036
9	56	-6.6301517286039156
9	57	9.460476646489928
9	58	7.215130163397036
9	59	39.32238345838752
9	60	7.816317930743539
9	61	-12.901401169362092
9	62	4.399943133833121
9	63	-0.8338728368716688
9	64	3.550021475494397
9	65	-2.7637402824587873
9	66	-0.9486921607557098
9	67	-24.11666662275797
9	68	12.998820817238771
9	69	-25.11573454587941
10	10	NaN
10	11	-38.019960385708295
10	12	9.602967524230136
10	13	-21.022996822293013
10	14	-27.420871231662616
10	15	-14.21155066592476
10	16	28.529295997642606
10	17	-31.81739860424951
10	18	-28.773092019694694
10	19	16.082841257592122
10	20	-12.095156776213479
10	21	1.6012411276580065
10	22	-1.8538942422399307
10	23	71.69091873646796
10	24	31.32648814405886
10	25	-14.169259006108419
10	26	10.895373627535594
10	27	33.364779591069826
10	28	41.62328429553747
10	29	-7.570778833615309
10	30	16.967994725083066
10	31	14.687475424256041
10	32	-11.007128738905244
10	33	-26.43205886471081
10	34	31.984288599592528
10	35	42.631654888189864
10	36	3.645060871179797
10	37	15.346258511041215
10	38	-27.071822353307606
10	39	-32.120789417705176
10	40	4.474841912854276
10	41	-12.537962256447166
10	42	-15.250520026516645
10	43	25.587133657395132
10	44	-9.321591441868549
10	45	5.061879422019429
10	46	-21.80219502630675
10	47	0.8698931150396676
10	48	-9.394262284893065
10	49	-26.399916583033303
10	50	-8.978131164694929
10	51	11.087628951802731
10	52	-11.472182141420479
10	53	-45.109902498860045
10	54	-34.50628508276084
10	55	-24.704437493095515
10	56	7.301608451511196
10	57	76.51564391987954
10	58	60.520186073972425
10	59	-10.305157282968809
10	60	-26.775567202720733
10	61	5.927243356374817
10	62	5.901605414979974
10	63	-1.4357193827138326
10	64	-34.6835955891702
10	65	49.59834244348167
10	66	0.09827659990695675
10	67	7.882604597944528
10	68	-21.078998493849298
10	69	29.450733003709704
11	11	NaN
11	12	-5.5952954036834415
11	13	57.18427348176568
11	14	48.62999710417475
11	15	3.4688212262406397
11	16	7.428353061858665
11	17	49.33859691389187
11	18	11.784969675800896
11	19	4.120515867960986
11	20	28.486215332498638
11	21	0.3854945635323853
11	22	4.752471222688669
11	23	-48.217380448009195
11	24	-29.25775679152377
11	25	-12.45574866935938
11	26	-9.346172267969246
11	27	4.667282136796612
11	28	-11.119066101884117
11	29	0.46247668173482
11	30	-22.397492297258484
11	31	0.40623605905216315
11	32	5.387791759770523
11	33	3.895313396346266
11	34	-33.562274732270396
11	35	-6.914015375299066
11	36	-20.93925789255346
11	37	1.0237961468885635
11	38	1.9243522073236987
11	39	8.846110070548182
11	40	6.924846766523728
11	41	8.489550080227797
11	42	-4.088371292825278
11	43	20.873503464083626
11	44	14.445755488744236
11	45	-3.996091159677208
11	46	-7.710982831238952
11	47	15.481121454377593
11	48	-4.182236219872315
11	49	13.926578213102989
11	50	2.458623678790071
11	51	-4.349429057019112
11	52	0.1122284497106577
11	53	18.67070078499526
11	54	18.08214156436186
11	55	18.50071414976637
11	56	2.976147012483878
11	57	15.195164990629584
11	58	-6.8360216547737185
11	59	2.239179206263055
11	60	-3.7808590323009086
11	61	0.46277812696495535
11	62	-1.6999917447832098
11	63	-21.73945807684574
11	64	-1.9118495612702786
11	65	-25.74430317465729
11	66	-46.6061153904861
11	67	-13.388939573399746
11	68	-4.380595959475949
11	69	-24.38646876053593
12	12	NaN
12	13	-6.413623685530576
12	14	-15.960050125366909
12	15	-1.1903566901701819
12	16	18.07116114892369
12	17	-13.260446076159859
12	18	-7.905994495832787
12	19	6.983490132847025
12	20	18.69226921793899
12	21	4.376864482849402
12	22	-4.902740489110566
12	23	5.409532024945121
12	24	14.701191982679942
12	25	-1.3626128810916336
12	26	-5.325357255408134
12	27	-14.308304592016308
12	28	1.4117857431796688
12	29	5.149767044176997
12	30	-14.152097954889662
12	31	-1.563431974952331
12	32	5.025440723283314
12	33	2.532805673036277
12	34	-8.185101332935337
12	35	-5.527440240297208
12	36	-7.7651453966128
12	37	-14.76824527510965
12	38	-10.567026458860662
12	39	-16.14508467075906
12	40	15.453423428134911
12	41	-1.549481488128679
12	42	0.11830070370050466
12	43	10.165595098288433
12	44	12.480385078874683
12	45	0.35152244784228653
12	46	3.6086006685657663
12	47	-11.279888260235788
12	48	1.2160379079678005
12	49	-0.13771127702393157
12	50	3.970803446408564
12	51	-1.3566180621821091
12	52	7.475248387337037
12	53	-15.057175198510208
12	54	-19.181587040398227
12	55	-7.12477539103781
12	56	4.562714113833438
12	57	-9.38826802794686
12	58	-11.898448494882558
12	59	0.6721080423971875
12	60	1.5186178985173386
12	61	0.8142182725380045
12	62	3.7783476351294882
12	63	-3.1962662056597195
12	64	2.65928054470146
12	65	11.797176223857198
12	66	23.09541232495578
12	67	-3.226398749128568
12	68	-0.9457791884776873
12	69	14.22510495717012
13	13	NaN
13	14	18.585672876582045
13	15	14.202892953128712
13	16	-1.3937819318867033
13	17	14.376287519460108
13	18	3.573575729714424
13	19	-1.0589062788001857
13	20	0.29143780494306687
13	21	-10.660388525928987
13	22	7.124715630478758
13	23	-28.620957893379092
13	24	-20.430338954691088
13	25	-8.63769362966109
13	26	0.06419781385597084
13	27	9.6947446101153
13	28	-1.9629914657436849
13	29	5.169215721352095
13	30	-18.64450468639758
13	31	-2.5673872057334437
13	32	7.6147641592201065
13	33	16.21223883139591
13	34	-26.450995689313352
13	35	-14.283973660434027
13	36	2.2789935737744504
13	37	2.8172345886248227
13	38	0.37905834873192285
13	39	8.834696946271963
13	40	-6.636102767798639
13	41	4.143857791524001
13	42	-12.013745069594075
13	43	6.375025567645884
13	44	0.9862051470836486
13	45	2.4353124140941005
13	46	-8.946348451213757
13	47	-0.9411322551665952
13	48	-0.22643366690827801
13	49	17.436856638917316
13	50	5.342282153957428
13	51	-1.511841592625869
13	52	4.995395418312279
13	53	22.863519313137427
13	54	17.552596657694995
13	55	-2.0398433910292515
13	56	-1.77268186970507
13	57	-0.3980443279543269
13	58	-3.8797854829388365
13	59	-5.18493678059823
13	60	-2.7323400344893027
13	61	4.514566693034602
13	62	-0.3061942045023711
13	63	-15.777043484717288
13	64	-7.946639216865047
13	65	-18.32982176787126
13	66	-21.52909685300552
13	67	-8.5838980677995
13	68	2.1402626029532175
13	69	-14.68255659943193
14	14	NaN
14	15	5.65711575187371
14	16	10.522590536909856
14	17	59.01703330889153
14	18	18.2539104666554
14	19	-1.0787448818855896
14	20	5.434276263333459
14	21	4.6793280098793355
14	22	28.670819833710073
14	23	-32.837185104164924
14	24	-16.368972918063044
14	25	-5.476581200283222
14	26	-4.108147936624273
14	27	-4.638147431613142
14	28	4.628274272954793
14	29	0.19177715597156164
14	30	-21.254621859127518
14	31	1.7690020726693783
14	32	4.580492391657487
14	33	-5.025321382597895
14	34	-31.88357560434986
14	35	5.802969717138644
14	36	-13.60366608146427
14	37	-13.198527409344534
14	38	-9.702772005247782
14	39	22.787356665822273
14	40	-5.275319414846423
14	41	-11.254482776054722
14	42	-8.000788586360567
14	43	-16.475938778821554
14	44	0.03322304357870483
14	45	5.065707757721475
14	46	-11.19855588505215
14	47	-6.4523655713446075
14	48	3.659227536657131
14	49	15.36498680996321
14	50	1.8980073684577636
14	51	-7.7143348490194
14	52	-20.38728790237367
14	53	29.612862915867755
14	54	-0.9998199277549676
14	55	28.67647002067237
14	56	7.371854699817974
14	57	13.651099917264743
14	58	-29.894294188677314
14	59	0.3387939254068012
14	60	-5.239767422499595
14	61	-2.7700658613571867
14	62	-5.635832357185882
14	63	-2.792107707426661
14	64	17.443449693097065
14	65	-29.711363078934195
14	66	-4.369326546925578
14	67	-8.495020390420253
14	68	19.23976831328694
14	69	-13.641449789883742
15	15	NaN
15	16	-1.606062393755528
15	17	9.864259423511465
15	18	17.211152457876146
15	19	-5.438949264847222
15	20	-16.337894829738698
15	21	-2.6831224981324673
15	22	8.927633692748401
15	23	-13.696805536853327
15	24	-6.6902055751100065
15	25	-2.864341489425704
15	26	5.140378756160573
15	27	-2.408083519992873
15	28	1.9299212917498607
15	29	9.626481270526947
15	30	-6.194653955268618
15	31	-5.400753717561456
15	32	4.612288931009875
15	33	-3.505779141129871
15	34	2.538659998893834
15	35	-2.135493075378231
15	36	1.9569316400964243
15	37	-8.365071399431379
15	38	-13.180784482533987
15	39	12.777598748660358
15	40	-14.150541653464847
15	41	-8.211236351960967
15	42	4.722210866122421
15	43	-19.08267198524867
15	44	-7.650180337647526
15	45	11.111383950026504
15	46	-3.823153950792233
15	47	-7.32835187036867
15	48	7.641702499554178
15	49	0.8501404027230831
15	50	11.965606640349714
15	51	3.252307738746647
15	52	-7.762552687986548
15	53	22.64454312326643
15	54	8.20441394653563
15	55	10.176149019511984
15	56	15.801321777126073
15	57	-1.1122286596426016
15	58	-17.75251429997368
15	59	-7.982144906413144
15	60	7.331530984150919
15	61	7.510122939707438
15	62	5.899167457178284
15	63	-0.5732959472078364
15	64	5.848083830268083
15	65	-9.401753504890202
15	66	-12.957707022232453
15	67	-1.4909842285033825
15	68	8.517386496816192
15	69	-5.978025326357752
16	16	NaN
16	17	-1.3878388051675046
16	18	-13.88729081919547
16	19	23.96914274879433
16	20	46.388326277395244
16	21	-25.59390672841913
16	22	21.672536281871867
16	23	-16.257289013233603
16	24	80.2534779533734
16	25	-25.2136993797734
16	26	7.108439385499079
16	27	-7.090819382410252
16	28	-4.954574031624863
16	29	1.6769946416419288
16	30	-15.695095692649586
16	31	-26.992238912081515
16	32	-4.3921515074674335
16	33	-16.294529803249905
16	34	5.532038594213352
16	35	16.384405500317037
16	36	3.869071883144155
16	37	-7.664674865452619
16	38	-10.661235080695663
16	39	-20.733230160027578
16	40	33.12885931076197
16	41	17.93564483818451
16	42	-13.063286902678836
16	43	-31.761826170330625
16	44	17.71359518830332
16	45	-6.091040490094928
16	46	-17.108563036766224
16	47	-21.079826037966576
16	48	-4.770284989095582
16	49	-0.9035027027924012
16	50	4.02819590457859
16	51	-11.091591699459668
16	52	-16.33688072185288
16	53	-2.364723517948292
16	54	-10.662512548758198
16	55	-14.01828825353077
16	56	-6.291655512932036
16	57	1.0200117239704816
16	58	-38.5668082102466
16	59	18.737873429761578
16	60	-15.854500870565229
16	61	3.9273810969816183
16	62	6.861356543566774
16	63	-12.084247581123146
16	64	-17.09608627521965
16	65	-23.42276968622865
16	66	39.56716426747766
16	67	27.328976672812672
16	68	-4.318254563297332
16	69	35.64892753190402
17	17	NaN
17	18	23.601716795286467
17	19	0.5810829380653189
17	20	5.812479574967824
17	21	14.392945543931766
17	22	33.38334935496969
17	23	-37.70807420707285
17	24	-23.489366875526507
17	25	-8.066450650949422
17	26	-9.94122818912778
17	27	17.884554449714734
17	28	-6.910414208330054
17	29	-4.271011727019939
17	30	-28.255195684324548
17	31	25.57725735849534
17	32	5.424809898232209
17	33	6.390333273749775
17	34	-40.17263040401446
17	35	1.9708758772792159
17	36	-12.899100867746256
17	37	-2.7017256747164238
17	38	4.066608266188806
17	39	31.981794697307606
17	40	-3.924320960005179
17	41	4.016895480821371
17	42	-9.220824198602635
17	43	-25.334011586081388
17	44	-5.9629220811868295
17	45	-4.620382932150031
17	46	-17.828115191528767
17	47	-1.6551054924605364
17	48	-7.463849788298091
17	49	26.637987296433423
17	50	-0.5178726525885952
17	51	-10.03606487683348
17	52	-11.835361952447624
17	53	54.23602506891799
17	54	7.481410066199574
17	55	35.409043278576874
17	56	-1.9328042036235389
17	57	13.34117251735758
17	58	-25.98012860341991
17	59	10.53184444723629
17	60	-2.7836257246616203
17	61	-2.2875214307233325
17	62	-5.086676455214328
17	63	-1.580626150172342
17	64	-5.130447790098108
17	65	-29.648871482769838
17	66	-17.831359121462455
17	67	-12.572743368361381
17	68	15.806148883120965
17	69	-17.480020698745253
18	18	NaN
18	19	-9.14670424126572
18	20	11.726902827210084
18	21	21.087874042698402
18	22	15.19578254903593
18	23	2.7586811608222823
18	24	-13.189160112152983
18	25	0.4293870976153148
18	26	4.351937566495189
18	27	-7.5131074996737865
18	28	-3.6986652840679826
18	29	3.940893765199809
18	30	-5.1468360863865845
18	31	-9.674300146459641
18	32	1.858688868104762
18	33	-1.8072464627081049
18	34	6.541341062013458
18	35	-12.045776883987592
18	36	0.14334582001811905
18	37	-14.407291124656089
18	38	-16.857562602343833
18	39	6.319895377702483
18	40	-21.317351583733377
18	41	-12.741167752740273
18	42	9.33168091263948
18	43	-6.038204232321086
18	44	-15.724896381071513
18	45	6.043970046454756
18	46	-0.11414636316038647
18	47	6.245054889091075
18	48	1.5716743835144564
18	49	-11.959926622456242
18	50	1.1482482197024664
18	51	1.1190506058364924
18	52	4.836346636808825
18	53	10.1096224394335
18	54	13.793923103037068
18	55	31.862327461117953
18	56	22.065229604901543
18	57	-5.130940283578904
18	58	-21.59545559089583
18	59	5.370202636883411
18	60	6.4044218689634125
18	61	1.049062258641324
18	62	1.4094236407362386
18	63	-4.5502271658623075
18	64	4.377934070848174
18	65	-4.4876885929299
18	66	-29.04859050527825
18	67	-4.290346089365102
18	68	10.55424073583281
18	69	-5.584463768748508
19	19	NaN
19	20	-7.032450084058682
19	21	-10.906318438127746
19	22	8.311556106541696
19	23	-9.391669213903384
19	24	0.49678196928405866
19	25	-8.41076930092587
19	26	-13.198270829214058
19	27	4.035529116157831
19	28	-0.3362963878046385
19	29	-2.7696421881989326
19	30	-21.061588897845006
19	31	2.4531380529635665
19	32	4.4059744737636635
19	33	9.609023566945188
19	34	-29.311662057202767
19	35	-3.1825664158929174
19	36	-28.437234129765816
19	37	-17.239562985213304
19	38	4.492821566286199
19	39	-8.462118062885397
19	40	38.79237399955784
19	41	30.3337179257137
19	42	-9.512652962446813
19	43	-20.481921676485467
19	44	39.58345473954396
19	45	-7.138565498339606
19	46	0.27518144785721504
19	47	-4.2569980055917105
19	48	0.5061883957693569
19	49	11.408217691893904
19	50	-3.917437945654429
19	51	-7.722884234574794
19	52	-8.463975132365714
19	53	1.444676758358623
19	54	9.918725008043719
19	55	-1.7876155520648402
19	56	23.460481646901474
19	57	-4.966059838485884
19	58	-5.360174040709794
19	59	24.90724487918423
19	60	-1.7072917528820564
19	61	-1.065615181225189
19	62	-0.6835951886498977
19	63	12.846949686487168
19	64	-13.089778058458917
19	65	-14.285097064454051
19	66	22.609745583611183
19	67	0.6542431997653332
19	68	3.718075106101931
19	69	30.94093388590578
20	20	NaN
20	21	22.048544829388945
20	22	-0.4148024247046337
20	23	-15.859416931088088
20	24	56.05697112923461
20	25	33.01650124374559
20	26	19.96656345589242
20	27	-30.603443673334528
20	28	-8.891000560633167
20	29	6.625975526794207
20	30	22.727420684267912
20	31	-16.45191111803987
20	32	-1.426342334271737
20	33	33.336178890260285
20	34	-7.338724017368234
20	35	-8.763521187235792
20	36	25.51783330031698
20	37	14.543698303727643
20	38	3.8057444910475797
20	39	-11.341353130955175
20	40	-13.376446351710959
20	41	-12.094840804039002
20	42	-2.4794572450260977
20	43	9.812550276910976
20	44	-14.962011460149782
20	45	-16.347230373693023
20	46	-18.2322089441394
20	47	-5.448520941350815
20	48	-9.35863562537907
20	49	0.292213903033661
20	50	-1.5750370262100895
20	51	-18.49763310560015
20	52	-29.695808552797374
20	53	-14.874851834367796
20	54	-38.603786141087156
20	55	52.225821606555726
20	56	-13.757808998145876
20	57	20.204186240383724
20	58	0.6423984431276692
20	59	32.536878839790035
20	60	-5.219149571003336
20	61	7.000863999636506
20	62	5.239966103758969
20	63	-7.471394312808314
20	64	-15.077100774339032
20	65	0.9077989509786061
20	66	5.45740766204314
20	67	-11.549505041941087
20	68	-19.58833848365759
20	69	-1.077350424129961
21	21	NaN
21	22	8.413435701228016
21	23	13.85986166932344
21	24	-22.680495226218376
21	25	22.7828478154163
21	26	-0.5755234069182954
21	27	-9.806395153951522
21	28	-2.320907197771698
21	29	5.1647808055158375
21	30	4.887791743235899
21	31	2.6132083337937893
21	32	-3.13339862063031
21	33	8.878085678711106
21	34	-0.9014420589572144
21	35	1.225938960534013
21	36	-9.903057231402874
21	37	5.335878773938106
21	38	11.183161461436676
21	39	-4.813406837406762
21	40	-28.198354670080946
21	41	-8.913169360339653
21	42	9.876890599847755
21	43	26.70337983398692
21	44	-24.99158393262274
21	45	4.500881308116109
21	46	1.0975802522906162
21	47	22.446630223954273
21	48	2.6483394976171972
21	49	-13.866462107629816
21	50	0.023941483703925525
21	51	9.828528238763619
21	52	7.163703419853785
21	53	-6.409670437934366
21	54	-11.953108455793634
21	55	10.406681403439402
21	56	7.337778308028127
21	57	-19.22907649706015
21	58	-2.6598438942832416
21	59	-1.20663154727364
21	60	7.395117386580999
21	61	-8.256095862052307
21	62	-4.092452168204633
21	63	-4.466409035064819
21	64	-11.26374449042721
21	65	7.985850957295017
21	66	-11.967638103334249
21	67	-1.2896199385385871
21	68	10.396030853348263
21	69	-25.201624294729957
22	22	NaN
22	23	-13.811247678530759
22	24	-13.681221914567113
22	25	-7.16739136404063
22	26	-1.871793914093478
22	27	9.48574192095737
22	28	-4.685496202232834
22	29	0.710631092439037
22	30	-5.2886283831353325
22	31	3.8076765982827196
22	32	3.941325808333328
22	33	20.407322071746567
22	34	-26.910477911446186
22	35	14.803522102747435
22	36	-2.4288874706409587
22	37	-10.237261822392718
22	38	1.6108999650944464
22	39	19.351959502380325
22	40	0.18788651115321134
22	41	-0.9304221469733448
22	42	-8.13678505994994
22	43	-29.170245958633163
22	44	-4.493555246675658
22	45	0.4027903541397473
22	46	-9.413019575148324
22	47	-12.996431458568809
22	48	3.2511057058208923
22	49	19.73198835315623
22	50	8.489328302862242
22	51	-1.7576940055269392
22	52	-7.829306360040425
22	53	31.769741012007906
22	54	12.800807473523086
22	55	16.228279875443164
22	56	-14.300087719236524
22	57	-2.5872259410622935
22	58	-20.281277211262047
22	59	-12.32995619817079
22	60	-2.0909071713220513
22	61	2.2039031427021083
22	62	-2.2375445213844807
22	63	-2.3195639293605312
22	64	-4.536773218610532
22	65	-18.52128694317704
22	66	-22.971604447007227
22	67	5.857481201751332
22	68	23.148474291725602
22	69	-22.286907524432273
23	23	NaN
23	24	-23.40513998135416
23	25	19.70002710089194
23	26	26.439726949440463
23	27	33.34367883231633
23	28	30.82183027399036
23	29	-5.105987964984984
23	30	25.53162670259756
23	31	72.47507442241887
23	32	-5.674466184322556
23	33	-12.659925708593502
23	34	55.51773175440042
23	35	-8.868771077272061
23	36	-0.5649995843320119
23	37	-3.0278836555332758
23	38	-26.05421303227765
23	39	-38.96860863191514
23	40	-13.635975818097922
23	41	-21.28900271428566
23	42	-7.175009104531594
23	43	64.13291901550303
23	44	-21.671747367723885
23	45	-2.424202928997763
23	46	-3.891590308486234
23	47	11.769244375985975
23	48	-9.44132751009038
23	49	-25.72382376938605
23	50	-13.434627238312359
23	51	-3.2581466087234805
23	52	69.2939304541412
23	53	-35.40099991647729
23	54	-26.141192481879866
23	55	-29.267206958290725
23	56	-9.394150771433388
23	57	7.628659650467413
23	58	52.38672661458373
23	59	-33.17537593006493
23	60	-7.174752266816625
23	61	-2.619676503074957
23	62	7.334390779647023
23	63	42.30809570012038
23	64	-28.775784970894055
23	65	69.1982998454972
23	66	-34.34786014867507
23	67	21.751723307292313
23	68	-6.1870581497709045
23	69	29.840674274292358
24	24	NaN
24	25	12.835963555937427
24	26	-3.778786756850706
24	27	-20.603311856356683
24	28	-10.69881095664696
24	29	-3.231203999728779
24	30	5.922723617397856
24	31	-46.5330328380407
24	32	-9.196099950801392
24	33	-14.361781935550923
24	34	25.010111139436646
24	35	25.516453510301066
24	36	36.22784651113125
24	37	29.83284783064713
24	38	-23.87144663790228
24	39	-30.857852061767726
24	40	50.84266881689848
24	41	26.607768084764764
24	42	-17.095545972819675
24	43	-36.75115860948624
24	44	27.206335197416013
24	45	-5.11082837374643
24	46	-1.0301032508662773
24	47	-9.091842513078463
24	48	-6.385006392019643
24	49	-24.441104593011353
24	50	-2.403025658809879
24	51	-6.0534250372603005
24	52	-12.868440665700557
24	53	-38.72694181289896
24	54	-19.550156762708752
24	55	-3.278359254285578
24	56	12.700698659576908
24	57	14.929695921527177
24	58	-37.31053722407365
24	59	46.298776122763265
24	60	-14.702775781978028
24	61	1.13999408111928
24	62	7.134698384347827
24	63	-20.138274313782855
24	64	-11.373046374231732
24	65	-27.419856089190812
24	66	67.49298639578751
24	67	1.399527320113835
24	68	-16.04402414553556
24	69	26.255181546973706
25	25	NaN
25	26	-1.4393533747200211
25	27	-5.859866398523961
25	28	1.923069216811469
25	29	-0.23503938542994313
25	30	7.375706795229373
25	31	12.443857341480976
25	32	-1.068188972272188
25	33	22.409973613966713
25	34	-1.4951301932821957
25	35	-9.537789101349905
25	36	17.100357722612127
25	37	15.375885055971947
25	38	0.29236754343165666
25	39	6.361808103666869
25	40	-20.326521611007145
25	41	0.8657080581429357
25	42	5.138753117896103
25	43	4.119171556470949
25	44	-18.006928059052164
25	45	3.404066320978242
25	46	-6.434140606206997
25	47	-13.167634107803663
25	48	3.463966515564268
25	49	0.1960800425251906
25	50	2.62208597666158
25	51	-3.746292190254295
25	52	-4.912488453337752
25	53	-15.336910841762892
25	54	-10.196997789993718
25	55	35.980037799002346
25	56	-19.59154264561641
25	57	0.6820617624850492
25	58	-13.725937667337647
25	59	18.82428656173574
25	60	-3.560979484710134
25	61	2.9951253020116346
25	62	-2.1419902947628686
25	63	-3.2181853892490015
25	64	-6.063119372501104
25	65	9.762788510127889
25	66	-4.285718028380574
25	67	-5.977604926203573
25	68	0.4467673638398027
25	69	-19.709855340070288
26	26	NaN
26	27	25.89950653982052
26	28	14.02175381795468
26	29	1.8801580213977778
26	30	27.791437535868756
26	31	-12.170322965881649
26	32	2.46545109425789
26	33	2.1018197697196412
26	34	-0.2754361433524795
26	35	-2.865291682767211
26	36	6.766170548774706
26	37	-1.5922097715661887
26	38	-13.219706051607185
26	39	-12.34136144610022
26	40	-29.13533182286661
26	41	-22.09524006098473
26	42	-9.33139136624816
26	43	-5.422599347392013
26	44	-17.58606402842465
26	45	1.5619560772311074
26	46	-7.770789360565087
26	47	-15.71887979831372
26	48	4.747394406514578
26	49	2.5546244293825877
26	50	5.389153116026526
26	51	1.6923097636253825
26	52	-24.13504922949991
26	53	-5.591359935028422
26	54	5.9631698611259365
26	55	-4.463114119173389
26	56	10.107355562592009
26	57	38.899962337442666
26	58	6.734822869279376
26	59	-30.064457884273608
26	60	6.3245787952315915
26	61	1.5936521189907487
26	62	2.1668882347008327
26	63	12.169143786423426
26	64	1.9593969839151135
26	65	-18.14571164941774
26	66	-19.869655740715164
26	67	-1.294886053919733
26	68	-3.349806903215005
26	69	16.967527398408507
27	27	NaN
27	28	18.64363105729745
27	29	-7.700342900917886
27	30	7.859224275301374
27	31	67.31538214075654
27	32	1.142884480330241
27	33	11.336192608271581
27	34	10.304987014321684
27	35	-14.818907065940017
27	36	-14.556365948283267
27	37	-6.2542566639376185
27	38	-20.62850579300301
27	39	9.73808726144898
27	40	-2.6320917774211923
27	41	15.380596758400543
27	42	-24.398095521886624
27	43	7.5847471963581
27	44	-9.521301949378678
27	45	-2.4922176685975588
27	46	-25.484478034147276
27	47	-4.323296424815924
27	48	-21.0749120390834
27	49	1.2039361894719918
27	50	-14.134718787599796
27	51	-13.173355353145553
27	52	2.8399746240257056
27	53	22.69736821929417
27	54	22.1946319900455
27	55	18.645587219736175
27	56	4.429652450090588
27	57	39.82780701558559
27	58	26.226792665898063
27	59	-9.6274158245658
27	60	-9.297315297276915
27	61	-2.842243503859061
27	62	-19.554503381888715
27	63	5.736206314681425
27	64	-8.796674186682784
27	65	0.7157876967396276
27	66	-10.212255838012926
27	67	-4.6093475226757725
27	68	10.261247465971513
27	69	31.385555560315098
28	28	NaN
28	29	5.386784889259986
28	30	-2.2930630383878614
28	31	9.878626645303335
28	32	5.461915926564909
28	33	-6.926032902408521
28	34	4.217865341603903
28	35	7.056465191879044
28	36	-8.294255551250272
28	37	5.674876448520026
28	38	-18.648761202126263
28	39	-13.585595517884153
28	40	-16.955702404604
28	41	-9.031533714468095
28	42	-0.49481092741658983
28	43	6.142404719969653
28	44	-17.651520523347028
28	45	7.762225491028384
28	46	-5.867905556347468
28	47	-25.94207170121013
28	48	6.766340018580628
28	49	-0.33946696132052345
28	50	5.011921529879941
28	51	3.348755612227192
28	52	-12.23944857942648
28	53	-10.92406808073605
28	54	-8.969580159633347
28	55	-12.41639668409178
28	56	-6.855294800185118
28	57	36.74082630332009
28	58	37.06178829813429
28	59	-19.601169706435478
28	60	1.4436601717824524
28	61	7.4828164082878414
28	62	1.431599750249947
28	63	-0.773730074449067
28	64	-8.711697847419156
28	65	1.9606375695640292
28	66	-20.048431627407542
28	67	7.2281890366663495
28	68	0.5577191988514987
28	69	5.310622646649855
29	29	NaN
29	30	4.72454867868672
29	31	-7.173842326517437
29	32	6.355545800071777
29	33	-5.848086494036869
29	34	-0.6473388608553785
29	35	1.440640263460035
29	36	-1.639852612938034
29	37	-5.346858167927157
29	38	-2.881499974181823
29	39	-7.0267966878433405
29	40	-13.43255006467284
29	41	-4.785348866023658
29	42	6.671014660023976
29	43	-0.33589756440598634
29	44	-2.8703823545937723
29	45	7.501867186978814
29	46	2.007009426564493
29	47	-9.62302342204734
29	48	7.06203135470468
29	49	4.1350225046155265
29	50	5.948973913280349
29	51	4.4149014839801435
29	52	-8.300159417411669
29	53	-2.197252740307749
29	54	-0.6545256451009188
29	55	-6.786199627515451
29	56	-4.596736509008024
29	57	4.413773170203834
29	58	-5.645481478299742
29	59	-9.800519286430236
29	60	9.027794467098383
29	61	5.617593382456416
29	62	5.9805560514710425
29	63	-4.678881176042256
29	64	-2.2161693735442416
29	65	-6.156458409964484
29	66	-17.370808402209843
29	67	1.0147639735185356
29	68	4.234488511763958
29	69	-2.6994409558098313
30	30	NaN
30	31	-39.41870830880099
30	32	-2.7466210504523296
30	33	-18.96684768199209
30	34	60.944765816820464
30	35	1.4211969587843702
30	36	10.333127177208095
30	37	9.557720500137837
30	38	2.967402153621704
30	39	-16.1928245346559
30	40	-37.85804097710826
30	41	-20.46509991421686
30	42	4.458028649933643
30	43	38.20738382550542
30	44	-7.287156427775309
30	45	13.650431434102245
30	46	-3.942224638424416
30	47	11.530850722976973
30	48	-1.809989840466691
30	49	-20.89511340379327
30	50	1.749033399225425
30	51	8.994055023665338
30	52	-10.969857534314777
30	53	-16.702450904043847
30	54	5.287870475969755
30	55	-20.02084796818115
30	56	-5.384931594437857
30	57	24.178472492735313
30	58	43.42367708541805
30	59	-33.51186231938319
30	60	10.66818627782407
30	61	3.3870865767472
30	62	0.4795865246678682
30	63	6.304530098082462
30	64	4.454742052816851
30	65	19.930346025589447
30	66	-12.686913205576955
30	67	4.164349131177399
30	68	-8.544261873744686
30	69	-3.811150170526857
31	31	NaN
31	32	2.318266641731276
31	33	5.817618132969503
31	34	-9.786228095374883
31	35	-11.553259948306437
31	36	-17.968579566560823
31	37	-13.777288155814787
31	38	-26.611165903367215
31	39	12.299891991775318
31	40	1.7279805830951527
31	41	1.5584846818917564
31	42	-10.989132109447551
31	43	16.611594504438916
31	44	-2.5784817522290875
31	45	-3.7972738571923994
31	46	-23.575734645266618
31	47	-4.641721523481128
31	48	-10.99413495428442
31	49	8.609660305564272
31	50	-8.114269372832641
31	51	-16.27685841493329
31	52	1.8339648012521998
31	53	11.895702633967081
31	54	7.861957486699181
31	55	7.6514885160459585
31	56	-7.686400649612823
31	57	25.94246270224607
31	58	8.270409665457889
31	59	4.782434704655933
31	60	5.446571960574014
31	61	-6.2472077589340005
31	62	-0.7466486420708717
31	63	26.958856632284398
31	64	-0.7474021585790769
31	65	2.9507721949193324
31	66	-1.488888216086994
31	67	12.871285479316075
31	68	8.491638453648218
31	69	-12.665947755910501
32	32	NaN
32	33	1.740811984073501
32	34	-10.673459502127837
32	35	-5.519446357703979
32	36	-5.436775456185157
32	37	-4.10559764086352
32	38	-6.988421615050285
32	39	0.11163476949296565
32	40	-3.057094971040442
32	41	-0.07457077197179522
32	42	1.8756256195844825
32	43	-7.446559750599158
32	44	-6.271494258159538
32	45	4.066739003518532
32	46	2.233094431286022
32	47	0.43123603408311756
32	48	6.973439303549688
32	49	15.654618827842338
32	50	7.1965555183649075
32	51	4.512416630863719
32	52	-12.926608047109191
32	53	6.246857146024051
32	54	-2.392615595636108
32	55	0.09906596057455062
32	56	-0.7510609305933663
32	57	-2.45950515163759
32	58	0.5660327872826113
32	59	-7.120424348187996
32	60	8.62207782053549
32	61	10.241211090565654
32	62	2.107763912374374
32	63	-3.899715795518401
32	64	7.365403598908167
32	65	-8.036590736448025
32	66	-15.728011946529742
32	67	-2.1121604878825604
32	68	6.154469630527179
32	69	-12.411779494427877
33	33	NaN
33	34	-31.206898362487326
33	35	14.964786347603978
33	36	5.224186309349434
33	37	37.13430969903826
33	38	26.286285807805164
33	39	24.81011351218958
33	40	-19.302340195004405
33	41	3.080948394294763
33	42	-11.450753377557206
33	43	0.4757844599504869
33	44	4.500882446021847
33	45	-12.283782993182056
33	46	-3.2956140654832837
33	47	30.792118116175452
33	48	-2.6216587295006284
33	49	36.32225088702484
33	50	0.6735109981793873
33	51	-4.806005870848601
33	52	18.45906659304833
33	53	31.47283750102985
33	54	18.65233345134269
33	55	51.99605673153879
33	56	-15.849675957367612
33	57	-30.880275203922505
33	58	-14.358578030230039
33	59	19.328151598461485
33	60	-11.96653849647407
33	61	-7.285160136307759
33	62	-13.07951230611744
33	63	-6.215667878816925
33	64	-14.673656701379505
33	65	6.069486603774454
33	66	-16.934032451345907
33	67	8.821788402710242
33	68	7.445101603625133
33	69	-42.8543300472456
34	34	NaN
34	35	-12.209036377738455
34	36	3.727885846856943
34	37	4.174286336779949
34	38	-9.613460496521338
34	39	-24.200822998893162
34	40	-2.1311083031274762
34	41	-21.023328323093676
34	42	20.019581363435297
34	43	11.0264854582672
34	44	-11.050935463326281
34	45	10.409916491813577
34	46	-2.1966866550954363
34	47	9.732837514824936
34	48	-0.2944210874306708
34	49	-40.09231258329192
34	50	-4.733784586396308
34	51	-0.050868252805189536
34	52	-3.3088154784463644
34	53	-34.78317397581657
34	54	-27.457815460358034
34	55	-18.879987462803197
34	56	10.713992847038224
34	57	-15.276023135565355
34	58	8.348372825568973
34	59	-19.716652508923445
34	60	-7.085583738211073
34	61	3.499053409427826
34	62	4.838546825288764
34	63	16.874602118090387
34	64	11.094356874107667
34	65	40.52938599382566
34	66	59.4014185690117
34	67	24.44606476151972
34	68	-9.62538295120841
34	69	16.336350406355955
35	35	NaN
35	36	-9.01777486165278
35	37	61.48078149624181
35	38	6.714868895541443
35	39	8.154017038956693
35	40	-2.171664358528102
35	41	2.9287621831123523
35	42	2.6429905359585875
35	43	-5.9470442631577844
35	44	-1.7348108278872887
35	45	1.7253728110713904
35	46	1.1812771566861262
35	47	3.08495030645349
35	48	6.632903669767265
35	49	19.036456691279966
35	50	0.6939309377632602
35	51	13.623341304885976
35	52	-17.76501108176704
35	53	7.2986853351571375
35	54	1.3181932426325997
35	55	-5.456726707871028
35	56	-25.639640021628267
35	57	18.004910110523767
35	58	-2.3843495599921307
35	59	-1.144280876129074
35	60	-1.896400187553623
35	61	-4.705659981035676
35	62	4.502984461951448
35	63	-19.91397743293869
35	64	0.6215534811549727
35	65	4.08027718768781
35	66	-18.886163854400845
35	67	10.743751568826708
35	68	-0.31331036383581706
35	69	-4.9882081538030345
36	36	NaN
36	37	-0.9282304688982888
36	38	5.553812934565675
36	39	15.612855558044263
36	40	-19.360816024921707
36	41	-0.5883301248037103
36	42	15.122766283851181
36	43	-4.46904693148531
36	44	-20.442409269421432
36	45	0.59383737664507
36	46	4.688070400097688
36	47	1.382581376239698
36	48	3.9247731609260623
36	49	-7.312421854757596
36	50	3.2744081928343114
36	51	5.594040892453916
36	52	14.732693239089237
36	53	-0.7999035309444003
36	54	11.531332473353961
36	55	-9.466974363351293
36	56	-5.881133788584788
36	57	16.176345576751533
36	58	0.8523297543959074
36	59	-9.687444811882447
36	60	-10.850969021618534
36	61	6.686863760726876
36	62	3.7847609064298675
36	63	-18.95366180054721
36	64	21.27467908472529
36	65	-19.642101995581978
36	66	1.2857337214812223
36	67	-3.8434833968362008
36	68	-6.090839870739813
36	69	-11.399572570506868
37	37	NaN
37	38	8.383299963430488
37	39	5.817213329122945
37	40	-19.868960793405833
37	41	2.3518841260792565
37	42	-1.1961692762776779
37	43	-1.9128567738759892
37	44	-22.334824383424014
37	45	1.0847891842911666
37	46	8.773877312783991
37	47	29.99371407094964
37	48	0.19027962239882174
37	49	12.423126256079074
37	50	-0.43241401060794926
37	51	5.126814491626765
37	52	-14.736828426934478
37	53	2.8239075842966184
37	54	0.2977100475402986
37	55	7.624208600323403
37	56	-28.394379272038755
37	57	12.127675682018863
37	58	7.797825010661748
37	59	-0.739937638675173
37	60	-11.799419680231217
37	61	-9.686671340669342
37	62	-3.157529802710318
37	63	-16.973477390351647
37	64	-19.65592664714112
37	65	11.408873665455326
37	66	0.7583016461697453
37	67	-8.882557917491427
37	68	-7.426264046097955
37	69	-30.211551732768015
38	38	NaN
38	39	21.242989471815996
38	40	11.27621526135269
38	41	27.387998005683215
38	42	5.927784461761872
38	43	0.3105446895986103
38	44	16.14749558019986
38	45	-6.239598404363437
38	46	31.906873422973774
38	47	15.170311711504135
38	48	7.203311606761305
38	49	37.098589743917934
38	50	4.36984364415845
38	51	7.792757140103312
38	52	40.413135671677985
38	53	28.334289967824443
38	54	14.467871073051747
38	55	-13.156552749582866
38	56	-17.60684450347066
38	57	-37.25509499476732
38	58	36.14998185488645
38	59	9.05444500663481
38	60	15.7101072964896
38	61	-13.559175656013448
38	62	-3.5791942149913982
38	63	-13.82870144662551
38	64	-13.006309348693067
38	65	-13.77692528625624
38	66	-3.0170461687067633
38	67	-5.323432781724427
38	68	8.095062933929826
38	69	-7.7701537637603835
39	39	NaN
39	40	-19.87407856891761
39	41	42.888328107746034
39	42	22.6207392375608
39	43	-27.213283979805173
39	44	-10.265475309146144
39	45	-1.966498863849359
39	46	0.40590698652466733
39	47	-14.042083507301623
39	48	-2.590462489950183
39	49	49.286543515546995
39	50	-1.6712676597905622
39	51	12.52216529644024
39	52	25.254756203337312
39	53	63.15810307571886
39	54	36.693781564297254
39	55	16.95593432175485
39	56	-21.98996352515986
39	57	-24.605703075149673
39	58	-20.060082174241145
39	59	5.283439803917777
39	60	-5.734951845309927
39	61	-4.806199340882932
39	62	-6.049875052765762
39	63	0.3985816084378007
39	64	8.011499793258608
39	65	-1.7810759787802228
39	66	3.649439010251549
39	67	-8.344772312926493
39	68	10.653459855063028
39	69	-28.30558394036451
40	40	NaN
40	41	43.94871681773382
40	42	-23.921421198763394
40	43	-22.19608539366143
40	44	131.04780595232015
40	45	-20.44836314357918
40	46	12.915699629558704
40	47	9.0084686951158
40	48	-2.6166067415289374
40	49	7.310504238147775
40	50	-2.9133761865602366
40	51	-21.576487763644614
40	52	29.316690764005337
40	53	-9.983899269586992
40	54	-14.677376801223335
40	55	-27.792292943391317
40	56	26.032588264131302
40	57	-24.427624025941807
40	58	-33.384868899155755
40	59	27.654756556037853
40	60	-6.239764257207541
40	61	-10.658587333320705
40	62	5.770288554992296
40	63	2.6401961471471638
40	64	12.735875156533563
40	65	-3.7928058652648713
40	66	75.44845329072908
40	67	-0.21669682145170666
40	68	-14.259610977304288
40	69	68.11990388468563
41	41	NaN
41	42	0.08356062152295697
41	43	-12.835669633468557
41	44	27.313641205801414
41	45	-9.266869245864978
41	46	3.8517387400383587
41	47	3.277796704971516
41	48	-0.956118747664957
41	49	21.240903293756425
41	50	-1.6545016346967685
41	51	-7.209159896204464
41	52	32.85223851032542
41	53	5.669868804979484
41	54	9.48797201936734
41	55	-10.695141870952948
41	56	-12.595797561020685
41	57	-10.21357298673087
41	58	-20.392448204189783
41	59	28.19766356274933
41	60	-5.541765425342253
41	61	-3.7933118612011474
41	62	-7.640228297567564
41	63	-18.912499102553387
41	64	-10.393370935710726
41	65	-14.752889336455679
41	66	21.02389634125367
41	67	0.8802677465172171
41	68	-0.47075428604665726
41	69	7.747676030716653
42	42	NaN
42	43	24.81767658510483
42	44	-9.89644003184483
42	45	4.689922846287059
42	46	16.507230832851754
42	47	-4.173808216935297
42	48	8.264062923612324
42	49	-10.884498182630395
42	50	4.782844732449252
42	51	10.236146739488348
42	52	35.12135108205553
42	53	-6.764339489623083
42	54	11.667085651204365
42	55	-7.000287709968225
42	56	12.410154991666227
42	57	-9.756282985334432
42	58	10.610893076559957
42	59	-13.538016588431303
42	60	12.997679271513297
42	61	2.194747902407391
42	62	-3.3756195380347305
42	63	-7.943407759833485
42	64	0.05830691298882518
42	65	-14.688324652776155
42	66	6.326618689826065
42	67	-7.009693772786248
42	68	-1.3313856609720773
42	69	-7.297598779750085
43	43	NaN
43	44	-11.141381498299413
43	45	-6.158283189726372
43	46	-5.638601444266906
43	47	44.82682923291967
43	48	-9.151598679327602
43	49	-25.55667212167913
43	50	-8.840901443934078
43	51	-4.124050540456858
43	52	73.6586057947164
43	53	-44.776492622124735
43	54	-25.542613808362457
43	55	-13.667766224447416
43	56	-11.346750501617189
43	57	22.834938521040073
43	58	70.68080419885283
43	59	3.388601091045309
43	60	10.366402758570556
43	61	-7.97434392372992
43	62	-21.349112854250674
43	63	44.929987069287954
43	64	8.30530229473974
43	65	43.39867891085673
43	66	-0.39570317125437654
43	67	5.727264286673663
43	68	-12.548332089525992
43	69	-5.816642550187866
44	44	NaN
44	45	-8.706183778646086
44	46	1.8289629193169343
44	47	22.664002342268518
44	48	-4.867780554691208
44	49	-5.892147726836093
44	50	-9.230886162310874
44	51	-18.558150326387352
44	52	27.521320002955065
44	53	-10.379172319693996
44	54	-3.276654280426173
44	55	-23.03151412728127
44	56	7.787891197410509
44	57	-17.696950914728145
44	58	-29.32247509912791
44	59	7.72358312274458
44	60	-0.9888023077795969
44	61	-7.250611251371481
44	62	-4.536975433253626
44	63	-19.553250973946472
44	64	0.8291636068043106
44	65	-37.177005896078086
44	66	47.02024362458247
44	67	5.621803384361425
44	68	-14.68911706039582
44	69	20.324679201238926
45	45	NaN
45	46	0.09752359076380775
45	47	-13.582678433374815
45	48	6.901568398672467
45	49	-7.038257596701804
45	50	10.067466320027288
45	51	7.066202114060019
45	52	-8.406020591325642
45	53	1.2433703921783752
45	54	-1.8193028186432585
45	55	-4.3826398425468875
45	56	-3.435544002587925
45	57	11.83126372836065
45	58	8.76450348768518
45	59	-13.05454577609117
45	60	2.273303414137556
45	61	3.882166757509654
45	62	5.32784978148709
45	63	-4.166409312886016
45	64	5.657354843117862
45	65	4.725495551873543
45	66	4.396426086036824
45	67	-2.389444965178918
45	68	4.871191381265749
45	69	2.045065730800392
46	46	NaN
46	47	28.651720095504746
46	48	17.867686747930346
46	49	-2.162918554766582
46	50	2.7405198673627056
46	51	22.758196810653054
46	52	14.65686513211217
46	53	-11.499035285863123
46	54	4.291322735340845
46	55	-17.8149530184512
46	56	9.731310602565516
46	57	-19.12047176283919
46	58	13.195270418186709
46	59	-2.514290393287875
46	60	1.715206159501972
46	61	5.9720264722749885
46	62	7.965434877235215
46	63	-2.328691667143225
46	64	21.219952825179075
46	65	0.6978763450248388
46	66	-2.5231547836749666
46	67	-11.976935657884155
46	68	-3.6157061443848497
46	69	5.665493522697193
47	47	NaN
47	48	-4.592102337433645
47	49	-0.6920646675702716
47	50	-16.785391215301587
47	51	-8.41101987494795
47	52	-10.481598960672025
47	53	-10.9532237885467
47	54	16.577314562232836
47	55	-4.293743780471078
47	56	29.498663997224888
47	57	-21.847304232609286
47	58	41.73022264194351
47	59	-6.699593856620994
47	60	6.045751320576149
47	61	-9.66655751467497
47	62	-2.743553502308352
47	63	20.596011550823796
47	64	-1.4261613062087704
47	65	8.103628759625128
47	66	-31.775431512771966
47	67	-15.428744931225575
47	68	-6.0455669551172555
47	69	-14.138912837882783
48	48	NaN
48	49	-0.9315358872154289
48	50	11.427253909259548
48	51	12.961152511435793
48	52	-9.994402582358555
48	53	-4.462148016176648
48	54	1.3396664170264376
48	55	-9.851569620720477
48	56	-1.7047374187128512
48	57	-10.615001657359121
48	58	-5.924861550451021
48	59	-2.545009049232079
48	60	5.879384635959907
48	61	6.66549652479202
48	62	6.6192990165006504
48	63	-5.240132022569912
48	64	6.956180031537135
48	65	2.5860273450793905
48	66	-6.174823840803782
48	67	1.2685098255494114
48	68	5.037175763090249
48	69	-1.2274483778037768
49	49	NaN
49	50	4.043587760958277
49	51	-0.43543922232170024
49	52	0.7103006184814327
49	53	65.18296519154407
49	54	23.657524043234787
49	55	5.7401477027744905
49	56	-15.540951124482127
49	57	-10.934801091009628
49	58	-4.785224854289201
49	59	-6.3472391601135465
49	60	-7.96322401051694
49	61	2.7540697082489882
49	62	1.9682873514380292
49	63	-10.774787722971288
49	64	-5.985024946790299
49	65	-3.2561905716979176
49	66	-14.60560585978441
49	67	-0.3943822476959965
49	68	9.844107625601968
49	69	-16.69927553458013
50	50	NaN
50	51	7.971270471183048
50	52	-9.217146245136567
50	53	5.837027511757957
50	54	-1.353024352029947
50	55	-7.925709970575074
50	56	-0.9816049586948482
50	57	-2.789453074895592
50	58	-0.5098018427322333
50	59	-3.9653986886858443
50	60	2.705058077890975
50	61	5.727904343841518
50	62	7.519525554206733
50	63	-3.1608028850153254
50	64	-3.9745717852982514
50	65	-5.632829472838739
50	66	-5.3030994368884095
50	67	0.4064938720327751
50	68	6.378764249811723
50	69	-7.768252830143866
51	51	NaN
51	52	1.8249606485798122
51	53	6.571189918326984
51	54	14.965375673681342
51	55	-10.901921227859637
51	56	0.19209149463249178
51	57	0.32604266915957336
51	58	13.255375513626245
51	59	-9.621770443008588
51	60	0.3772973608641823
51	61	4.146349087480292
51	62	6.618405153787814
51	63	-3.618655645685505
51	64	-2.939628614712186
51	65	18.33633195573017
51	66	-12.933896439404519
51	67	2.660075710612991
51	68	2.733213731683701
51	69	-5.477679709791152
52	52	NaN
52	53	19.344863839821056
52	54	19.061335447151794
52	55	-11.37527870904963
52	56	-34.22675514735809
52	57	-39.37656924556647
52	58	-10.581876570466767
52	59	9.876851456455059
52	60	-1.444593848893497
52	61	-24.66187739561508
52	62	-11.674198869103334
52	63	1.791251391031037
52	64	11.714693747169118
52	65	-4.602402535597691
52	66	47.25783528796396
52	67	-12.962835593096658
52	68	2.72331839243377
52	69	34.592136669577165
53	53	NaN
53	54	51.375082783302126
53	55	20.187833905855094
53	56	-12.213137719793059
53	57	-13.661764326331287
53	58	-17.53198883717716
53	59	-13.741260166756023
53	60	-1.4293670250840493
53	61	-5.283092320105686
53	62	0.9131998254327348
53	63	-4.934732097677417
53	64	1.3273235114106678
53	65	-14.750257761191241
53	66	-16.78395108272643
53	67	-2.1801701383372034
53	68	22.51553483808387
53	69	-20.723871170589923
54	54	NaN
54	55	-3.9189746631683233
54	56	-4.800431820838029
54	57	-26.549910894420623
54	58	-6.5472377243143765
54	59	0.1762936068736116
54	60	19.107927523030604
54	61	1.9182095848908605
54	62	-4.094785591622376
54	63	-15.963579273209143
54	64	-4.55739013932013
54	65	-10.515147262395304
54	66	2.4338379224336504
54	67	9.217471829823166
54	68	9.627883183550102
54	69	-16.151889427897576
55	55	NaN
55	56	8.963588677529478
55	57	13.522399888947565
55	58	-28.094329705309683
55	59	85.12972380978161
55	60	-3.3341048125060553
55	61	0.8619858281042617
55	62	-0.8117279480937621
55	63	-7.974605027058313
55	64	5.813844143423309
55	65	-6.0714168557397405
55	66	-42.22344039980255
55	67	-4.986518497609724
55	68	9.368515829171177
55	69	-23.05987354519735
56	56	NaN
56	57	-12.566134763568076
56	58	-12.633274113049556
56	59	20.696200905012315
56	60	2.213313757419846
56	61	4.999675697912535
56	62	1.9159439921188621
56	63	42.72008873312012
56	64	8.116906103183902
56	65	-5.262741438035606
56	66	23.67748793354366
56	67	2.129955664450567
56	68	-5.658397253250615
56	69	-3.1314393310061015
57	57	NaN
57	58	70.27823354246132
57	59	1.6135991234767022
57	60	-13.698047799460461
57	61	3.300535794012381
57	62	6.887202270075173
57	63	-8.3546230833364
57	64	-20.531497439844166
57	65	-4.624898346524422
57	66	-48.48981938277911
57	67	-16.409611887465335
57	68	-18.785799277218278
57	69	48.08787023744322
58	58	NaN
58	59	-16.7431353340219
58	60	-0.505547941179502
58	61	-8.258280716063844
58	62	-7.27987023702436
58	63	-8.814672529387897
58	64	-24.741494930704896
58	65	39.05733955786719
58	66	-25.335147426129286
58	67	-14.448945820568644
58	68	-8.216789150166099
58	69	15.025420214482113
59	59	NaN
59	60	-6.962627004550829
59	61	-16.272577430204596
59	62	-3.1288910036875537
59	63	-9.355189600920221
59	64	5.786475180558323
59	65	-20.10527840690722
59	66	36.53941441188509
59	67	-10.096621860148947
59	68	2.3523406835491745
59	69	9.503038037161641
60	60	NaN
60	61	3.529701077750203
60	62	4.733100361707321
60	63	-4.310534450819762
60	64	11.459556233367463
60	65	-0.6052008118756628
60	66	-20.444679152499152
60	67	6.01278831858132
60	68	4.222218830188567
60	69	-6.488615376338526
61	61	NaN
61	62	9.171607132771669
61	63	5.668429252793742
61	64	-0.3467894590942134
61	65	-3.744006292742571
61	66	-4.5324694535458265
61	67	11.435660088746957
61	68	4.472868470053978
61	69	-6.546287679122239
62	62	NaN
62	63	-2.095739714393663
62	64	0.6450539879210722
62	65	-5.750608556299645
62	66	-18.909685393312508
62	67	-0.32696179445298884
62	68	-0.5545313088476814
62	69	-5.774083598301861
63	63	NaN
63	64	9.64358273114576
63	65	38.72084202610394
63	66	12.537406196864772
63	67	60.22197494377192
63	68	-1.8100936000099102
63	69	2.070135914202338
64	64	NaN
64	65	-5.708202477320456
64	66	45.36997307085065
64	67	-11.62252069898301
64	68	2.6759824391346965
64	69	-4.470009655451207
65	65	NaN
65	66	9.415504811820023
65	67	15.44274465771336
65	68	-7.475132384372564
65	69	-6.934279468402624
66	66	NaN
66	67	1.606220265299729
66	68	2.547522662279879
66	69	33.5217913413867
67	67	NaN
67	68	0.4694751236383157
67	69	-1.3215713182107036
68	68	NaN
68	69	-19.090875778906742
69	69	NaN
