,Entropy
0,2.1386858893570664
1,1.3044784162698984
2,0.9513582435322372
3,2.208797559351384
4,2.626682724043013
5,2.1735938056489186
6,2.4861488979925124
7,2.9996600732564387
8,2.503477552991447
9,3.893291195024298
10,3.125529787952188
11,1.1756734711340142
12,2.203833647910561
13,5.899106643030889
14,0.5296350783854037
15,2.382395440608022
16,5.883586888775733
17,2.0493788208153325
18,1.2839144021400872
19,2.8991251336217876
20,1.4957796823098182
21,1.3176201541964678
22,2.5133522087581763
23,2.8298445716432084
24,0.9585396768024569
25,1.923166734637066
26,2.628797208298768
27,0.824028209293161
28,0.43773685237378024
29,2.086300713326173
30,3.539086733232227
31,0.43788330495604916
32,2.2577562955846138
33,2.089634838012184
34,1.8202496423168466
35,2.1498219574766186
36,2.575476646684794
37,2.4318789793778
38,2.377218401976259
39,2.7859048006035247
40,1.816754440174121
41,0.944783809090979
42,2.6369175069122806
43,3.2771894676822577
44,0.4811887405067363
45,1.2289397406979656
46,4.025940299021224
47,0.32088676551848205
48,2.135809688492095
49,0.3419441245837909
50,0.7383466432395823
51,3.215123067031033
52,3.2668279448971185
53,3.0948821855591486
54,2.1896131096822384
55,2.640027869170496
56,2.306301454374193
57,2.637891994148032
58,2.7130601366878784
59,0.8747858975903817
60,0.8407955611770965
61,1.1287807373390453
62,2.14320548808164
63,1.734689348040884
64,2.44840126305133
65,2.872490514489921
66,1.2038148419115167
67,0.6202359017328402
68,2.145745559262801
