cluster,seq,pdb,chain,n_residues,pdb_folder_name,status,contacts_count,beta,nsus,runs,auc,auc_01,auc_nat,auc_nat_01,spearman_zmip_evol_nat,par_positions_count,execution_time,start_pdb_residue,end_pdb_residue,count_seq_scpe,count_seq_cluster,seq_lenght,seq_cutted_lenght
1,PDIA3_HUMAN/377-483,3F8U,A,69,PDIA3_HUMAN_377_483_3F8U_A,okey,234.0,5.0,15.0,20000.0,0.868425163464,0.672255322113,0.850680264518,0.74042373788,0.120213199082,2415.0,4173.37754893,377.0,483.0,522371.0,85681.0,107.0,69.0
2,THIOM_HUMAN/61-164,1UVZ,F,69,THIOM_HUMAN_61_164_1UVZ_F,okey,232.0,5.0,15.0,20000.0,0.885478693885,0.731694546736,0.84030538015,0.724589625908,0.123331515317,2415.0,2041.462713,2.0,105.0,563421.0,89557.0,104.0,69.0
3,THIO_ECOLI/4-107,2H6X,B,69,THIO_ECOLI_4_107_2H6X_B,okey,212.0,5.0,15.0,20000.0,0.904365199343,0.727199563868,0.810965295766,0.7297312769,0.116946293237,2415.0,1669.3878479,3.0,106.0,509481.0,80569.0,104.0,69.0
4,THIO_PLAF7/2-102,1SYR,B,69,THIO_PLAF7_2_102_1SYR_B,okey,218.0,5.0,15.0,20000.0,0.876687858558,0.784475284648,0.833123801491,0.728716326346,0.109345535834,2415.0,2618.3533318,10.0,110.0,609011.0,102296.0,101.0,69.0
5,DJC10_MOUSE/672-776,3APS,B,69,DJC10_MOUSE_672_776_3APS_B,okey,234.0,5.0,15.0,20000.0,0.879590576719,0.774838345808,0.812665045041,0.70863635962,0.109968849023,2415.0,2986.6209321,672.0,776.0,603581.0,101811.0,105.0,69.0
6,Q7XZK2_HORVD/14-118,2VLT,A,69,Q7XZK2_HORVD_14_118_2VLT_A,okey,228.0,5.0,15.0,20000.0,0.885617999802,0.793972567915,0.867715790999,0.756271659023,0.128207155307,2415.0,2079.76970816,14.0,118.0,531001.0,83385.0,107.0,69.0
7,Q9YED4_AERPE/239-342,3EMX,A,69,Q9YED4_AERPE_239_342_3EMX_A,okey,178.0,5.0,15.0,20000.0,0.926401112968,0.782535650718,0.801322615862,0.66014495662,0.0805455497964,2415.0,2105.04026794,239.0,342.0,514561.0,85013.0,104.0,69.0
8,THIO_ECOLI/4-107,2H6X,A,69,THIO_ECOLI_4_107_2H6X_A,okey,212.0,5.0,15.0,20000.0,0.916863462906,0.780991939498,0.85546712209,0.74878951401,0.124584387857,2415.0,3073.62504101,3.0,106.0,624471.0,102114.0,104.0,69.0
9,PDIA1_HUMAN/368-473,4EL1,A,69,PDIA1_HUMAN_368_473_4EL1_A,okey,208.0,5.0,15.0,20000.0,0.900825483474,0.747876207604,0.857703957661,0.758195190079,0.110815151866,2415.0,2927.77230191,368.0,473.0,582431.0,100184.0,106.0,69.0
10,THIOM_HUMAN/61-164,1UVZ,B,69,THIOM_HUMAN_61_164_1UVZ_B,okey,218.0,5.0,15.0,20000.0,0.894029933878,0.76514398883,0.864716694383,0.738820856189,0.127586623491,2415.0,2150.21511292,2.0,105.0,600661.0,99114.0,104.0,69.0
11,PDIA1_HUMAN/25-132,4EL1,A,69,PDIA1_HUMAN_25_132_4EL1_A,error,,5.0,15.0,20000.0,,,,,,,,368.0,473.0,583991.0,100477.0,106.0,
12,THIOM_HUMAN/61-164,1UVZ,C,69,THIOM_HUMAN_61_164_1UVZ_C,okey,210.0,5.0,15.0,20000.0,0.895596784168,0.766867008646,0.841838796125,0.736696494254,0.108313609525,2415.0,2166.68476796,2.0,105.0,622691.0,100954.0,104.0,69.0
13,TRX2_YEAST/2-103,2FA4,B,69,TRX2_YEAST_2_103_2FA4_B,okey,226.0,5.0,15.0,20000.0,0.88203024688,0.786595682047,0.843787241568,0.741584405243,0.122052294715,2415.0,2447.68908095,2.0,103.0,648681.0,105562.0,102.0,69.0
14,Q8T9N5_SCHMA/5-106,2XBQ,B,69,Q8T9N5_SCHMA_5_106_2XBQ_B,okey,220.0,5.0,15.0,20000.0,0.886061920726,0.718332629952,0.8419996056,0.752189612952,0.143371054249,2415.0,3135.65172505,5.0,106.0,559591.0,86595.0,105.0,69.0
15,PDIA6_HUMAN/26-129,4EF0,A,69,PDIA6_HUMAN_26_129_4EF0_A,okey,234.0,5.0,15.0,20000.0,0.836963394405,0.734605338308,0.854838469721,0.750157072652,0.118902815845,2415.0,2631.67632008,27.0,129.0,646981.0,104358.0,103.0,69.0
16,TXND5_HUMAN/323-427,3UVT,A,69,TXND5_HUMAN_323_427_3UVT_A,okey,218.0,5.0,15.0,20000.0,0.913011131711,0.775712558407,0.694952139214,0.583667354145,0.0391092211835,2415.0,3007.50863886,323.0,427.0,633991.0,105027.0,104.0,69.0
17,TRX3_YEAST/27-127,2OE0,B,69,TRX3_YEAST_27_127_2OE0_B,okey,234.0,5.0,15.0,20000.0,0.889063697158,0.761703996297,0.8413298818,0.726452453063,0.072206720815,2415.0,1398.19808698,4.0,104.0,462531.0,72303.0,101.0,69.0
18,THIO2_DROME/11-113,1XWB,D,69,THIO2_DROME_11_113_1XWB_D,okey,222.0,5.0,15.0,20000.0,0.932878190691,0.828295096885,0.864653716216,0.761798472881,0.118508064431,2415.0,3039.25143313,9.0,105.0,648631.0,107439.0,97.0,69.0
19,TXND5_HUMAN/63-167,3WGD,E,69,TXND5_HUMAN_63_167_3WGD_E,okey,234.0,5.0,15.0,20000.0,0.904264577894,0.778574513834,0.856482411313,0.765117199737,0.189193699617,2415.0,4662.28904319,63.0,167.0,550871.0,89383.0,105.0,69.0
20,THIOM_HUMAN/61-164,1UVZ,E,69,THIOM_HUMAN_61_164_1UVZ_E,okey,224.0,5.0,15.0,20000.0,0.917894361392,0.813997890959,0.84492277154,0.729332664938,0.149575550093,2415.0,2623.83301401,2.0,105.0,568651.0,92946.0,104.0,69.0
21,THIO_ECOLI/4-107,1SKR,B,69,THIO_ECOLI_4_107_1SKR_B,okey,212.0,5.0,15.0,20000.0,0.929361726468,0.756160521546,0.851544816428,0.760792762984,0.105407543467,2415.0,2025.79212809,3.0,106.0,547301.0,88096.0,104.0,69.0
22,THIO2_DROME/11-113,1XW9,C,69,THIO2_DROME_11_113_1XW9_C,okey,228.0,5.0,15.0,20000.0,0.933564354171,0.780409808003,0.84756436942,0.750490571545,0.114733350805,2415.0,3937.52686405,9.0,105.0,579551.0,92613.0,97.0,69.0
23,THIO_HUMAN/2-104,1AUC,A,69,THIO_HUMAN_2_104_1AUC_A,okey,228.0,5.0,15.0,20000.0,0.906417499638,0.795873616606,0.852497388626,0.760335346773,0.0873103748585,2415.0,2292.67970204,2.0,104.0,565801.0,86791.0,103.0,69.0
24,DJC10_MOUSE/130-232,3APQ,B,69,DJC10_MOUSE_130_232_3APQ_B,okey,204.0,5.0,15.0,20000.0,0.877626883006,0.768805305719,0.839127523037,0.730148651421,0.116296734956,2415.0,1845.37681794,130.0,232.0,622531.0,101766.0,103.0,69.0
25,THIOM_HUMAN/61-164,1W4V,D,69,THIOM_HUMAN_61_164_1W4V_D,okey,226.0,5.0,15.0,20000.0,0.865738142285,0.728062794909,0.850518594835,0.727091336829,0.112808075192,2415.0,1996.42036605,2.0,105.0,579721.0,90570.0,104.0,69.0
26,THIO_ECOLI/4-107,2TRX,A,69,THIO_ECOLI_4_107_2TRX_A,okey,220.0,5.0,15.0,20000.0,0.900646815224,0.718219625842,0.845513705384,0.743337926341,0.123072476877,2415.0,2144.47643805,3.0,106.0,611831.0,96222.0,104.0,69.0
27,GLRX3_HUMAN/14-115,2WZ9,A,69,GLRX3_HUMAN_14_115_2WZ9_A,okey,228.0,5.0,15.0,20000.0,0.932272009881,0.829907670182,0.86736125407,0.758128269116,0.0825436839377,2415.0,2578.42702603,14.0,115.0,550671.0,88173.0,103.0,69.0
28,B1MMM4_MYCA9/5-107,4POB,A,69,B1MMM4_MYCA9_5_107_4POB_A,okey,232.0,5.0,15.0,20000.0,0.923707459015,0.805057719293,0.853639513432,0.732329317517,0.112769043929,2415.0,3898.70326304,5.0,107.0,631271.0,105027.0,103.0,69.0
29,B1MMM4_MYCA9/5-107,4POB,B,69,B1MMM4_MYCA9_5_107_4POB_B,okey,218.0,5.0,15.0,20000.0,0.942889311489,0.853228958514,0.849387716129,0.737570120127,0.123874189118,2415.0,4196.64821386,5.0,107.0,656681.0,111027.0,103.0,69.0
30,PDIA4_HUMAN/178-282,3IDV,A,69,PDIA4_HUMAN_178_282_3IDV_A,okey,204.0,5.0,15.0,20000.0,0.889689987538,0.758285647551,0.878995956359,0.775465330027,0.141809133931,2415.0,3291.7828989,178.0,282.0,522371.0,85339.0,105.0,69.0
31,Q4DV70_TRYCC/42-151,3H79,A,69,Q4DV70_TRYCC_42_151_3H79_A,okey,232.0,5.0,15.0,20000.0,0.89575677581,0.756273349959,0.84560753551,0.736806357995,0.189934213966,2415.0,6295.10695601,16.0,125.0,535401.0,86388.0,110.0,69.0
32,TXND5_HUMAN/323-427,3UVT,C,69,TXND5_HUMAN_323_427_3UVT_C,okey,226.0,5.0,15.0,20000.0,0.896296410201,0.738529409147,0.859779491477,0.752866323565,0.172356968817,2415.0,4317.5291369,323.0,427.0,614221.0,107251.0,105.0,69.0
33,TXND5_HUMAN/323-427,3UVT,D,69,TXND5_HUMAN_323_427_3UVT_D,okey,220.0,5.0,15.0,20000.0,0.925217905739,0.775542153346,0.856146716624,0.749948655171,0.164121649169,2415.0,3349.34001994,323.0,427.0,588771.0,105029.0,105.0,69.0
34,G0W5T0_NAUDC/35-141,4TVE,A,69,G0W5T0_NAUDC_35_141_4TVE_A,okey,218.0,5.0,15.0,20000.0,0.855295718389,0.705932207717,0.861331031135,0.749947078596,0.154833346918,2415.0,4404.38048577,35.0,141.0,616121.0,109753.0,107.0,69.0
35,Q2G000_STAA8/2-104,4RUV,A,69,Q2G000_STAA8_2_104_4RUV_A,okey,216.0,5.0,15.0,20000.0,0.939772672543,0.849586175536,0.843154489557,0.73971212372,0.0795269849888,2415.0,2102.33976603,2.0,104.0,557701.0,94395.0,103.0,69.0
36,THIO1_STRCO/4-106,1T00,A,69,THIO1_STRCO_4_106_1T00_A,okey,228.0,5.0,15.0,20000.0,0.899216206531,0.771513629738,0.856092316842,0.743081045062,0.146389806847,2415.0,2022.90182686,4.0,106.0,572081.0,92881.0,103.0,69.0
37,THIO_ECOLI/4-107,2BTO,T,69,THIO_ECOLI_4_107_2BTO_T,okey,232.0,5.0,15.0,20000.0,0.924243674161,0.784089094806,0.833994540355,0.727785588155,0.13114538526,2415.0,2872.52714515,23.0,125.0,593241.0,97448.0,103.0,69.0
38,THIO_ECOLI/4-107,2AJQ,I,69,THIO_ECOLI_4_107_2AJQ_I,okey,186.0,5.0,15.0,20000.0,0.928500643679,0.82839825641,0.797157622739,0.695781775581,0.152078105625,2415.0,2792.42163515,3.0,106.0,722091.0,122812.0,104.0,69.0
39,THIO_ECOLI/4-107,2AJQ,B,69,THIO_ECOLI_4_107_2AJQ_B,okey,204.0,5.0,15.0,20000.0,0.927405203326,0.758793521153,0.845735527242,0.745764981454,0.105057737144,2415.0,3068.05331492,3.0,106.0,667811.0,108251.0,104.0,69.0
40,THIO_ECOLI/4-107,1THO,A,69,THIO_ECOLI_4_107_1THO_A,okey,238.0,5.0,15.0,20000.0,0.931759289081,0.776414947182,0.846441015431,0.753937549847,0.13076088164,2415.0,2757.84988213,3.0,106.0,525121.0,85847.0,105.0,69.0
41,TRX1_YEAST/2-102,3F3Q,A,69,TRX1_YEAST_2_102_3F3Q_A,okey,234.0,5.0,15.0,20000.0,0.879519909546,0.759563324315,0.865624511839,0.750810707654,0.0860323890021,2415.0,2608.81324697,2.0,102.0,568631.0,90724.0,101.0,69.0
42,PDIA1_HUMAN/25-132,4EKZ,A,69,PDIA1_HUMAN_25_132_4EKZ_A,error,,5.0,15.0,20000.0,,,,,,,,368.0,473.0,647181.0,113174.0,106.0,
43,Q97WI4_SULSO/32-133,3HHV,A,69,Q97WI4_SULSO_32_133_3HHV_A,okey,218.0,5.0,15.0,20000.0,0.92011266978,0.738203601798,0.838025255218,0.741363265449,0.112546881699,2415.0,2623.09587002,32.0,133.0,523821.0,87193.0,102.0,69.0
44,PDIA6_HUMAN/161-267,4GWR,A,69,PDIA6_HUMAN_161_267_4GWR_A,okey,208.0,5.0,15.0,20000.0,0.873094398029,0.706754522045,0.84652414872,0.750350226961,0.1406191806,2415.0,5709.50914907,161.0,267.0,581831.0,99361.0,107.0,69.0
45,YBBN_ECOLI/5-109,3QOU,A,69,YBBN_ECOLI_5_109_3QOU_A,okey,220.0,5.0,15.0,20000.0,0.934427134687,0.832195281879,0.858730033524,0.748433330673,0.196907233035,2415.0,2464.45658517,5.0,109.0,639751.0,118944.0,104.0,69.0
46,Q8IDP4_PLAF7/55-156,3UL3,B,69,Q8IDP4_PLAF7_55_156_3UL3_B,okey,234.0,5.0,15.0,20000.0,0.908623626639,0.765263907627,0.861116690098,0.745804014542,0.133227283574,2415.0,2888.23071599,55.0,156.0,606001.0,104575.0,102.0,69.0
47,Q8IDP4_PLAF7/55-156,3UL3,A,69,Q8IDP4_PLAF7_55_156_3UL3_A,okey,220.0,5.0,15.0,20000.0,0.948712285545,0.842166990804,0.851851705778,0.749222129727,0.149523981344,2415.0,3536.81675816,55.0,156.0,647101.0,109582.0,102.0,69.0
48,Q8ZR92_SALTY/5-109,3QDN,A,69,Q8ZR92_SALTY_5_109_3QDN_A,okey,202.0,5.0,15.0,20000.0,0.901640466553,0.804004537983,0.645759346894,0.568292903615,0.0610023020197,2415.0,2521.09737921,5.0,109.0,635171.0,114219.0,103.0,69.0
49,PDI_YEAST/377-483,2B5E,A,69,PDI_YEAST_377_483_2B5E_A,okey,202.0,5.0,15.0,20000.0,0.899133128525,0.762150902359,0.857317062735,0.760096648645,0.151421687782,2415.0,8265.78098202,377.0,483.0,614501.0,103044.0,107.0,69.0
50,Q8T9N5_SCHMA/5-106,2XBI,A,69,Q8T9N5_SCHMA_5_106_2XBI_A,okey,216.0,5.0,15.0,20000.0,0.881800960041,0.76757850507,0.844920451444,0.763007515834,0.159188289709,2415.0,1837.35694194,5.0,106.0,595891.0,93425.0,103.0,69.0
51,TRX3_YEAST/27-127,2OE3,A,69,TRX3_YEAST_27_127_2OE3_A,okey,210.0,5.0,15.0,20000.0,0.932958152958,0.789097990944,0.83550608122,0.723385686658,0.116773604353,2415.0,1757.0135572,4.0,104.0,564241.0,89731.0,101.0,69.0
52,TRX3_YEAST/27-127,2OE3,B,69,TRX3_YEAST_27_127_2OE3_B,okey,200.0,5.0,15.0,20000.0,0.889352051836,0.774166726716,0.855831533477,0.732748305451,0.103260319511,2415.0,1953.84382701,4.0,104.0,604681.0,99583.0,101.0,69.0
53,THIO2_DROME/11-113,1XWC,A,69,THIO2_DROME_11_113_1XWC_A,okey,210.0,5.0,15.0,20000.0,0.941851164708,0.847522518746,0.859839208411,0.760170818936,0.14832783724,2415.0,3549.06294894,9.0,105.0,683211.0,114888.0,97.0,69.0
54,THIO2_DROME/11-113,1XWA,A,69,THIO2_DROME_11_113_1XWA_A,okey,226.0,5.0,15.0,20000.0,0.92531696178,0.809136021932,0.865722765122,0.764354774659,0.156089270107,2415.0,3093.67433906,9.0,105.0,639191.0,106845.0,97.0,69.0
55,THIO2_DROME/11-113,1XWB,B,69,THIO2_DROME_11_113_1XWB_B,okey,222.0,5.0,15.0,20000.0,0.94090965966,0.812614140032,0.86133399024,0.765751778955,0.119981002944,2415.0,3600.50272417,9.0,105.0,607561.0,101530.0,97.0,69.0
56,THIO_MYCTU/8-111,2I1U,A,69,THIO_MYCTU_8_111_2I1U_A,okey,244.0,5.0,15.0,20000.0,0.919069441565,0.806474662061,0.855790610053,0.760184523974,0.117991998594,2415.0,2926.15886998,8.0,111.0,577991.0,93899.0,104.0,69.0
57,PDI_YEAST/33-138,2B5E,A,69,PDI_YEAST_33_138_2B5E_A,error,,5.0,15.0,20000.0,,,,,,,,377.0,483.0,614681.0,103188.0,107.0,
58,TXND5_HUMAN/190-293,3WGE,A,69,TXND5_HUMAN_190_293_3WGE_A,okey,238.0,5.0,15.0,20000.0,0.923026527684,0.762069004808,0.864678798349,0.764569804878,0.162617254887,2415.0,2273.5065949,190.0,293.0,506121.0,79362.0,104.0,69.0
59,PDIA4_HUMAN/63-167,3IDV,A,69,PDIA4_HUMAN_63_167_3IDV_A,error,206.0,5.0,15.0,20000.0,0.521399536399,0.536508453714,0.57355040817,0.517819947149,-0.00727710741273,2415.0,3587.741889,178.0,282.0,521131.0,85224.0,105.0,69.0
60,Q980E5_SULSO/29-131,3TCO,A,69,Q980E5_SULSO_29_131_3TCO_A,okey,238.0,5.0,15.0,20000.0,0.862698738032,0.70474215548,0.851575996252,0.735051838022,0.112969940238,2415.0,3298.9722631,29.0,131.0,526921.0,84474.0,103.0,69.0
61,Q980E5_SULSO/29-131,3TCO,B,69,Q980E5_SULSO_29_131_3TCO_B,okey,216.0,5.0,15.0,20000.0,0.895940695789,0.760901092228,0.842612660341,0.732534426004,0.127119190793,2415.0,2162.9619689,29.0,131.0,529371.0,86489.0,103.0,69.0
62,Q980E5_SULSO/29-131,3TCO,C,69,Q980E5_SULSO_29_131_3TCO_C,okey,234.0,5.0,15.0,20000.0,0.848984252379,0.707525854033,0.848147404283,0.737005766802,0.0953188872802,2415.0,2557.95158887,29.0,131.0,519531.0,82258.0,103.0,69.0
63,PDIA1_HUMAN/368-473,4EKZ,A,69,PDIA1_HUMAN_368_473_4EKZ_A,okey,208.0,5.0,15.0,20000.0,0.913274306827,0.786053662459,0.857525047432,0.772719711749,0.130943494507,2415.0,3434.80840993,368.0,473.0,647791.0,113350.0,106.0,69.0
64,PDIA1_HUMAN/368-473,3UEM,A,69,PDIA1_HUMAN_368_473_3UEM_A,okey,214.0,5.0,15.0,20000.0,0.928242277977,0.793983832837,0.857792481252,0.763846215495,0.126110313926,2415.0,3132.22660208,368.0,473.0,560171.0,98706.0,106.0,69.0
65,THIO_HUMAN/2-104,5DQY,A,69,THIO_HUMAN_2_104_5DQY_A,okey,232.0,5.0,15.0,20000.0,0.8728907621,0.777497889191,0.836578122422,0.743775806887,0.0779866211695,2415.0,2133.91746306,2.0,104.0,649771.0,102731.0,103.0,69.0
66,THIO2_NOSS1/4-107,1THX,A,69,THIO2_NOSS1_4_107_1THX_A,okey,240.0,5.0,15.0,20000.0,0.890744371823,0.725939366051,0.847258533043,0.740407199352,0.11140031831,2415.0,2448.14586592,3.0,106.0,596281.0,95552.0,104.0,69.0
67,Q8IEV4_TRIVA/6-111,2F51,B,69,Q8IEV4_TRIVA_6_111_2F51_B,okey,224.0,5.0,15.0,20000.0,0.901855499039,0.781382422829,0.846520066993,0.740262828852,0.118094524258,2415.0,2164.10271287,6.0,111.0,632121.0,111570.0,106.0,69.0
68,Q8IEV4_TRIVA/6-111,2F51,A,69,Q8IEV4_TRIVA_6_111_2F51_A,okey,226.0,5.0,15.0,20000.0,0.891798589914,0.75146314889,0.856819387528,0.755881411155,0.113182584954,2415.0,2777.09825706,6.0,111.0,654871.0,111090.0,106.0,69.0
