Position 1, Position 2,ZMIP
50.0,67.0,22.19066895995771
22.0,26.0,20.502039908100997
19.0,69.0,20.261024285405902
51.0,67.0,18.01731648942835
11.0,39.0,13.276399575228394
27.0,31.0,12.87087295933839
11.0,41.0,11.771916809298347
3.0,60.0,10.407910139543569
13.0,34.0,9.769351574092012
53.0,68.0,8.641665489561081
34.0,60.0,8.143731577238322
15.0,60.0,8.125233714574263
6.0,24.0,7.873182468664292
8.0,17.0,7.337637736178542
43.0,50.0,7.11218655591335
23.0,69.0,6.950855292677669
3.0,23.0,6.928629411285016
15.0,50.0,6.854850447702253
19.0,29.0,6.752793167248036
30.0,42.0,6.364063025652416
24.0,55.0,6.196000810993534
3.0,12.0,5.9074920888311615
18.0,45.0,5.69513384633972
25.0,46.0,5.586399414827996
11.0,43.0,5.524255895766189
10.0,39.0,5.387699759587763
28.0,32.0,5.356592059464809
54.0,67.0,5.355010283652739
25.0,31.0,5.3421574527660995
12.0,29.0,5.338873695798359
27.0,52.0,5.225561363951245
1.0,31.0,5.208342734112921
30.0,45.0,5.194404421924026
18.0,50.0,5.173047998015936
13.0,68.0,5.124708941362891
12.0,34.0,5.029061721388921
5.0,34.0,5.021915326931862
32.0,46.0,5.0125734698997855
39.0,43.0,4.966869587934478
7.0,38.0,4.899149482215646
2.0,30.0,4.840677140090978
34.0,46.0,4.82729231520058
1.0,19.0,4.788854786465712
8.0,49.0,4.727816046410932
4.0,64.0,4.727114715271253
23.0,62.0,4.664683444398275
46.0,63.0,4.608420881431009
13.0,43.0,4.603132206917991
15.0,61.0,4.521171732753761
17.0,52.0,4.433323481325183
25.0,41.0,4.425061548191023
49.0,64.0,4.402382725243474
1.0,42.0,4.308450879643649
3.0,32.0,4.262004476995396
34.0,62.0,4.233431295154778
21.0,37.0,4.217272216029275
28.0,46.0,4.18139797269065
11.0,21.0,4.126579113237397
10.0,38.0,4.115402031793143
12.0,42.0,4.10658667141551
27.0,65.0,4.100692526377704
5.0,64.0,4.061292406811718
52.0,64.0,4.013909579588968
18.0,60.0,3.9492217928426725
7.0,17.0,3.948824724852981
16.0,53.0,3.9134379393412364
12.0,61.0,3.9085362900140197
8.0,53.0,3.8953873665906427
46.0,61.0,3.8846085818855345
16.0,32.0,3.870654803207257
6.0,52.0,3.7475794968679805
28.0,51.0,3.7451402586379867
16.0,25.0,3.718424685750635
40.0,58.0,3.7009916707288277
6.0,38.0,3.687683730494368
14.0,68.0,3.676870672211821
41.0,51.0,3.645944400358819
10.0,47.0,3.6414706736550158
13.0,48.0,3.604154450881121
17.0,53.0,3.5932992185987365
33.0,58.0,3.5835072991521626
18.0,36.0,3.55624219933392
2.0,62.0,3.5364463529322743
2.0,43.0,3.525707281534726
6.0,55.0,3.506971321632539
44.0,48.0,3.4830830578230647
31.0,61.0,3.4828109698670002
36.0,69.0,3.480791588958261
16.0,22.0,3.475919450566056
7.0,33.0,3.468603240342008
8.0,64.0,3.4661748787619024
12.0,63.0,3.464507410372103
43.0,62.0,3.4577086805746244
32.0,51.0,3.4530640307014098
6.0,35.0,3.448446740866674
5.0,47.0,3.4121792745226265
11.0,52.0,3.4042330163814922
7.0,52.0,3.395972632778251
26.0,68.0,3.395669086718744
1.0,45.0,3.3938980245287413
9.0,38.0,3.353527080062624
34.0,48.0,3.3488698531296124
7.0,20.0,3.3244835124594743
3.0,31.0,3.3148440969556847
20.0,38.0,3.3135167725998618
15.0,46.0,3.3129192057287815
40.0,44.0,3.309793874951592
7.0,47.0,3.299598264941013
2.0,13.0,3.2976217967233805
28.0,61.0,3.2850089177124318
10.0,33.0,3.280124141077217
18.0,62.0,3.2676126030481916
3.0,68.0,3.265330903974978
53.0,63.0,3.264319786871874
18.0,57.0,3.258962373879555
3.0,69.0,3.249994054355641
42.0,69.0,3.2217202197814117
1.0,60.0,3.2200690845399143
8.0,24.0,3.2185390312291537
5.0,33.0,3.211918735604299
47.0,56.0,3.2057195405941203
41.0,48.0,3.1824611131918425
1.0,35.0,3.1782685555661465
43.0,51.0,3.169802677073355
5.0,56.0,3.160688157129204
42.0,63.0,3.158345229265061
16.0,29.0,3.1579539496699356
25.0,42.0,3.150976567932209
7.0,56.0,3.1450090423766244
8.0,21.0,3.1437100490972587
14.0,59.0,3.129691447425595
47.0,53.0,3.1220210651963813
35.0,64.0,3.1219273651276187
6.0,49.0,3.1196265754974077
3.0,30.0,3.118521617493511
25.0,34.0,3.1175019685786425
19.0,67.0,3.103608470139626
15.0,32.0,3.09971576521076
8.0,20.0,3.081980200764767
40.0,55.0,3.0743035227173934
21.0,45.0,3.0739764846761
33.0,38.0,3.0734275943181806
55.0,64.0,3.0681604930875706
15.0,45.0,3.0660960102991264
2.0,29.0,3.0561820139813665
54.0,65.0,3.047803097990772
12.0,68.0,3.0347159499301224
24.0,49.0,3.0170905398881422
60.0,68.0,3.0035046599178803
14.0,48.0,2.995754556821974
24.0,35.0,2.982635034032678
35.0,52.0,2.9807186070073812
11.0,45.0,2.9737134578149185
27.0,64.0,2.9725157167886174
20.0,40.0,2.9664878508392256
39.0,69.0,2.9639897723834645
34.0,42.0,2.963968838768702
23.0,29.0,2.957220834543456
8.0,52.0,2.9562039180606408
38.0,59.0,2.950704882327205
17.0,49.0,2.943346739590537
23.0,64.0,2.940919404373987
3.0,66.0,2.934410131566961
38.0,64.0,2.93104192710353
10.0,63.0,2.9188346399295133
10.0,49.0,2.9103895208194497
47.0,65.0,2.903240196660245
8.0,55.0,2.901369130696887
43.0,65.0,2.8961635361499343
11.0,42.0,2.8842812181088937
14.0,36.0,2.8840912235647282
51.0,66.0,2.8823589069440434
10.0,56.0,2.8693696693912782
7.0,58.0,2.861678580659892
33.0,53.0,2.8538949047840876
16.0,51.0,2.8468693217299084
9.0,69.0,2.841776305041334
23.0,41.0,2.827332568539706
30.0,61.0,2.8164664313418433
29.0,62.0,2.8156237276012437
3.0,22.0,2.8133850248965424
13.0,61.0,2.811965501894616
57.0,64.0,2.8043401359744657
1.0,44.0,2.7972703935971066
14.0,45.0,2.780579421684787
6.0,20.0,2.7767305743528934
8.0,27.0,2.7751704173422063
1.0,61.0,2.7700856251889068
10.0,28.0,2.766652598630833
51.0,63.0,2.763090789117011
31.0,69.0,2.7602135689700233
7.0,37.0,2.7584489362014137
15.0,23.0,2.7562229473748374
23.0,32.0,2.742510963791751
30.0,34.0,2.7320794809736704
6.0,59.0,2.731138018460479
8.0,56.0,2.7194760980049013
10.0,27.0,2.71361473517461
8.0,58.0,2.7014357279612136
31.0,68.0,2.686830314408187
38.0,54.0,2.6586489346145346
40.0,52.0,2.650818106048237
15.0,41.0,2.641925401338389
12.0,28.0,2.6413717454530685
7.0,49.0,2.6384651157048995
62.0,66.0,2.6347250014349086
21.0,31.0,2.6311107355936856
12.0,50.0,2.615227020681166
30.0,62.0,2.6100286917144704
9.0,26.0,2.5971607838915083
33.0,55.0,2.5883130413085684
61.0,66.0,2.587078250760187
26.0,38.0,2.5860631658444713
10.0,64.0,2.58521177604388
50.0,62.0,2.582628031702341
46.0,60.0,2.5707261874406058
33.0,59.0,2.565952347095708
6.0,40.0,2.5646578892915084
21.0,51.0,2.563572766492017
27.0,33.0,2.563382651827325
12.0,60.0,2.562052862304336
41.0,61.0,2.555397983220742
16.0,59.0,2.554046225889698
25.0,30.0,2.5502941632795824
2.0,28.0,2.543699008437775
25.0,29.0,2.5397499001177124
25.0,66.0,2.5363614215675234
15.0,29.0,2.530072385935619
22.0,42.0,2.526623760041976
6.0,33.0,2.52566707218299
5.0,52.0,2.5144658613719333
26.0,34.0,2.5109610442528627
21.0,50.0,2.5060603432271837
4.0,40.0,2.491869855780263
7.0,25.0,2.490910138018071
44.0,64.0,2.48857031074016
32.0,62.0,2.4883436777687655
42.0,66.0,2.476821723242857
3.0,13.0,2.4722249827520053
17.0,65.0,2.4635778553193632
47.0,63.0,2.4599002766050035
44.0,51.0,2.4547066750050353
33.0,40.0,2.45206532626181
57.0,67.0,2.436421296842286
6.0,58.0,2.429591236691771
2.0,16.0,2.4276734519911134
47.0,61.0,2.4271741447955537
43.0,68.0,2.408215029954983
41.0,65.0,2.4033795629767565
6.0,64.0,2.397492011586798
52.0,56.0,2.3923579353739277
29.0,34.0,2.3902994325404037
53.0,69.0,2.386242185709411
25.0,43.0,2.3841756333886197
15.0,63.0,2.3757714767141715
24.0,56.0,2.374516599673275
45.0,62.0,2.369839609415522
15.0,25.0,2.369405152186071
37.0,49.0,2.3686558677963023
38.0,57.0,2.3669466745497094
28.0,68.0,2.3572710032964324
41.0,46.0,2.350024931513376
27.0,40.0,2.34478872225284
5.0,24.0,2.341942509213591
23.0,45.0,2.335494501175988
3.0,46.0,2.33317793757973
49.0,55.0,2.3257935135709373
6.0,17.0,2.3203797932694235
8.0,38.0,2.319334725519648
20.0,53.0,2.318245189249726
24.0,53.0,2.310492908493262
14.0,42.0,2.3031195133001794
31.0,66.0,2.294163538283984
11.0,22.0,2.2904700292931772
19.0,30.0,2.276103103733517
5.0,38.0,2.2754171659974745
23.0,61.0,2.269516348013282
16.0,64.0,2.2654767522678787
2.0,61.0,2.265016313442182
20.0,39.0,2.262426886464632
27.0,56.0,2.2601538931665477
52.0,58.0,2.256636526893808
2.0,41.0,2.2549266153801164
21.0,44.0,2.2525827061497483
22.0,30.0,2.2354989096319233
35.0,58.0,2.2260417607601686
4.0,20.0,2.222407197134945
13.0,22.0,2.2212915396473214
13.0,42.0,2.2143956065083428
44.0,62.0,2.1874398099875605
3.0,20.0,2.18611224094281
9.0,37.0,2.184229263724937
19.0,31.0,2.1806365905007805
14.0,18.0,2.1705955457526342
42.0,68.0,2.169694709650796
13.0,21.0,2.1669660604714553
38.0,56.0,2.1669593916505994
49.0,58.0,2.1591658148456707
5.0,55.0,2.1581566144770585
52.0,65.0,2.152803899064588
12.0,69.0,2.1508312161372456
18.0,32.0,2.1468400122573983
13.0,32.0,2.142257648363985
48.0,60.0,2.1419820811338606
35.0,55.0,2.1417940659431354
9.0,58.0,2.1390273834762654
38.0,52.0,2.138410438708524
17.0,29.0,2.1370201921393677
9.0,27.0,2.13054738761809
32.0,60.0,2.128886133218085
37.0,55.0,2.126786727049247
7.0,65.0,2.125767785729685
18.0,46.0,2.121757669468418
17.0,35.0,2.1139055090522283
4.0,33.0,2.1136637978361597
24.0,52.0,2.110996564154116
1.0,51.0,2.1077692080524564
48.0,61.0,2.1070589950934084
35.0,49.0,2.103223963334847
56.0,65.0,2.1021871201321645
16.0,44.0,2.0989151624561955
8.0,40.0,2.095850584191776
6.0,27.0,2.0956388760960545
13.0,23.0,2.089610284498341
17.0,44.0,2.0880898411254725
15.0,39.0,2.0876192342966537
7.0,35.0,2.079099278899053
11.0,48.0,2.055780258439331
28.0,39.0,2.053996932476039
54.0,58.0,2.0496281022654963
22.0,43.0,2.0466145758928893
2.0,14.0,2.036652828417246
10.0,59.0,2.0333454451495214
44.0,56.0,2.028486135245229
18.0,25.0,2.0248994883018208
16.0,62.0,2.024065943709175
3.0,15.0,2.015119635477881
20.0,49.0,2.014111111898484
16.0,21.0,2.0120324363631648
6.0,47.0,2.0024893844256573
18.0,66.0,2.000707095679931
33.0,63.0,1.996327933688329
10.0,37.0,1.9947641424689784
14.0,57.0,1.9934479889461314
1.0,41.0,1.9905322825597784
23.0,34.0,1.9900189091778582
6.0,41.0,1.9815943543488814
34.0,43.0,1.9810349903518618
14.0,22.0,1.9781000413501675
56.0,64.0,1.9761111876081232
9.0,52.0,1.9744932862998281
11.0,19.0,1.9728208077228262
39.0,57.0,1.9665439144288015
4.0,38.0,1.9600917924752357
31.0,44.0,1.957232975778084
38.0,63.0,1.9517145303799919
27.0,58.0,1.9493647814977293
3.0,42.0,1.942031186190938
32.0,66.0,1.9409166541223164
9.0,49.0,1.9396456440976266
27.0,47.0,1.9390797680910066
16.0,43.0,1.9274770529142151
33.0,56.0,1.924418653740587
15.0,34.0,1.92169852994364
29.0,39.0,1.9165741907069098
38.0,58.0,1.91556721027744
38.0,55.0,1.9145088136654653
32.0,53.0,1.914008451879771
2.0,46.0,1.908830941412034
26.0,31.0,1.897843427047018
22.0,51.0,1.8867969175034884
10.0,24.0,1.8866607975584102
17.0,27.0,1.881669387142072
32.0,45.0,1.8809371780843722
29.0,66.0,1.8799049531298964
5.0,10.0,1.8721529202172598
20.0,47.0,1.8592726720079162
25.0,59.0,1.8473511590927967
43.0,48.0,1.8453734070225771
12.0,67.0,1.8404229168739115
39.0,47.0,1.839744213606827
16.0,69.0,1.8382759381769016
30.0,68.0,1.8381335605920521
20.0,59.0,1.8369715804022073
50.0,65.0,1.829122887080244
14.0,24.0,1.816775664516648
39.0,63.0,1.8139206468607811
47.0,52.0,1.8037156286908111
1.0,26.0,1.8007663864625425
19.0,34.0,1.7966609892025933
5.0,36.0,1.7949052925718354
1.0,66.0,1.7939815421084693
21.0,43.0,1.789116913312161
23.0,67.0,1.785176990229101
8.0,47.0,1.7819259455065815
1.0,13.0,1.7731580825444648
35.0,57.0,1.768395890501794
4.0,48.0,1.7566580714583808
36.0,49.0,1.755895156382581
9.0,20.0,1.749920736759033
65.0,69.0,1.747594713860141
30.0,53.0,1.7403787197266114
36.0,64.0,1.7395332538971557
35.0,56.0,1.7342966969078235
39.0,56.0,1.7316837750396388
4.0,12.0,1.7316218989311312
18.0,41.0,1.719502800127388
31.0,43.0,1.7142833711087753
10.0,23.0,1.7126598793658656
40.0,53.0,1.707593140143641
62.0,67.0,1.7039693482655938
8.0,33.0,1.6997121044664811
15.0,62.0,1.6990418594052588
5.0,20.0,1.6935170643617001
23.0,68.0,1.6806334464728199
1.0,22.0,1.6751086365102688
16.0,48.0,1.6739712799994837
8.0,37.0,1.6721412599927405
14.0,35.0,1.6625885110925962
19.0,68.0,1.659644107980782
9.0,17.0,1.6539828769298468
25.0,62.0,1.6492281771757902
2.0,66.0,1.6483990786444154
13.0,50.0,1.6392290887220704
14.0,21.0,1.6360189752876284
56.0,63.0,1.6346703521466937
14.0,52.0,1.634655924578567
5.0,49.0,1.6318310113289634
5.0,65.0,1.6293414864944495
2.0,55.0,1.6041641850110147
30.0,54.0,1.604055467429651
8.0,36.0,1.6011966899267567
21.0,32.0,1.5915871271670678
22.0,66.0,1.5850595264623661
11.0,34.0,1.5823288769957276
51.0,62.0,1.5748436771639267
17.0,55.0,1.5715150746820639
24.0,33.0,1.5708263009102776
23.0,47.0,1.5585014474695567
55.0,68.0,1.5567932251361603
9.0,40.0,1.5520386504727541
25.0,45.0,1.5511709751114127
26.0,43.0,1.5478788393392682
1.0,57.0,1.5453526248404568
33.0,52.0,1.5353416831768087
22.0,46.0,1.5328289579970518
9.0,13.0,1.5320507887944679
54.0,62.0,1.529324307797774
28.0,41.0,1.5282923107249573
40.0,49.0,1.5265108450226494
32.0,44.0,1.5225560479745062
5.0,53.0,1.5225109220826563
5.0,9.0,1.5214630295059193
41.0,60.0,1.5199994321153822
32.0,39.0,1.5191738154952477
3.0,26.0,1.5086350564780282
42.0,67.0,1.5028806103998982
3.0,67.0,1.5020306107639176
23.0,58.0,1.5010260951343477
6.0,36.0,1.4976046634893392
61.0,68.0,1.496861764820348
38.0,49.0,1.4965765627859051
18.0,47.0,1.4965108185230283
5.0,54.0,1.4905872714967172
5.0,58.0,1.4866443260212017
18.0,65.0,1.4813132173685963
11.0,26.0,1.4700759583062128
13.0,52.0,1.4690438105319912
19.0,62.0,1.4687488564073707
11.0,50.0,1.4619034425523414
14.0,37.0,1.4583647243183993
47.0,64.0,1.4521097031723138
17.0,57.0,1.4440547577589267
4.0,18.0,1.4435217557307365
16.0,63.0,1.4373161486419914
30.0,48.0,1.4350111095246874
45.0,58.0,1.434641580026829
22.0,59.0,1.4276691170713396
36.0,42.0,1.4271044776045234
15.0,28.0,1.4235657069546945
19.0,61.0,1.4230207235874655
36.0,43.0,1.4226303411928205
11.0,16.0,1.4160372053712933
30.0,66.0,1.4102699870130408
2.0,25.0,1.4095046652812742
15.0,22.0,1.4054009620805021
9.0,39.0,1.4049537140404438
49.0,54.0,1.4049172868867268
9.0,56.0,1.4021350093281268
49.0,65.0,1.4017511331297112
36.0,48.0,1.4005848909173166
1.0,59.0,1.3961584186855687
9.0,55.0,1.3947450576081541
30.0,46.0,1.393976263494854
20.0,37.0,1.3900569375086247
24.0,47.0,1.3873722106927957
36.0,55.0,1.3843786476029503
49.0,56.0,1.379438704047645
38.0,65.0,1.379164847124056
14.0,46.0,1.3776196671749275
55.0,59.0,1.3773719546222463
4.0,53.0,1.3713726049474522
19.0,48.0,1.370879427038068
33.0,64.0,1.3630172904078282
21.0,48.0,1.3627755617038344
28.0,50.0,1.3615145603005117
29.0,46.0,1.3590093122485367
21.0,26.0,1.3505051804761108
54.0,63.0,1.346142380365627
8.0,35.0,1.3441617612515488
5.0,17.0,1.3315688261948313
1.0,12.0,1.3308305054254757
12.0,45.0,1.3302303798057495
4.0,35.0,1.3282270874494608
13.0,45.0,1.3276639729153672
42.0,54.0,1.3255557533728453
9.0,66.0,1.3255206236711967
60.0,66.0,1.3236225253316176
35.0,66.0,1.3213381263647654
1.0,18.0,1.3211556064831953
9.0,63.0,1.3210721440721733
57.0,61.0,1.3203077601965176
47.0,69.0,1.3197114255338234
20.0,55.0,1.3161684311643538
7.0,54.0,1.3155992982146563
22.0,60.0,1.3140685722198422
18.0,44.0,1.3134342189183879
13.0,62.0,1.3040877584532184
1.0,39.0,1.297009928049707
23.0,43.0,1.296866081346255
40.0,57.0,1.2934976904966802
15.0,49.0,1.2914462273138192
8.0,44.0,1.2891431134564124
10.0,40.0,1.2845458954286273
11.0,28.0,1.281830596549381
2.0,67.0,1.2798766413999367
2.0,44.0,1.2756879116945496
31.0,45.0,1.2641950563527742
3.0,54.0,1.2582889255615595
22.0,29.0,1.2569968337573172
26.0,32.0,1.2518111237896827
28.0,62.0,1.246950569159722
29.0,69.0,1.2458695014552916
25.0,51.0,1.244280351322118
4.0,8.0,1.2382782794250222
16.0,54.0,1.2368940202513068
44.0,59.0,1.231710530973618
2.0,54.0,1.2298677324325944
8.0,65.0,1.2286031172177194
24.0,58.0,1.2279333956847496
6.0,57.0,1.2248875400107202
4.0,58.0,1.22282406005254
32.0,50.0,1.2209558109943446
10.0,58.0,1.2203527080633634
27.0,37.0,1.2178954978401142
2.0,60.0,1.2147358717774064
11.0,18.0,1.2138117597031202
1.0,34.0,1.2096573446550747
6.0,63.0,1.200154057434807
4.0,17.0,1.1953952129725678
3.0,16.0,1.192462763308048
7.0,59.0,1.190604155710123
36.0,65.0,1.1840170605794567
27.0,42.0,1.181786649223612
4.0,57.0,1.176686740583303
29.0,42.0,1.1733202860262966
53.0,66.0,1.1682996731440949
18.0,30.0,1.166671988039845
6.0,37.0,1.166210471460099
9.0,64.0,1.1621023655461566
22.0,44.0,1.1605511258471974
10.0,68.0,1.160417074459207
4.0,67.0,1.1562146288066082
13.0,46.0,1.153315003040073
9.0,59.0,1.1517441730896638
56.0,69.0,1.1512952724532917
14.0,34.0,1.1384039470606635
19.0,42.0,1.1344658268637131
37.0,59.0,1.1275657404967523
14.0,29.0,1.1184926482531399
3.0,44.0,1.1075229378110343
24.0,40.0,1.0995045707879125
27.0,44.0,1.0984350969378496
26.0,42.0,1.0960913907972587
22.0,63.0,1.088939700087045
55.0,66.0,1.0888993722419829
10.0,52.0,1.0849719769054962
32.0,67.0,1.0844032907241894
5.0,35.0,1.0833750146221446
26.0,66.0,1.080785551363896
18.0,38.0,1.0784977303401753
20.0,56.0,1.0767201951799006
7.0,44.0,1.0751268442297797
16.0,31.0,1.0711571356048548
17.0,24.0,1.0684936075810472
21.0,41.0,1.0655748049175335
1.0,28.0,1.0652810449383099
12.0,21.0,1.055198974237459
20.0,69.0,1.0546835048528171
10.0,20.0,1.054680118441545
17.0,54.0,1.0534027322378314
46.0,62.0,1.0512422651381832
20.0,65.0,1.0462211985247727
55.0,63.0,1.0456395455569445
6.0,54.0,1.0432818536492883
14.0,23.0,1.0413051750651507
4.0,24.0,1.0381978036063877
3.0,29.0,1.0378246020791997
42.0,51.0,1.0302333885798596
15.0,26.0,1.0271862376673593
20.0,33.0,1.0186502480295225
17.0,38.0,1.0161254700663092
12.0,59.0,1.0142125909441104
46.0,66.0,1.013909499612181
45.0,51.0,1.0121644593046257
20.0,60.0,1.011159971113801
25.0,54.0,1.009870476284027
22.0,69.0,1.0091630910500786
31.0,47.0,1.0073558133274143
6.0,56.0,1.0049901637653267
33.0,54.0,1.0016835741939893
35.0,51.0,1.0016762777851682
37.0,47.0,0.9986134108684585
13.0,29.0,0.9954230784906271
15.0,66.0,0.9925977252994748
53.0,58.0,0.9912953224688198
26.0,46.0,0.9855751903865847
45.0,69.0,0.9830629877737549
31.0,41.0,0.9823626175885279
2.0,38.0,0.9792793715292328
23.0,50.0,0.9761485992070067
3.0,9.0,0.9702270026324824
19.0,32.0,0.9666369411223179
9.0,35.0,0.9656569446393494
35.0,65.0,0.953781298671718
46.0,69.0,0.949166783661566
35.0,42.0,0.9436685532835356
42.0,60.0,0.9428761743771775
11.0,64.0,0.9420615614407225
2.0,31.0,0.9407371904634003
10.0,53.0,0.9380395178696369
10.0,55.0,0.9357108234994321
38.0,44.0,0.9345012003569344
49.0,68.0,0.932681230626319
1.0,50.0,0.9316069516117158
36.0,61.0,0.9277662722725214
2.0,12.0,0.9229792323170243
28.0,48.0,0.9222827010849316
12.0,62.0,0.9187529273942665
4.0,63.0,0.9174547271763618
27.0,38.0,0.9144504194264887
5.0,18.0,0.9139395853403371
2.0,42.0,0.9104524149632705
1.0,36.0,0.9101949342374716
40.0,56.0,0.9048969938739221
14.0,62.0,0.9044210364400356
12.0,31.0,0.9040612192803322
12.0,48.0,0.9024312727843943
22.0,68.0,0.8985971050140351
11.0,30.0,0.8982762587531729
3.0,41.0,0.8972319140353207
2.0,26.0,0.8971213991622853
23.0,42.0,0.8953576397710502
21.0,62.0,0.8948766053598993
33.0,49.0,0.8943795402411537
24.0,68.0,0.8940601818833058
6.0,44.0,0.889790135727793
21.0,34.0,0.8862369571128977
11.0,51.0,0.883063106690646
40.0,64.0,0.8813112347226015
56.0,67.0,0.8800741748168001
19.0,57.0,0.8721592528681092
6.0,65.0,0.8706109677471069
13.0,17.0,0.8662452383097538
47.0,59.0,0.857348349401085
29.0,43.0,0.8571212637110095
4.0,56.0,0.8567639492259028
9.0,33.0,0.8566121533579731
7.0,26.0,0.853631407587944
4.0,69.0,0.8448615802079674
8.0,59.0,0.8446309696216283
19.0,53.0,0.8431616387587163
49.0,53.0,0.8417598634103639
27.0,35.0,0.8389590391193816
25.0,67.0,0.837124081955016
8.0,28.0,0.8365361814061888
24.0,59.0,0.8364338939909131
9.0,65.0,0.8328526080262745
13.0,59.0,0.8292836801970457
39.0,48.0,0.8230136216665157
24.0,41.0,0.8210016348031698
18.0,68.0,0.8133045184338299
10.0,61.0,0.8069906577451141
37.0,53.0,0.8046374907600489
24.0,36.0,0.8009215406155561
31.0,48.0,0.8001966786692031
7.0,36.0,0.7999781214845842
37.0,61.0,0.7949002396046674
44.0,67.0,0.791546330220632
13.0,58.0,0.7912868531937807
50.0,60.0,0.7899640568034899
7.0,57.0,0.7886229292149569
51.0,68.0,0.7844773390907543
20.0,61.0,0.7844382214968246
7.0,55.0,0.7821072779146264
17.0,30.0,0.7820163292514325
28.0,36.0,0.7814383015794598
52.0,57.0,0.7814203070728822
14.0,20.0,0.7810435030464459
4.0,36.0,0.7802691707383544
13.0,51.0,0.7794822477430038
44.0,49.0,0.7668863905929457
36.0,56.0,0.7602898073159919
34.0,68.0,0.7580080487365305
20.0,52.0,0.7574243695976695
24.0,48.0,0.7561323908792724
5.0,44.0,0.752095826194625
58.0,65.0,0.7518892815404157
13.0,41.0,0.751656370348363
35.0,62.0,0.7476252385511625
45.0,57.0,0.7475301199974553
4.0,10.0,0.7470424384048235
16.0,66.0,0.7469005390622265
22.0,62.0,0.7446350746898603
23.0,28.0,0.7382366490492284
22.0,54.0,0.7380351667363104
17.0,33.0,0.7369911830048566
32.0,57.0,0.7369290706253785
47.0,55.0,0.7352904707087525
16.0,45.0,0.7299292001292547
7.0,40.0,0.7282663250854285
7.0,24.0,0.722675243814734
58.0,64.0,0.7216397985703767
22.0,50.0,0.719927014073567
21.0,58.0,0.7189093427960896
6.0,39.0,0.7131364246283594
12.0,16.0,0.7103642749589488
19.0,47.0,0.7053452565945669
34.0,55.0,0.7007662133399407
21.0,59.0,0.6936359873372586
37.0,58.0,0.6878730600273423
11.0,32.0,0.6857635916873945
33.0,47.0,0.6796465284195339
25.0,50.0,0.6772780463616694
14.0,30.0,0.6767061788944624
28.0,35.0,0.6756875313580362
31.0,46.0,0.6755871292043911
19.0,60.0,0.6717228368716701
2.0,63.0,0.6706511737861269
21.0,57.0,0.6703669653428366
27.0,46.0,0.6680289212499597
32.0,61.0,0.6657256328291875
34.0,61.0,0.6598100057829311
20.0,66.0,0.6523335186524316
17.0,47.0,0.6474727521576145
17.0,28.0,0.6380127362348336
2.0,27.0,0.6360344626597338
18.0,22.0,0.6358500131818893
54.0,61.0,0.6290067159463526
3.0,52.0,0.6262118084732837
19.0,26.0,0.6255272775006527
32.0,38.0,0.6242497995756087
29.0,57.0,0.6163605365775614
26.0,69.0,0.615948175758178
39.0,61.0,0.6107672564917065
12.0,23.0,0.6054217404118015
27.0,39.0,0.591300846338559
1.0,29.0,0.5795733320369442
7.0,50.0,0.5769179040460676
25.0,48.0,0.5756966517338954
9.0,42.0,0.5751044845192426
15.0,51.0,0.5663916734141026
42.0,47.0,0.5642818242895244
18.0,61.0,0.5573726409551102
3.0,24.0,0.5538044663363895
11.0,35.0,0.5501472364617567
2.0,32.0,0.5483467731576801
23.0,51.0,0.5477570081196502
30.0,67.0,0.5474696677709614
44.0,61.0,0.5462538869318706
21.0,63.0,0.5428244018010869
15.0,31.0,0.5421764566544864
34.0,66.0,0.5401602783904947
7.0,27.0,0.5396659303104435
4.0,52.0,0.5382551198498637
16.0,68.0,0.5329099437602071
28.0,45.0,0.5324322869228058
17.0,58.0,0.5320327116901924
21.0,66.0,0.5299492225607516
2.0,24.0,0.5258736643739653
40.0,54.0,0.5204398693930495
40.0,59.0,0.520020889811576
4.0,37.0,0.519374597393082
5.0,37.0,0.5182645390844525
36.0,46.0,0.5148318685516411
3.0,57.0,0.5116686595417751
18.0,67.0,0.5094765452358693
11.0,36.0,0.5045322649822116
18.0,48.0,0.5028128972058125
31.0,40.0,0.49142006069319344
57.0,65.0,0.4907633307441371
17.0,64.0,0.4904549408108073
30.0,55.0,0.4837814536307829
17.0,36.0,0.4817399208791723
27.0,36.0,0.4762038050656237
27.0,68.0,0.47604105448202755
4.0,9.0,0.47455188528810666
9.0,53.0,0.4744016384696364
26.0,50.0,0.4743267932586521
40.0,47.0,0.47424677989400094
6.0,14.0,0.47002981203203614
12.0,43.0,0.46866389013349774
37.0,45.0,0.46839769600253167
2.0,18.0,0.4676942181539871
18.0,31.0,0.46717048571541486
61.0,67.0,0.466599657491598
10.0,44.0,0.4626622202315414
12.0,25.0,0.45947871919314537
14.0,51.0,0.4522162031253855
29.0,67.0,0.45212430087986616
22.0,33.0,0.4491275171625245
8.0,54.0,0.44585109249511107
29.0,40.0,0.44377015380333423
30.0,50.0,0.43948881427689507
53.0,60.0,0.43618359661736716
50.0,66.0,0.43559249359800334
27.0,57.0,0.43226268861261274
43.0,66.0,0.43061284216722984
17.0,40.0,0.4263679042951353
53.0,59.0,0.4243935587739281
32.0,42.0,0.41927468176221744
14.0,31.0,0.417316902152815
11.0,15.0,0.41665488800400874
42.0,59.0,0.4147682937322222
23.0,39.0,0.41355433486443255
37.0,66.0,0.413188324163509
60.0,67.0,0.4112731900570441
34.0,54.0,0.4103864397821008
28.0,66.0,0.4076117682615534
55.0,69.0,0.40437518665845346
33.0,61.0,0.4024447130623165
37.0,63.0,0.3998461151779772
20.0,25.0,0.39773471587291215
25.0,60.0,0.3973760588821833
20.0,58.0,0.39477321599663767
1.0,63.0,0.39367137842182376
32.0,63.0,0.39232333659230917
2.0,50.0,0.3894543496907382
14.0,32.0,0.38849650703160804
39.0,65.0,0.3830659873013936
25.0,61.0,0.38206587264148034
44.0,65.0,0.37321656678708104
5.0,27.0,0.3730679867226862
12.0,32.0,0.3640401458441456
58.0,68.0,0.36288970176665586
11.0,40.0,0.36182592451697104
4.0,28.0,0.35829757619631947
4.0,65.0,0.35491396390352437
2.0,65.0,0.35254813934038826
47.0,62.0,0.35021478226689057
7.0,42.0,0.3468442517621079
3.0,39.0,0.3422102103698508
35.0,47.0,0.34126939459747874
15.0,57.0,0.3387146195834027
1.0,48.0,0.3380187357160679
14.0,28.0,0.3342237645331283
37.0,43.0,0.32949385363424527
16.0,67.0,0.32919525706443276
28.0,67.0,0.32759501648293393
25.0,69.0,0.32759432822801104
22.0,52.0,0.32712818277870054
19.0,35.0,0.32473176154002154
16.0,46.0,0.319593728522006
40.0,65.0,0.3150273607270402
1.0,15.0,0.3118149841075802
23.0,46.0,0.3098943402657874
2.0,15.0,0.3071225070962549
29.0,63.0,0.30108442360178067
20.0,35.0,0.300206171887444
4.0,19.0,0.29513780081107543
24.0,57.0,0.2934812207190835
17.0,62.0,0.28723180019914646
9.0,24.0,0.2868157018385722
11.0,46.0,0.28604636805769196
42.0,50.0,0.27337197587474577
1.0,46.0,0.270026240420386
29.0,49.0,0.2683396677272077
25.0,65.0,0.26715632770104913
33.0,37.0,0.2628751855617128
48.0,62.0,0.26173778816171456
31.0,50.0,0.25879350856181144
12.0,19.0,0.257359503162565
45.0,63.0,0.2537505672765893
39.0,64.0,0.25366840072951236
6.0,10.0,0.25108097962735515
38.0,69.0,0.2509510698083889
34.0,69.0,0.2469144060086816
16.0,41.0,0.24134615965407508
5.0,12.0,0.24060253156544195
51.0,61.0,0.23959383276648685
45.0,67.0,0.2383221856713316
20.0,43.0,0.22435121732985613
4.0,51.0,0.22407755123699852
3.0,19.0,0.22152393621914673
1.0,9.0,0.2192375257987186
40.0,69.0,0.21842550534442567
50.0,54.0,0.21323153452337396
31.0,38.0,0.21284324037181113
5.0,69.0,0.20944799079489032
34.0,67.0,0.2088953763960419
27.0,55.0,0.20801725408250377
37.0,52.0,0.206512870111559
1.0,30.0,0.20455219480342654
21.0,40.0,0.20413344654651175
33.0,39.0,0.2017639871713815
45.0,60.0,0.20147574452530456
19.0,58.0,0.20139189172397126
9.0,36.0,0.20032773170303664
15.0,54.0,0.19995601860647555
10.0,17.0,0.19735124703275633
13.0,26.0,0.1938499623219936
19.0,59.0,0.19000184783058893
19.0,28.0,0.1876065461938664
54.0,64.0,0.18684779957646233
49.0,63.0,0.18608411297560698
8.0,57.0,0.18500265368302063
19.0,49.0,0.18400323718876893
4.0,14.0,0.1784492369589899
30.0,36.0,0.17314157143464232
53.0,57.0,0.17185484205282756
37.0,68.0,0.17124910958630374
4.0,22.0,0.1690102286522805
14.0,63.0,0.16849369296456426
18.0,28.0,0.16744253177793056
29.0,61.0,0.16703665092487874
22.0,45.0,0.16471308769589532
36.0,53.0,0.15748662905376792
26.0,61.0,0.15253336619597047
9.0,57.0,0.1520347319756489
4.0,49.0,0.1507708564776719
43.0,60.0,0.14786931453651664
57.0,66.0,0.14576994269883795
7.0,19.0,0.14388984775103497
12.0,37.0,0.14017823197029414
32.0,41.0,0.1398514783034846
22.0,48.0,0.13672404712020692
34.0,40.0,0.1336593511222727
47.0,58.0,0.13105675502008485
17.0,56.0,0.12863548170350975
15.0,40.0,0.12774251015876134
37.0,44.0,0.12495712922710865
25.0,53.0,0.1248356561877837
23.0,60.0,0.12461677561863063
12.0,20.0,0.12394471343636765
50.0,58.0,0.1216951670794231
36.0,58.0,0.11986226178641038
35.0,50.0,0.1182321083814583
31.0,62.0,0.11309073623494836
11.0,31.0,0.11297632159046488
10.0,35.0,0.11283092245266658
45.0,64.0,0.10820193671864103
29.0,45.0,0.10743301422100794
48.0,67.0,0.10712679956041331
28.0,37.0,0.1056716247978037
43.0,47.0,0.10499059575452503
4.0,44.0,0.10157773554830249
24.0,54.0,0.10144167471308453
19.0,50.0,0.1008433979227202
29.0,53.0,0.09785099912991974
34.0,50.0,0.09112352300741838
31.0,59.0,0.08619304680444165
4.0,34.0,0.08562128582771573
43.0,57.0,0.0845485696010496
26.0,62.0,0.08449549028560818
21.0,25.0,0.0830395911395783
58.0,67.0,0.08231208613524832
53.0,65.0,0.08082869023816985
15.0,37.0,0.07852573666200612
6.0,19.0,0.07244904333608437
12.0,66.0,0.07231140219083765
48.0,57.0,0.07019688770416901
7.0,14.0,0.06638812627926748
16.0,34.0,0.06507260796313413
45.0,56.0,0.0617719209839727
4.0,61.0,0.06083051059498696
37.0,54.0,0.05698823424054089
16.0,30.0,0.05628416506003385
17.0,69.0,0.052120203490566945
41.0,52.0,0.05035491351350814
7.0,21.0,0.04587232192471253
16.0,33.0,0.03909323935736407
30.0,47.0,0.037267665416392246
13.0,56.0,0.036677224495615814
36.0,47.0,0.03613030728769993
64.0,69.0,0.0319470813565343
57.0,63.0,0.022694373296397213
47.0,54.0,0.02224720538396531
40.0,60.0,0.019253927980451464
15.0,21.0,0.017740017095557586
25.0,40.0,0.01562594406940196
44.0,53.0,0.01498472356236793
36.0,40.0,0.013065340018594539
12.0,30.0,0.007120126386125871
20.0,68.0,0.006930547849702538
39.0,60.0,0.002588196426862985
30.0,43.0,0.0013446400512446646
1.0,1.0,0
1.0,2.0,0
1.0,3.0,0
1.0,4.0,0
2.0,2.0,0
2.0,3.0,0
2.0,4.0,0
2.0,5.0,0
3.0,3.0,0
3.0,4.0,0
3.0,5.0,0
3.0,6.0,0
4.0,4.0,0
4.0,5.0,0
4.0,6.0,0
4.0,7.0,0
5.0,5.0,0
5.0,6.0,0
5.0,7.0,0
5.0,8.0,0
6.0,6.0,0
6.0,7.0,0
6.0,8.0,0
6.0,9.0,0
7.0,7.0,0
7.0,8.0,0
7.0,9.0,0
7.0,10.0,0
8.0,8.0,0
8.0,9.0,0
8.0,10.0,0
8.0,11.0,0
9.0,9.0,0
9.0,10.0,0
9.0,11.0,0
9.0,12.0,0
10.0,10.0,0
10.0,11.0,0
10.0,12.0,0
10.0,13.0,0
11.0,11.0,0
11.0,12.0,0
11.0,13.0,0
11.0,14.0,0
12.0,12.0,0
12.0,13.0,0
12.0,14.0,0
12.0,15.0,0
13.0,13.0,0
13.0,14.0,0
13.0,15.0,0
13.0,16.0,0
14.0,14.0,0
14.0,15.0,0
14.0,16.0,0
14.0,17.0,0
15.0,15.0,0
15.0,16.0,0
15.0,17.0,0
15.0,18.0,0
16.0,16.0,0
16.0,17.0,0
16.0,18.0,0
16.0,19.0,0
17.0,17.0,0
17.0,18.0,0
17.0,19.0,0
17.0,20.0,0
18.0,18.0,0
18.0,19.0,0
18.0,20.0,0
18.0,21.0,0
19.0,19.0,0
19.0,20.0,0
19.0,21.0,0
19.0,22.0,0
20.0,20.0,0
20.0,21.0,0
20.0,22.0,0
20.0,23.0,0
21.0,21.0,0
21.0,22.0,0
21.0,23.0,0
21.0,24.0,0
22.0,22.0,0
22.0,23.0,0
22.0,24.0,0
22.0,25.0,0
23.0,23.0,0
23.0,24.0,0
23.0,25.0,0
23.0,26.0,0
24.0,24.0,0
24.0,25.0,0
24.0,26.0,0
24.0,27.0,0
25.0,25.0,0
25.0,26.0,0
25.0,27.0,0
25.0,28.0,0
26.0,26.0,0
26.0,27.0,0
26.0,28.0,0
26.0,29.0,0
27.0,27.0,0
27.0,28.0,0
27.0,29.0,0
27.0,30.0,0
28.0,28.0,0
28.0,29.0,0
28.0,30.0,0
28.0,31.0,0
29.0,29.0,0
29.0,30.0,0
29.0,31.0,0
29.0,32.0,0
30.0,30.0,0
30.0,31.0,0
30.0,32.0,0
30.0,33.0,0
31.0,31.0,0
31.0,32.0,0
31.0,33.0,0
31.0,34.0,0
32.0,32.0,0
32.0,33.0,0
32.0,34.0,0
32.0,35.0,0
33.0,33.0,0
33.0,34.0,0
33.0,35.0,0
33.0,36.0,0
34.0,34.0,0
34.0,35.0,0
34.0,36.0,0
34.0,37.0,0
35.0,35.0,0
35.0,36.0,0
35.0,37.0,0
35.0,38.0,0
36.0,36.0,0
36.0,37.0,0
36.0,38.0,0
36.0,39.0,0
37.0,37.0,0
37.0,38.0,0
37.0,39.0,0
37.0,40.0,0
38.0,38.0,0
38.0,39.0,0
38.0,40.0,0
38.0,41.0,0
39.0,39.0,0
39.0,40.0,0
39.0,41.0,0
39.0,42.0,0
40.0,40.0,0
40.0,41.0,0
40.0,42.0,0
40.0,43.0,0
41.0,41.0,0
41.0,42.0,0
41.0,43.0,0
41.0,44.0,0
42.0,42.0,0
42.0,43.0,0
42.0,44.0,0
42.0,45.0,0
43.0,43.0,0
43.0,44.0,0
43.0,45.0,0
43.0,46.0,0
44.0,44.0,0
44.0,45.0,0
44.0,46.0,0
44.0,47.0,0
45.0,45.0,0
45.0,46.0,0
45.0,47.0,0
45.0,48.0,0
46.0,46.0,0
46.0,47.0,0
46.0,48.0,0
46.0,49.0,0
47.0,47.0,0
47.0,48.0,0
47.0,49.0,0
47.0,50.0,0
48.0,48.0,0
48.0,49.0,0
48.0,50.0,0
48.0,51.0,0
49.0,49.0,0
49.0,50.0,0
49.0,51.0,0
49.0,52.0,0
50.0,50.0,0
50.0,51.0,0
50.0,52.0,0
50.0,53.0,0
51.0,51.0,0
51.0,52.0,0
51.0,53.0,0
51.0,54.0,0
52.0,52.0,0
52.0,53.0,0
52.0,54.0,0
52.0,55.0,0
53.0,53.0,0
53.0,54.0,0
53.0,55.0,0
53.0,56.0,0
54.0,54.0,0
54.0,55.0,0
54.0,56.0,0
54.0,57.0,0
55.0,55.0,0
55.0,56.0,0
55.0,57.0,0
55.0,58.0,0
56.0,56.0,0
56.0,57.0,0
56.0,58.0,0
56.0,59.0,0
57.0,57.0,0
57.0,58.0,0
57.0,59.0,0
57.0,60.0,0
58.0,58.0,0
58.0,59.0,0
58.0,60.0,0
58.0,61.0,0
59.0,59.0,0
59.0,60.0,0
59.0,61.0,0
59.0,62.0,0
60.0,60.0,0
60.0,61.0,0
60.0,62.0,0
60.0,63.0,0
61.0,61.0,0
61.0,62.0,0
61.0,63.0,0
61.0,64.0,0
62.0,62.0,0
62.0,63.0,0
62.0,64.0,0
62.0,65.0,0
63.0,63.0,0
63.0,64.0,0
63.0,65.0,0
63.0,66.0,0
64.0,64.0,0
64.0,65.0,0
64.0,66.0,0
64.0,67.0,0
65.0,65.0,0
65.0,66.0,0
65.0,67.0,0
65.0,68.0,0
66.0,66.0,0
66.0,67.0,0
66.0,68.0,0
66.0,69.0,0
67.0,67.0,0
67.0,68.0,0
67.0,69.0,0
68.0,68.0,0
68.0,69.0,0
69.0,69.0,0
18.0,43.0,-0.018850614666757998
21.0,46.0,-0.02364867417337119
1.0,14.0,-0.024069004329036067
2.0,17.0,-0.02587948668721268
16.0,61.0,-0.025998929770184608
30.0,59.0,-0.02643796804698773
37.0,64.0,-0.027867690810240524
42.0,62.0,-0.030413395610610804
26.0,57.0,-0.03128824261074139
23.0,38.0,-0.033022616465169775
20.0,57.0,-0.03605519871644589
39.0,59.0,-0.04338391112644185
36.0,59.0,-0.044130213130315565
27.0,62.0,-0.04431767196277327
11.0,62.0,-0.0491904503696177
20.0,50.0,-0.050099947500733474
31.0,63.0,-0.050195965659506944
41.0,55.0,-0.05099325866749328
8.0,13.0,-0.051068593582909376
45.0,68.0,-0.05120561531248854
19.0,37.0,-0.05152165924848592
15.0,30.0,-0.052309094445192876
21.0,65.0,-0.05471361947514604
41.0,45.0,-0.058998776165224545
17.0,63.0,-0.06168870497473438
29.0,35.0,-0.06198089964052117
7.0,30.0,-0.06271296898084587
10.0,54.0,-0.06451209218535087
7.0,64.0,-0.06795194648852183
1.0,32.0,-0.07238967358373409
32.0,59.0,-0.07761406766694282
52.0,66.0,-0.07853258309702939
11.0,67.0,-0.08372506642801912
38.0,66.0,-0.08664631530050222
15.0,24.0,-0.08933799039969091
3.0,59.0,-0.08955261352153465
39.0,52.0,-0.09149381683244372
26.0,30.0,-0.09526398567129775
28.0,54.0,-0.09613835678030763
9.0,43.0,-0.09911801798015794
15.0,43.0,-0.09913897611745065
18.0,35.0,-0.09922159314070195
20.0,64.0,-0.10421151627752427
5.0,23.0,-0.10670104123085411
21.0,49.0,-0.10799296344034925
2.0,48.0,-0.10994824678420105
10.0,16.0,-0.11165027954392362
1.0,67.0,-0.11449547112697357
27.0,49.0,-0.11776941122774287
48.0,65.0,-0.11927174477593036
35.0,59.0,-0.12551858033086102
33.0,57.0,-0.12777633233748492
16.0,65.0,-0.13243955988668094
51.0,57.0,-0.13417596890995923
29.0,48.0,-0.1373475847901913
18.0,29.0,-0.14593260971301167
31.0,54.0,-0.1481811494108582
24.0,64.0,-0.14953102918803649
24.0,38.0,-0.15019344927189593
32.0,48.0,-0.15143466723162774
36.0,44.0,-0.1532002039781001
44.0,52.0,-0.15834317218891525
34.0,65.0,-0.1593153556328208
26.0,67.0,-0.15933312717660716
1.0,64.0,-0.16054336881243694
45.0,66.0,-0.16318399009313836
29.0,51.0,-0.16431842972876193
47.0,60.0,-0.1648168976538527
58.0,63.0,-0.18162372447818054
13.0,54.0,-0.18215592063368727
4.0,25.0,-0.1901828404484244
9.0,44.0,-0.1904740422539813
7.0,34.0,-0.19047641023619352
29.0,55.0,-0.1918470825997256
11.0,25.0,-0.19502725157654166
7.0,53.0,-0.19520052553610437
36.0,63.0,-0.1959079673624137
15.0,35.0,-0.19710615885716298
14.0,19.0,-0.20143189059749314
9.0,54.0,-0.2055441314553742
3.0,11.0,-0.20570770191535745
4.0,32.0,-0.2071742483791526
4.0,26.0,-0.2112365356519354
33.0,60.0,-0.22791771233493702
40.0,68.0,-0.2309119603593763
36.0,52.0,-0.2310162721245511
10.0,41.0,-0.232564195524472
21.0,61.0,-0.23258786620816718
29.0,68.0,-0.23571402001957775
4.0,59.0,-0.2407968437209686
17.0,23.0,-0.2468253889905124
34.0,51.0,-0.24691461375366705
4.0,55.0,-0.25518736820694277
46.0,68.0,-0.2566338151208967
4.0,46.0,-0.2570599362713716
5.0,57.0,-0.25937163895686977
35.0,40.0,-0.2620609729025433
39.0,49.0,-0.2658629505360352
35.0,53.0,-0.26705551919403675
16.0,24.0,-0.2708580643329732
20.0,36.0,-0.2760341152020795
14.0,60.0,-0.27616069574505164
11.0,68.0,-0.2783359656503877
9.0,47.0,-0.2851899946355841
24.0,65.0,-0.28951500415475667
24.0,61.0,-0.29059190174923555
42.0,49.0,-0.29076493169263207
20.0,24.0,-0.29268430494796727
13.0,31.0,-0.29494411889700234
2.0,68.0,-0.2971376052592014
5.0,40.0,-0.29737122105217517
22.0,32.0,-0.29896520377404445
25.0,33.0,-0.29904179086734056
33.0,68.0,-0.30089347504597774
14.0,55.0,-0.3054478490644793
50.0,63.0,-0.30843070849252546
16.0,60.0,-0.31112605823756934
23.0,37.0,-0.32028152248876324
1.0,65.0,-0.32563079245274157
51.0,59.0,-0.33165892007745224
25.0,58.0,-0.332587124878997
32.0,36.0,-0.33341771496957967
10.0,30.0,-0.3338754087303147
19.0,41.0,-0.33546076283220366
24.0,60.0,-0.3363478009193431
2.0,69.0,-0.3383983617960596
42.0,48.0,-0.3400782100849299
41.0,49.0,-0.34361354500028796
22.0,41.0,-0.34526895825557613
44.0,55.0,-0.3473211627985468
29.0,50.0,-0.34748648293204765
5.0,39.0,-0.3512664925558694
50.0,55.0,-0.35284325376027487
37.0,46.0,-0.3548571855759865
11.0,24.0,-0.3592304433018242
9.0,16.0,-0.3689071321739477
12.0,22.0,-0.3694654306507424
10.0,67.0,-0.37125202749524355
30.0,44.0,-0.371505809906177
31.0,52.0,-0.37296256387715304
12.0,39.0,-0.37527224575945184
38.0,51.0,-0.375441585831953
12.0,47.0,-0.3772109953088923
11.0,65.0,-0.37876753780557876
52.0,59.0,-0.37911394472981197
26.0,63.0,-0.3798554817545775
1.0,37.0,-0.38086809631921775
28.0,42.0,-0.38194871379659756
4.0,39.0,-0.3863747662466135
51.0,58.0,-0.38868599734180387
31.0,37.0,-0.3917235689196965
31.0,39.0,-0.39275238365147214
13.0,28.0,-0.3936733374401933
26.0,54.0,-0.3957450398930989
25.0,68.0,-0.4028706505330017
4.0,47.0,-0.4052730157539998
33.0,41.0,-0.4102177103345861
7.0,67.0,-0.41379198406996437
4.0,45.0,-0.4154418502144294
15.0,33.0,-0.416310892350335
1.0,11.0,-0.41952243334112027
29.0,59.0,-0.42336983163923936
30.0,57.0,-0.42424688450550563
16.0,57.0,-0.42951254265483024
14.0,43.0,-0.4341978253754464
19.0,24.0,-0.44495217571249895
38.0,47.0,-0.4486724214040772
44.0,66.0,-0.449900724048899
44.0,50.0,-0.45145555698809314
53.0,64.0,-0.45555370574880316
3.0,61.0,-0.4556400606570651
23.0,52.0,-0.4561182144486993
18.0,37.0,-0.4567243853241403
16.0,23.0,-0.4593645271921834
45.0,50.0,-0.4594557864598476
18.0,39.0,-0.46216025826939283
43.0,59.0,-0.46414148248596737
51.0,60.0,-0.4663235567696511
36.0,66.0,-0.4707520884707714
13.0,19.0,-0.47113987941131913
22.0,56.0,-0.47491880424922633
28.0,34.0,-0.4755316986191013
8.0,48.0,-0.4760644281338855
13.0,30.0,-0.4777019538106434
24.0,46.0,-0.4799014408551916
9.0,46.0,-0.4813804803027291
37.0,48.0,-0.48499081432012975
20.0,32.0,-0.48561462316614445
58.0,66.0,-0.4860160502120643
43.0,64.0,-0.48693426136214185
19.0,56.0,-0.48784785407045894
4.0,21.0,-0.4879533617840124
16.0,36.0,-0.4901567824926592
28.0,47.0,-0.4958859940105654
14.0,53.0,-0.49654726558627493
37.0,56.0,-0.4981716243738206
26.0,44.0,-0.5023989668991465
16.0,38.0,-0.5040431671887499
5.0,31.0,-0.5041733717728459
28.0,44.0,-0.5042042030583949
46.0,57.0,-0.5108880427964959
17.0,21.0,-0.512918207610391
36.0,54.0,-0.5210651243346808
1.0,58.0,-0.5211030521738654
37.0,69.0,-0.5211218273751794
1.0,43.0,-0.5337714250302446
18.0,63.0,-0.5358365734682643
46.0,58.0,-0.5360151580037561
18.0,33.0,-0.5382478522998827
12.0,57.0,-0.5399954716880296
27.0,45.0,-0.5417087872453039
59.0,65.0,-0.5418548239158602
32.0,47.0,-0.5446121749379685
49.0,67.0,-0.5448892117187603
42.0,61.0,-0.5471226710853963
17.0,42.0,-0.5483413473970424
28.0,56.0,-0.5487263635729095
17.0,51.0,-0.5491650571762433
26.0,35.0,-0.5495773520600198
11.0,44.0,-0.5508607024727527
24.0,44.0,-0.5532584534139438
14.0,56.0,-0.5544057325838656
15.0,20.0,-0.5566122289379771
23.0,27.0,-0.5601055449948362
43.0,61.0,-0.5621426744130643
3.0,56.0,-0.5655281997734797
24.0,50.0,-0.5666347195792711
21.0,30.0,-0.5688263589383472
59.0,68.0,-0.5694588169894875
7.0,18.0,-0.5705301812783752
20.0,30.0,-0.5732269504791636
54.0,68.0,-0.5780660948346094
35.0,44.0,-0.5790986358802644
25.0,47.0,-0.5866087293058404
3.0,21.0,-0.587218087822518
5.0,59.0,-0.5896544323654603
21.0,67.0,-0.591349447385416
47.0,57.0,-0.591468995287414
22.0,27.0,-0.5932106244950509
14.0,41.0,-0.5940215628430393
29.0,33.0,-0.596212553410112
26.0,36.0,-0.5976461463461255
21.0,36.0,-0.5977884634605626
29.0,54.0,-0.5988539633151586
2.0,51.0,-0.6037193876819122
9.0,30.0,-0.6069652687851954
6.0,28.0,-0.6089011164500816
13.0,55.0,-0.6152572261165759
50.0,68.0,-0.6169534370102028
17.0,26.0,-0.6186894519467188
59.0,64.0,-0.6211965104505086
34.0,39.0,-0.6241012436583888
17.0,66.0,-0.6278196964480341
14.0,50.0,-0.6308194659125459
27.0,41.0,-0.6324369103960252
36.0,50.0,-0.6383380879164409
1.0,23.0,-0.6404276985934373
7.0,69.0,-0.6434418816484738
28.0,60.0,-0.6458024246455627
2.0,11.0,-0.6493370742611722
15.0,47.0,-0.6529117803248287
17.0,39.0,-0.6560279445851553
54.0,59.0,-0.6587118280868086
8.0,69.0,-0.6600523519522372
3.0,53.0,-0.6618354490149209
20.0,63.0,-0.6642637543076141
25.0,32.0,-0.6659591077882918
9.0,23.0,-0.669505014895524
44.0,60.0,-0.674035643547754
43.0,52.0,-0.6750932559837579
28.0,69.0,-0.6798549847100863
22.0,39.0,-0.6826794373392352
26.0,45.0,-0.6890814420959156
5.0,48.0,-0.6894625878194435
39.0,45.0,-0.690444575184578
42.0,55.0,-0.6905807649528868
58.0,62.0,-0.6918683868006943
33.0,66.0,-0.6918687729369198
4.0,27.0,-0.692477382566358
11.0,59.0,-0.6926447128825542
49.0,59.0,-0.6927550918177252
48.0,59.0,-0.6932139198245518
38.0,45.0,-0.7006390307933852
26.0,51.0,-0.7011341623665234
10.0,36.0,-0.7011755812337359
5.0,29.0,-0.7018953669150544
14.0,67.0,-0.7062787633935829
3.0,14.0,-0.7066521958470318
36.0,51.0,-0.7115847770576295
10.0,69.0,-0.7116851388913852
11.0,27.0,-0.7123457068346721
34.0,41.0,-0.7157758803022559
33.0,48.0,-0.7162921888950528
5.0,51.0,-0.7234123194482893
52.0,60.0,-0.7250946149157472
2.0,9.0,-0.7260068057314957
17.0,37.0,-0.7262598827669493
26.0,53.0,-0.7274886063270497
31.0,65.0,-0.727898220196575
10.0,43.0,-0.7314328146542315
57.0,69.0,-0.7318484046765313
35.0,48.0,-0.7325058671820897
41.0,68.0,-0.7329986069207766
17.0,41.0,-0.7333724421811689
4.0,43.0,-0.7362837938930975
49.0,69.0,-0.7389210700866212
41.0,54.0,-0.7406545117352785
7.0,51.0,-0.7408341659686816
30.0,49.0,-0.7432319659233814
20.0,26.0,-0.7435145288857539
3.0,37.0,-0.7437927669283544
25.0,35.0,-0.7439234174768574
6.0,69.0,-0.7472431079614622
6.0,66.0,-0.7521485786832502
55.0,60.0,-0.7574623490309185
17.0,59.0,-0.7576879310179698
2.0,58.0,-0.7578597491704713
2.0,57.0,-0.759254917403685
8.0,14.0,-0.760600040354451
19.0,64.0,-0.7637555559834376
43.0,53.0,-0.7642625690493879
32.0,43.0,-0.7662049672333793
12.0,18.0,-0.7745656107738792
5.0,22.0,-0.7754593488082334
20.0,54.0,-0.777115563305361
14.0,69.0,-0.7828746903710747
6.0,53.0,-0.7857037213269884
17.0,48.0,-0.7874554513883183
35.0,41.0,-0.7993585968679027
30.0,51.0,-0.7999872660566568
46.0,51.0,-0.8009946109942967
3.0,10.0,-0.8031093388931402
12.0,40.0,-0.8069524204419868
17.0,43.0,-0.8094051360596309
27.0,50.0,-0.8105213910942435
13.0,49.0,-0.8144132563204586
13.0,66.0,-0.8201598107158875
16.0,42.0,-0.8214292683346245
34.0,45.0,-0.8237304742572005
14.0,40.0,-0.8257931460120997
25.0,63.0,-0.8279384657901564
29.0,60.0,-0.8290795914021674
30.0,58.0,-0.8333421953491073
29.0,37.0,-0.83928946190519
15.0,44.0,-0.8409959729249475
5.0,60.0,-0.8423346439686191
24.0,37.0,-0.849102387543164
7.0,60.0,-0.8493477711030073
43.0,63.0,-0.851120502010387
23.0,53.0,-0.8513979139768713
54.0,69.0,-0.8514927692853518
10.0,57.0,-0.8539134926727071
6.0,16.0,-0.8544494835433619
38.0,48.0,-0.8551497151568049
25.0,36.0,-0.8626312745602049
3.0,63.0,-0.8655353434520661
48.0,66.0,-0.866740216712085
14.0,65.0,-0.8676077707695247
31.0,42.0,-0.8740438049427146
27.0,59.0,-0.8746103074980823
5.0,62.0,-0.8819592396788263
19.0,54.0,-0.8820416991511687
3.0,47.0,-0.885237249552782
23.0,48.0,-0.8892577675781438
63.0,68.0,-0.8977818592918155
5.0,13.0,-0.9010745580463697
2.0,10.0,-0.9022902336268591
22.0,65.0,-0.9029683877992266
12.0,24.0,-0.9054238422823216
21.0,27.0,-0.9077288429496697
23.0,54.0,-0.9087854387319495
26.0,64.0,-0.9134399026252923
12.0,56.0,-0.9211163437667388
36.0,45.0,-0.92423051248628
15.0,19.0,-0.9250592594555681
1.0,69.0,-0.9288184926511578
22.0,57.0,-0.9326038491368399
5.0,66.0,-0.9329706870937094
28.0,52.0,-0.9332568304279557
38.0,67.0,-0.9518702444207277
12.0,54.0,-0.9526826335692018
7.0,66.0,-0.955132718608035
41.0,57.0,-0.9582572609741018
8.0,12.0,-0.9632737235548806
16.0,50.0,-0.9646782632557405
19.0,25.0,-0.9695765343112447
20.0,45.0,-0.9742699049090044
26.0,59.0,-0.9746297654645657
21.0,29.0,-0.9750377932831394
29.0,41.0,-0.9752059051517296
12.0,53.0,-0.9759845716281335
25.0,39.0,-0.9816658004334883
39.0,62.0,-0.981722396458752
1.0,52.0,-0.9840862279929822
27.0,63.0,-0.9878247534947214
38.0,53.0,-0.98902117692354
35.0,54.0,-0.9896056012674384
31.0,60.0,-0.9914350558214476
62.0,69.0,-0.9924592241395231
52.0,63.0,-0.9949502047904103
39.0,53.0,-1.0009040438959793
15.0,48.0,-1.0017724900844913
2.0,34.0,-1.0034701132660677
28.0,33.0,-1.005886806823028
35.0,60.0,-1.0062285357757743
26.0,48.0,-1.0065378387776367
18.0,49.0,-1.009316400238925
1.0,21.0,-1.0124143764277267
48.0,56.0,-1.0137335321529932
59.0,66.0,-1.0202668507926624
21.0,56.0,-1.0211152674079653
9.0,41.0,-1.0225027515184222
25.0,37.0,-1.0296525079186463
7.0,63.0,-1.0303820595750162
43.0,67.0,-1.0364453348972607
5.0,21.0,-1.0372006095128257
19.0,66.0,-1.044263997315155
11.0,29.0,-1.0459890739131723
45.0,65.0,-1.0460209800461036
28.0,65.0,-1.0497755107517646
58.0,69.0,-1.0517695899235575
2.0,64.0,-1.0560748792912404
11.0,33.0,-1.0599172226809899
2.0,23.0,-1.060020124856381
19.0,46.0,-1.060687838390482
48.0,68.0,-1.0617843404593077
20.0,31.0,-1.067141992515864
22.0,61.0,-1.0694087686407279
22.0,36.0,-1.0694177777401532
11.0,54.0,-1.0725533051347775
23.0,40.0,-1.0830065767820796
9.0,48.0,-1.0959840946376458
26.0,65.0,-1.1023443972488545
8.0,45.0,-1.1030645690099246
46.0,50.0,-1.1162334191630439
7.0,16.0,-1.1203363220241667
2.0,22.0,-1.1232011492468723
31.0,36.0,-1.1253759483793462
5.0,32.0,-1.1260552832027209
62.0,68.0,-1.1332922585100527
24.0,42.0,-1.1348170150816073
28.0,43.0,-1.137298124107134
20.0,27.0,-1.1420095715824108
41.0,67.0,-1.1434252600410197
54.0,66.0,-1.1434638537037767
16.0,27.0,-1.1484591573824765
18.0,23.0,-1.1526350104770144
40.0,45.0,-1.1549951134530576
6.0,48.0,-1.1550719731310226
28.0,53.0,-1.1561460813402784
25.0,64.0,-1.159588752777589
26.0,47.0,-1.1647085719516321
24.0,39.0,-1.1658576116753805
19.0,23.0,-1.1660292373527847
22.0,49.0,-1.1681194392600713
42.0,46.0,-1.172771086006245
14.0,25.0,-1.1754989231818718
5.0,16.0,-1.1758625000337903
42.0,53.0,-1.1852212725917641
30.0,35.0,-1.1888055778548388
3.0,38.0,-1.189130332109412
37.0,60.0,-1.1939331797935262
11.0,37.0,-1.1950517655003674
23.0,33.0,-1.1955704817638666
4.0,62.0,-1.1961267297573523
3.0,58.0,-1.1975214072495355
39.0,67.0,-1.1985742482355124
18.0,54.0,-1.2033671389712426
30.0,60.0,-1.2040090271988555
26.0,56.0,-1.2046210093420584
26.0,52.0,-1.2068569651012286
27.0,61.0,-1.2082812876337565
41.0,69.0,-1.2084211538742886
22.0,53.0,-1.2112665329292422
46.0,65.0,-1.212313579844255
37.0,67.0,-1.2134263746630525
13.0,63.0,-1.2138951501068904
3.0,62.0,-1.2156330395018045
13.0,57.0,-1.2179758926965663
8.0,25.0,-1.225613401136044
29.0,56.0,-1.2280607475795484
8.0,18.0,-1.2295030152553577
45.0,53.0,-1.2328990470141354
2.0,37.0,-1.2387067347726293
16.0,35.0,-1.2396030143871546
46.0,56.0,-1.242313900964438
55.0,65.0,-1.2438382822745886
34.0,58.0,-1.2480236856096356
23.0,63.0,-1.2486749391474374
59.0,69.0,-1.2503767404359885
9.0,68.0,-1.2540573153940349
48.0,63.0,-1.255018020262696
7.0,48.0,-1.256009361787576
1.0,53.0,-1.2562023259512405
19.0,45.0,-1.2576867514224688
47.0,51.0,-1.2587886413992506
36.0,68.0,-1.258811843620628
14.0,26.0,-1.259261899412416
1.0,62.0,-1.261209480791108
1.0,68.0,-1.2617036611152224
41.0,59.0,-1.2628599006693366
21.0,28.0,-1.2692719586609071
48.0,58.0,-1.2750600827077674
14.0,54.0,-1.2752529810284388
3.0,28.0,-1.2783309274494183
23.0,30.0,-1.2793414309061646
18.0,42.0,-1.287010935629282
46.0,54.0,-1.2885434166655216
60.0,69.0,-1.2891315302397623
51.0,56.0,-1.2928948858421105
50.0,59.0,-1.298008086703339
8.0,63.0,-1.298359702646436
51.0,64.0,-1.2992060195492336
49.0,66.0,-1.3042681356891483
20.0,46.0,-1.3077113539837018
20.0,42.0,-1.3081939112494232
22.0,31.0,-1.3102060698838718
32.0,65.0,-1.3122809766668915
15.0,65.0,-1.3124923795226529
7.0,13.0,-1.3125698022876995
14.0,27.0,-1.3144325773058323
30.0,41.0,-1.3153994399454993
3.0,51.0,-1.3191348490887254
55.0,62.0,-1.3210922740985218
16.0,47.0,-1.323510458248813
36.0,67.0,-1.3250375054407022
8.0,51.0,-1.325116362316025
1.0,40.0,-1.3305508717115981
56.0,60.0,-1.3364343521524618
2.0,40.0,-1.3374813383614848
34.0,64.0,-1.3444774343042876
40.0,46.0,-1.3467925415576152
10.0,19.0,-1.3470692336497794
9.0,60.0,-1.3473172335915264
4.0,41.0,-1.3477120894108139
59.0,67.0,-1.3478303717702078
16.0,55.0,-1.3492238353542152
33.0,69.0,-1.3499960548490981
33.0,45.0,-1.3527393536152066
3.0,48.0,-1.3533690396435878
16.0,26.0,-1.3545900945634881
18.0,52.0,-1.355942668018962
3.0,18.0,-1.3594451971899266
6.0,23.0,-1.3594755383926294
31.0,67.0,-1.361881986674184
4.0,42.0,-1.363200592378756
42.0,52.0,-1.3648526481766927
34.0,44.0,-1.3693868456161165
43.0,58.0,-1.3718080628508456
19.0,40.0,-1.3765057091436272
2.0,7.0,-1.3770031741760824
37.0,62.0,-1.378160281806559
33.0,65.0,-1.3824389594219941
48.0,55.0,-1.3898407088755336
10.0,60.0,-1.3908344751151809
30.0,40.0,-1.396514673948336
12.0,33.0,-1.3998866245179218
10.0,62.0,-1.4019613249341778
41.0,56.0,-1.4044727452456371
5.0,25.0,-1.4098097848058868
4.0,68.0,-1.4098875692959305
41.0,47.0,-1.4102241235656394
38.0,50.0,-1.4119826540356601
40.0,63.0,-1.4204626096127642
3.0,49.0,-1.4205085365337533
5.0,61.0,-1.4242651051941406
24.0,32.0,-1.4320083878195018
51.0,65.0,-1.432107669206279
5.0,68.0,-1.434294724937869
2.0,20.0,-1.4366822150396508
17.0,46.0,-1.4463216409175876
13.0,38.0,-1.4477139036301485
27.0,48.0,-1.4492051315917216
15.0,68.0,-1.4508475404013057
12.0,58.0,-1.4511084456693466
41.0,63.0,-1.4546779745107228
14.0,66.0,-1.4607318366943622
27.0,51.0,-1.4651583151252925
11.0,53.0,-1.465936359404293
3.0,40.0,-1.4659558203705572
6.0,15.0,-1.4727541096355479
1.0,47.0,-1.4754604754241218
19.0,55.0,-1.4780399489542837
20.0,51.0,-1.4832289442383664
13.0,18.0,-1.4836099455987277
32.0,54.0,-1.4873548651092277
27.0,53.0,-1.487383229261341
12.0,41.0,-1.487841895695276
12.0,44.0,-1.4903006728527382
7.0,62.0,-1.4939435143799111
29.0,58.0,-1.4959449558070819
44.0,69.0,-1.4959676560061397
7.0,39.0,-1.5022949918275943
12.0,36.0,-1.5049580390000556
32.0,58.0,-1.505004843908783
4.0,13.0,-1.5152299025804465
35.0,69.0,-1.5176464669792895
49.0,57.0,-1.5189544844065712
12.0,49.0,-1.518993463230144
10.0,50.0,-1.5225569550730889
43.0,54.0,-1.523443513119023
21.0,54.0,-1.524551406064252
20.0,44.0,-1.528583317074932
17.0,22.0,-1.5293227660705662
29.0,65.0,-1.5303245104770808
37.0,65.0,-1.5324238375974562
13.0,39.0,-1.5361655885617844
41.0,64.0,-1.536249644990638
28.0,38.0,-1.5385506588016546
17.0,31.0,-1.538612078245301
13.0,60.0,-1.53878480556493
35.0,39.0,-1.5388930525817655
2.0,19.0,-1.5430422769065528
34.0,56.0,-1.549429273358832
22.0,28.0,-1.5517884188740385
27.0,54.0,-1.5523858849381726
19.0,27.0,-1.557336920174294
19.0,36.0,-1.5671520941119663
9.0,51.0,-1.5684434376568044
39.0,68.0,-1.5695464724573214
4.0,54.0,-1.57226491040796
9.0,29.0,-1.5724190986501374
2.0,33.0,-1.5739563064297422
18.0,51.0,-1.5750574940539006
36.0,57.0,-1.5802223765475079
1.0,33.0,-1.581894184609256
23.0,57.0,-1.584243782181533
6.0,13.0,-1.586916994016351
8.0,19.0,-1.6026276186171078
2.0,49.0,-1.6034592966670635
33.0,67.0,-1.6040592660918438
2.0,45.0,-1.613075822611811
8.0,50.0,-1.6178555952921574
4.0,31.0,-1.6211508521309228
13.0,65.0,-1.6241323992464625
45.0,54.0,-1.6251825312482273
38.0,46.0,-1.628662262652407
9.0,62.0,-1.6288719329948333
24.0,43.0,-1.6297228479610777
10.0,29.0,-1.6304715055590777
5.0,30.0,-1.6366009351697526
21.0,60.0,-1.6377951859733124
32.0,56.0,-1.6391859842688483
40.0,51.0,-1.6420887223127114
1.0,8.0,-1.6441004773236914
28.0,59.0,-1.6471617842146837
5.0,46.0,-1.6477319540860118
26.0,49.0,-1.6491326540947564
44.0,58.0,-1.6514040251182118
7.0,31.0,-1.653311265282886
51.0,55.0,-1.6551072789478132
17.0,34.0,-1.6556802963362207
48.0,64.0,-1.6592658229306996
15.0,36.0,-1.6598859137791124
20.0,29.0,-1.664161324929277
18.0,69.0,-1.6645680882713174
10.0,21.0,-1.6645903337250596
5.0,63.0,-1.6681857237217526
22.0,35.0,-1.6686201608193845
37.0,41.0,-1.6711889559444155
6.0,12.0,-1.6778184635762237
2.0,6.0,-1.678061712467307
18.0,34.0,-1.6816557325607215
12.0,27.0,-1.6871070362027596
1.0,27.0,-1.6873727429218612
9.0,61.0,-1.6923996352102666
23.0,66.0,-1.6929435705705258
20.0,67.0,-1.6984861752254365
4.0,60.0,-1.6997662584976176
46.0,52.0,-1.7016743182489265
28.0,55.0,-1.70260305476612
22.0,37.0,-1.7080662751347147
15.0,59.0,-1.7186317219919516
21.0,53.0,-1.7199896022339074
17.0,50.0,-1.7259691983843088
2.0,21.0,-1.7270432596430585
2.0,53.0,-1.7340986957894062
7.0,41.0,-1.73653677466399
24.0,29.0,-1.7404637726836936
25.0,56.0,-1.7410581407994818
18.0,40.0,-1.745182130325888
1.0,5.0,-1.745620529853721
47.0,67.0,-1.7482648652639852
2.0,8.0,-1.7549704941041164
13.0,37.0,-1.7648799940243878
14.0,47.0,-1.7664007494588827
33.0,44.0,-1.7697151156422282
6.0,61.0,-1.77149514478924
21.0,33.0,-1.7779663381839446
52.0,69.0,-1.7784427967895833
17.0,25.0,-1.7850767118951507
41.0,50.0,-1.7866676869247964
10.0,25.0,-1.7874211908453785
18.0,56.0,-1.7917048119036303
50.0,61.0,-1.7977323826032896
8.0,16.0,-1.7983358022010034
23.0,35.0,-1.7994214692927564
28.0,57.0,-1.8015962337008338
1.0,49.0,-1.808279038266118
19.0,39.0,-1.813370850840643
23.0,49.0,-1.8149263128464286
14.0,33.0,-1.815186796218258
25.0,49.0,-1.8176613947558085
39.0,54.0,-1.818024190986838
20.0,62.0,-1.8244785484178163
30.0,52.0,-1.8252222123214723
51.0,69.0,-1.8263889205253887
2.0,56.0,-1.828792071972809
3.0,45.0,-1.835627606996351
30.0,63.0,-1.8365032277281363
37.0,57.0,-1.8366611549258278
57.0,62.0,-1.836672328845337
28.0,49.0,-1.8482087206429711
61.0,65.0,-1.8491488206280942
8.0,34.0,-1.8549174050085606
37.0,42.0,-1.858230921338388
13.0,35.0,-1.8585335871832867
10.0,31.0,-1.8658798589376362
29.0,44.0,-1.8701716381484768
48.0,54.0,-1.8717370699938312
10.0,22.0,-1.8759276172669854
59.0,63.0,-1.8784048397594064
5.0,67.0,-1.8803614440282916
8.0,67.0,-1.8832292135922977
5.0,50.0,-1.8844863593464452
3.0,64.0,-1.8956587598851882
13.0,25.0,-1.897510281745356
45.0,61.0,-1.904677219941455
31.0,57.0,-1.9127370219609003
1.0,56.0,-1.9129649762533953
6.0,32.0,-1.918774007139172
11.0,17.0,-1.9206868161011865
61.0,69.0,-1.922240313467441
33.0,62.0,-1.9224158624046057
60.0,65.0,-1.929020824922948
26.0,58.0,-1.9300735336526418
8.0,31.0,-1.9317373778607434
34.0,47.0,-1.9426826799159609
13.0,44.0,-1.943494982451917
49.0,62.0,-1.944044976005638
28.0,40.0,-1.9529987830294344
40.0,48.0,-1.9535671944019741
46.0,67.0,-1.954870118336076
10.0,34.0,-1.963758653281238
26.0,39.0,-1.966746257458316
31.0,51.0,-1.9707709211444266
39.0,44.0,-1.9744651024160278
15.0,56.0,-1.9787556285628
42.0,57.0,-1.9902862816456748
26.0,37.0,-2.003645882587231
47.0,68.0,-2.0066995079197523
21.0,35.0,-2.008875153392705
9.0,19.0,-2.0109548777821984
17.0,45.0,-2.0135188704221787
38.0,62.0,-2.018062087766897
55.0,61.0,-2.0208743870636683
42.0,58.0,-2.022301435654948
27.0,43.0,-2.024980744528003
16.0,37.0,-2.0308032507091616
50.0,64.0,-2.0339300740282473
6.0,30.0,-2.0346784592848923
14.0,58.0,-2.0391152015509637
15.0,64.0,-2.039330111207656
23.0,31.0,-2.041332562229405
27.0,66.0,-2.048246149869226
39.0,55.0,-2.0506431872214432
7.0,28.0,-2.0541772819304622
12.0,46.0,-2.061176438746616
4.0,11.0,-2.0702040787593656
3.0,27.0,-2.0723616518240098
2.0,39.0,-2.083817019864721
2.0,47.0,-2.088290676147136
8.0,62.0,-2.0902153498074063
41.0,58.0,-2.0919044661971182
10.0,65.0,-2.0959229951671476
25.0,55.0,-2.0966151360080154
11.0,61.0,-2.0970806944616407
31.0,56.0,-2.099932196744891
39.0,58.0,-2.1045079895185412
16.0,52.0,-2.11234982956323
26.0,40.0,-2.1124559642804535
30.0,65.0,-2.11337510336701
21.0,42.0,-2.1149940327926577
8.0,39.0,-2.1206679126851706
40.0,66.0,-2.121411334614638
1.0,55.0,-2.121638638128673
6.0,42.0,-2.123986596975693
10.0,26.0,-2.1267521048530376
22.0,38.0,-2.1276468605779093
32.0,40.0,-2.1332280236543664
18.0,55.0,-2.1377308373519917
13.0,36.0,-2.1379249767078217
27.0,32.0,-2.1411327726016562
8.0,43.0,-2.145348755750348
35.0,61.0,-2.148056734907951
25.0,44.0,-2.154800609624431
6.0,21.0,-2.1636832396216925
22.0,55.0,-2.1678267656437153
45.0,49.0,-2.169169081355785
3.0,8.0,-2.1793692126284236
64.0,68.0,-2.186146933829141
5.0,14.0,-2.1929899805161703
24.0,69.0,-2.201603284124879
22.0,40.0,-2.2040233258445965
45.0,59.0,-2.2071873341257815
53.0,61.0,-2.2124621826827218
40.0,67.0,-2.22180695437344
9.0,25.0,-2.2253783288500983
23.0,44.0,-2.2260394670599846
16.0,28.0,-2.226331744846595
46.0,59.0,-2.2307860411941953
45.0,52.0,-2.2386473223291445
8.0,41.0,-2.239557092453738
11.0,20.0,-2.242740361376343
9.0,14.0,-2.2459855738238526
22.0,67.0,-2.2471218280420246
13.0,69.0,-2.2525839884652594
10.0,14.0,-2.270548275415422
27.0,60.0,-2.271219267306841
10.0,46.0,-2.273229293758215
3.0,55.0,-2.2771099549750753
5.0,41.0,-2.2823433635228123
13.0,24.0,-2.2915308788568214
4.0,66.0,-2.2945318033932813
10.0,32.0,-2.2967093639240463
8.0,26.0,-2.297512780770937
12.0,52.0,-2.3035175163409254
35.0,63.0,-2.305846915238635
18.0,53.0,-2.3066171559203803
13.0,40.0,-2.3142001599541433
23.0,36.0,-2.319132767817245
18.0,27.0,-2.3225453840569306
55.0,67.0,-2.33770632551966
2.0,35.0,-2.337945464992907
13.0,33.0,-2.3411327553625068
15.0,67.0,-2.3416090574208375
50.0,57.0,-2.3554505951921807
17.0,60.0,-2.35714154186096
9.0,31.0,-2.3571876916690226
3.0,34.0,-2.3628441694541724
24.0,28.0,-2.3629459820590646
36.0,62.0,-2.3669952907313445
34.0,57.0,-2.368476029195721
19.0,65.0,-2.375491947657266
6.0,26.0,-2.380004838738641
10.0,15.0,-2.3863493497185555
39.0,51.0,-2.3937789156161937
20.0,28.0,-2.400533179019648
9.0,45.0,-2.400783661407704
30.0,69.0,-2.402019117659829
22.0,34.0,-2.4057597142600295
29.0,64.0,-2.4068458307481624
5.0,11.0,-2.410027724408898
11.0,56.0,-2.411015168465441
21.0,52.0,-2.4163800575549135
12.0,26.0,-2.423374939577074
1.0,17.0,-2.4240966150248635
35.0,43.0,-2.427744243902558
9.0,28.0,-2.428099239673463
6.0,43.0,-2.4305617157441324
26.0,41.0,-2.440903540598229
32.0,49.0,-2.443186912528549
30.0,56.0,-2.445367405031013
3.0,33.0,-2.448266438323707
16.0,20.0,-2.4498674965841336
29.0,36.0,-2.4583890729351365
23.0,56.0,-2.464878323688898
63.0,69.0,-2.4689880978532193
12.0,35.0,-2.474844721936669
34.0,63.0,-2.4789963943452054
34.0,38.0,-2.4794147662045622
6.0,34.0,-2.4944515004917887
9.0,50.0,-2.4947322037126356
10.0,51.0,-2.4950301448093004
23.0,59.0,-2.5021581022510504
29.0,38.0,-2.5022522204947157
8.0,22.0,-2.503676533172011
40.0,61.0,-2.5075478636126958
31.0,35.0,-2.514211040028387
40.0,62.0,-2.5144736973658244
8.0,32.0,-2.517711777228323
39.0,50.0,-2.5193891671218447
21.0,39.0,-2.5196602565523127
11.0,63.0,-2.5234638277078023
24.0,63.0,-2.5235198492088626
5.0,45.0,-2.5318683786070344
3.0,17.0,-2.5323462361304148
39.0,46.0,-2.540673369313354
6.0,62.0,-2.5424896597689655
9.0,32.0,-2.544215189155258
15.0,58.0,-2.5447748793955367
1.0,10.0,-2.5512918602280723
1.0,38.0,-2.5569672887754433
4.0,30.0,-2.564160854524969
44.0,68.0,-2.5685400218799423
2.0,52.0,-2.5694754340189068
1.0,20.0,-2.575773838465901
27.0,69.0,-2.577484653908504
19.0,33.0,-2.5778080147041322
24.0,31.0,-2.58001631380982
14.0,49.0,-2.5813808714362834
15.0,42.0,-2.590115479513516
56.0,62.0,-2.592479072842297
56.0,61.0,-2.6029745561270863
7.0,46.0,-2.603321353715446
15.0,38.0,-2.6049281514639215
5.0,28.0,-2.609528973048313
24.0,45.0,-2.613915202176794
44.0,57.0,-2.626202692402712
2.0,59.0,-2.631428403365289
14.0,38.0,-2.6322594079212345
14.0,39.0,-2.6378975781938854
12.0,17.0,-2.6461734911212424
8.0,23.0,-2.6495950228321634
9.0,21.0,-2.6527341724444753
12.0,55.0,-2.655042374420076
12.0,38.0,-2.661568659208117
6.0,29.0,-2.666426173759348
50.0,56.0,-2.678036754717462
20.0,41.0,-2.67873218063279
21.0,68.0,-2.6813318769972434
24.0,67.0,-2.6814673095107495
15.0,52.0,-2.6820597032049367
11.0,49.0,-2.6826068238502727
5.0,19.0,-2.689932944762007
33.0,50.0,-2.699384128305297
33.0,43.0,-2.7106419950663554
42.0,56.0,-2.7122623671215202
49.0,60.0,-2.7148578968415746
4.0,15.0,-2.72327621562789
26.0,55.0,-2.7234553723059056
26.0,33.0,-2.727631342278128
3.0,50.0,-2.729895849975642
3.0,25.0,-2.7312541780997637
16.0,56.0,-2.732261651859864
8.0,60.0,-2.734191130162672
48.0,53.0,-2.734529339637599
44.0,54.0,-2.752064059140098
21.0,64.0,-2.77207368120821
25.0,52.0,-2.7756473879210968
26.0,60.0,-2.7841031316929246
24.0,30.0,-2.787921813102264
42.0,64.0,-2.794065588874531
17.0,32.0,-2.812169376556361
2.0,36.0,-2.818777417845569
34.0,49.0,-2.8217408360538148
20.0,48.0,-2.8408414894691494
24.0,34.0,-2.8415366126099757
30.0,38.0,-2.8416623335244937
35.0,45.0,-2.846340730904433
57.0,68.0,-2.8477249078551337
15.0,55.0,-2.868986606900871
38.0,68.0,-2.8695811097792765
19.0,63.0,-2.8770099744784363
32.0,69.0,-2.879119736950067
5.0,26.0,-2.8876426395926864
14.0,61.0,-2.897102214129618
8.0,61.0,-2.900766516834908
63.0,67.0,-2.9025606151755325
12.0,51.0,-2.9044827075035045
21.0,38.0,-2.9050139721599386
32.0,55.0,-2.9054823521476933
1.0,24.0,-2.913353077509154
41.0,66.0,-2.9189497727565676
13.0,53.0,-2.920950509914989
56.0,66.0,-2.92426949910144
22.0,47.0,-2.9336529254400117
43.0,56.0,-2.9342817533088907
27.0,34.0,-2.9350679819590217
4.0,23.0,-2.9399744207864678
28.0,64.0,-2.9513798367155486
9.0,15.0,-2.9528735271018065
1.0,25.0,-2.958726123652886
45.0,55.0,-2.960344221531087
6.0,46.0,-2.9610446097506773
7.0,43.0,-2.962106436740489
33.0,46.0,-2.971897592032719
43.0,55.0,-2.9724314918384818
49.0,61.0,-2.97570535939288
9.0,34.0,-2.982653086055706
25.0,57.0,-2.989322232725192
3.0,43.0,-2.989803860433435
8.0,66.0,-2.9925232945524023
11.0,60.0,-2.9939630067661813
3.0,36.0,-3.0034350400984855
37.0,51.0,-3.004442245511932
6.0,31.0,-3.004920570441985
16.0,40.0,-3.0123048917457926
17.0,61.0,-3.017820501804936
4.0,29.0,-3.0186205614311357
36.0,60.0,-3.022973216526428
13.0,47.0,-3.023955068409682
36.0,41.0,-3.034684298717882
5.0,42.0,-3.0377340792312557
30.0,39.0,-3.041479240786154
54.0,60.0,-3.0551020551961097
14.0,44.0,-3.0563221470103987
24.0,66.0,-3.0620235601652883
7.0,11.0,-3.0622721387101537
5.0,43.0,-3.0627125345628787
16.0,58.0,-3.0714848737605744
6.0,67.0,-3.0813840583180068
31.0,64.0,-3.0942009424382197
7.0,32.0,-3.107866200170642
8.0,46.0,-3.115776187988641
6.0,25.0,-3.1185863763567006
52.0,68.0,-3.122640646647508
37.0,50.0,-3.1256726360370033
34.0,59.0,-3.1345321447197834
13.0,64.0,-3.134651536228818
18.0,59.0,-3.1412454236997513
14.0,64.0,-3.1492828499603824
7.0,22.0,-3.1570537190752863
53.0,62.0,-3.157449443304576
38.0,60.0,-3.159246006336423
24.0,62.0,-3.1758302107429772
8.0,42.0,-3.1813192344430767
10.0,66.0,-3.1960008308259695
52.0,61.0,-3.2018679967935557
1.0,16.0,-3.203547834753282
6.0,18.0,-3.2067617484037374
1.0,54.0,-3.208792088542117
12.0,64.0,-3.2121012436229592
1.0,7.0,-3.2140187366443733
6.0,68.0,-3.222120451078829
19.0,38.0,-3.2358153255846207
35.0,46.0,-3.2369442389939955
48.0,52.0,-3.2524334109092474
8.0,68.0,-3.2607795801797717
3.0,35.0,-3.2731905638344574
19.0,51.0,-3.2768955951193526
50.0,69.0,-3.290490302521462
23.0,55.0,-3.2909411353503963
32.0,64.0,-3.2939142442207996
48.0,69.0,-3.2974841727574815
13.0,27.0,-3.2990461006904677
28.0,58.0,-3.310611619227759
11.0,58.0,-3.315104037706023
6.0,22.0,-3.320520789075797
17.0,68.0,-3.3272607723380987
15.0,69.0,-3.343229829400537
8.0,30.0,-3.3784384710710507
16.0,49.0,-3.3825323006285677
24.0,51.0,-3.396682974989175
30.0,64.0,-3.401099069445381
39.0,66.0,-3.4127651042337477
18.0,24.0,-3.4220634377071506
44.0,63.0,-3.4223813727731067
18.0,26.0,-3.4252670645810683
31.0,53.0,-3.4405123894475307
29.0,52.0,-3.440684358084859
18.0,64.0,-3.4413634273645184
16.0,39.0,-3.4921599226560907
32.0,37.0,-3.493713068599481
33.0,51.0,-3.528767417683791
35.0,68.0,-3.542079834558896
12.0,65.0,-3.544997667705321
56.0,68.0,-3.5468555829049104
7.0,29.0,-3.558018469981396
9.0,18.0,-3.558483854805725
34.0,52.0,-3.5764684199010928
7.0,45.0,-3.5781038653500716
27.0,67.0,-3.586467179711395
5.0,15.0,-3.597054083339298
7.0,15.0,-3.6146851585539768
31.0,49.0,-3.617245607422643
7.0,68.0,-3.626818813500668
15.0,53.0,-3.6309077550842117
3.0,65.0,-3.638509842505032
28.0,63.0,-3.6489525956222573
6.0,11.0,-3.6947203477792896
13.0,67.0,-3.6953938203230754
21.0,69.0,-3.7017899530986704
21.0,47.0,-3.7055411534061795
46.0,55.0,-3.706122693553255
10.0,48.0,-3.7085774939761587
4.0,16.0,-3.7234529005868664
38.0,42.0,-3.7748802000215447
6.0,45.0,-3.780204617686641
42.0,65.0,-3.7808565274169186
6.0,60.0,-3.794364793396018
11.0,57.0,-3.808635363040917
6.0,50.0,-3.8108231644752113
19.0,52.0,-3.844202782990948
7.0,61.0,-3.8495684452304393
8.0,29.0,-3.854508905766091
46.0,64.0,-3.854559160499819
11.0,66.0,-3.874537271913992
9.0,22.0,-3.8814894790884655
52.0,62.0,-3.899907885814239
8.0,15.0,-3.9267364602019685
1.0,6.0,-3.936466432802534
4.0,50.0,-3.9874184694316854
38.0,43.0,-4.010947269398632
46.0,53.0,-4.081875667660256
53.0,67.0,-4.083273644768422
7.0,23.0,-4.10089025609202
31.0,55.0,-4.154315767860932
60.0,64.0,-4.16308691376034
19.0,43.0,-4.203055664699214
11.0,38.0,-4.222339482417936
21.0,55.0,-4.23246522051737
11.0,69.0,-4.28307137334394
31.0,58.0,-4.304697876015372
19.0,44.0,-4.327454224947127
29.0,47.0,-4.331134412505885
10.0,18.0,-4.337190593934676
52.0,67.0,-4.35120588706412
18.0,58.0,-4.356467819842124
11.0,55.0,-4.363437814910225
38.0,61.0,-4.405325526960699
25.0,38.0,-4.521120455506229
10.0,42.0,-4.5347780132617945
7.0,12.0,-4.537606619313824
15.0,27.0,-4.539169840896526
32.0,52.0,-4.566554649718048
47.0,66.0,-4.5771319410272735
6.0,51.0,-4.583872989035699
22.0,58.0,-4.609734833894432
34.0,53.0,-4.619224309355393
10.0,45.0,-4.641962173295727
41.0,62.0,-4.652847308264
22.0,64.0,-4.678269284848996
41.0,53.0,-4.684785240246589
9.0,67.0,-4.72604043167676
13.0,20.0,-4.734241003788436
11.0,23.0,-4.743682014986141
40.0,50.0,-4.751619429134486
33.0,42.0,-4.76753561432234
23.0,65.0,-4.767725733714558
35.0,67.0,-4.991226556717572
11.0,47.0,-4.994970293605837
17.0,67.0,-4.997460324895029
3.0,7.0,-5.015938953952867
32.0,68.0,-5.229634820619694
43.0,49.0,-5.391288984213196
30.0,37.0,-5.442533081239143
20.0,34.0,-5.696487365425131
43.0,69.0,-5.787283392229621
