,pdb,beta,nsus,run,auc_,auc_01_,execution_time,count_seq_scpe,count_seq_cluster,seq_lenght,execution_time_optimization_total,contacts_count,spearman_zmip_evol_nat,par_positions_count,auc_nat,auc_nat_01,auc,auc_01,analysis,auc_di,auc01_di,auc_frob,auc01_frob,auc_di_,auc01_di_,auc_frob_,auc01_frob_
1,2TRX,0.001,1.0,1000,0.464157816355,0.485191917207,39.8077528477,4121.0,1109.0,108.0,18151.1987522,,,,,,,,okey_complete2,,,,,0.517989134391,0.500478336708,0.507369688788,0.503102994586
2,2TRX,0.001,1.0,5000,0.513447614103,0.500843434087,80.5948359966,20851.0,5715.0,108.0,18151.1987522,,,,,,,,okey_complete2,,,,,0.577101489555,0.510411798164,0.565836195316,0.510886678113
3,2TRX,0.001,1.0,10000,0.483888231958,0.49106784224,136.344429016,42201.0,11601.0,108.0,18151.1987522,,,,,,,,okey_complete2,,,,,0.665737597522,0.557022359823,0.626500969435,0.534320927986
4,2TRX,0.001,1.0,20000,0.523227697087,0.503500436679,355.944552898,83761.0,22940.0,108.0,18151.1987522,,,,,,,,okey_complete2,,,,,0.694878870294,0.576847545124,0.660201563007,0.554445533045
5,2TRX,0.001,2.0,1000,0.485385080232,0.498622520425,41.873529911,8701.0,2344.0,108.0,18151.1987522,,,,,,,,okey_complete2,,,,,0.562470635724,0.517275895679,0.56145818858,0.515734177402
6,2TRX,0.001,2.0,5000,0.4851389768,0.496624026903,133.275686026,43621.0,11783.0,108.0,18151.1987522,,,,,,,,okey_complete2,,,,,0.668021890034,0.550492241147,0.636051059099,0.537178190112
7,2TRX,0.001,2.0,10000,0.528319172553,0.500589852069,311.318072796,87561.0,23742.0,108.0,18151.1987522,,,,,,,,okey_complete2,,,,,0.741602313409,0.59142956971,0.700162123889,0.558652732541
8,2TRX,0.001,2.0,20000,0.509831916412,0.510524428712,859.573272943,174751.0,47247.0,108.0,18151.1987522,,,,,,,,okey_complete2,,,,,0.778668466573,0.642821122564,0.744189678333,0.581003658386
9,2TRX,0.001,3.0,1000,0.481323530775,0.49596279968,42.3231041431,8811.0,2382.0,108.0,18151.1987522,,,,,,,,okey_complete2,,,,,0.561398632865,0.525029575119,0.563348089916,0.53640372551
10,2TRX,0.001,3.0,5000,0.508972240039,0.502541784098,135.098176956,43771.0,11833.0,108.0,18151.1987522,,,,,,,,okey_complete2,,,,,0.742956213315,0.581973688781,0.705412290976,0.562099182497
11,2TRX,0.001,3.0,10000,0.53900865829,0.503888457203,311.160920143,87661.0,23719.0,108.0,18151.1987522,,,,,,,,okey_complete2,,,,,0.801917694003,0.634693284639,0.767138480271,0.605771132455
12,2TRX,0.001,3.0,20000,0.510305581238,0.505092745585,868.991694927,175691.0,47535.0,108.0,18151.1987522,,,,,,,,okey_complete2,,,,,0.830896181155,0.678875732306,0.791405448686,0.615524668702
13,2TRX,0.001,5.0,1000,0.523417331581,0.507917574854,43.5796940327,8811.0,2380.0,108.0,18151.1987522,,,,,,,,okey_complete2,,,,,0.610336225094,0.535706542353,0.625573223751,0.54571660479
14,2TRX,0.001,5.0,5000,0.495794749737,0.506223525437,139.156343937,43911.0,11833.0,108.0,18151.1987522,,,,,,,,okey_complete2,,,,,0.786008377504,0.632173988277,0.745757978811,0.601882102226
15,2TRX,0.001,5.0,10000,0.492837294447,0.489769357423,324.432169914,87671.0,23704.0,108.0,18151.1987522,,,,,,,,okey_complete2,,,,,0.837086005069,0.684202012433,0.796732376472,0.614875018525
16,2TRX,0.001,5.0,20000,0.534992621111,0.501016248329,879.627963066,175671.0,47411.0,108.0,18151.1987522,,,,,,,,okey_complete2,,,,,0.868741852447,0.729191072906,0.824044627082,0.64933617651
17,2TRX,0.001,7.0,1000,0.49074541527,0.506070352177,43.0476169586,8891.0,2382.0,108.0,18151.1987522,,,,,,,,okey_complete2,,,,,0.631757753823,0.529622341365,0.630763835123,0.537404390069
18,2TRX,0.001,7.0,5000,0.520724521763,0.498528138958,140.689240932,43711.0,11822.0,108.0,18151.1987522,,,,,,,,okey_complete2,,,,,0.799842508222,0.637834799851,0.770167880942,0.603519262903
19,2TRX,0.001,7.0,10000,0.502721887108,0.51024491365,319.176244974,87661.0,23680.0,108.0,18151.1987522,,,,,,,,okey_complete2,,,,,0.828545715628,0.688602276637,0.780324115432,0.62759431165
20,2TRX,0.001,7.0,20000,0.482195849449,0.496155476696,896.116695881,176321.0,47673.0,108.0,18151.1987522,,,,,,,,okey_complete2,,,,,0.856794976145,0.720329839651,0.811306321508,0.657037836378
21,2TRX,0.001,10.0,1000,0.500053519068,0.503879430273,43.8504190445,8721.0,2366.0,108.0,18151.1987522,,,,,,,,okey_complete2,,,,,0.587435067728,0.532999512766,0.623832873431,0.556030562114
22,2TRX,0.001,10.0,5000,0.49403747009,0.493632146487,144.537832975,43931.0,11833.0,108.0,18151.1987522,,,,,,,,okey_complete2,,,,,0.779862227781,0.626318993122,0.753801308902,0.594839209867
23,2TRX,0.001,10.0,10000,0.510966352098,0.506151038977,332.473467827,87901.0,23735.0,108.0,18151.1987522,,,,,,,,okey_complete2,,,,,0.837923755451,0.672789199807,0.791165902368,0.626950158464
24,2TRX,0.001,10.0,20000,0.528070540661,0.500026643385,908.016580105,175831.0,47454.0,108.0,18151.1987522,,,,,,,,okey_complete2,,,,,0.850652796803,0.695853790094,0.816176655483,0.65750696401
25,2TRX,0.001,15.0,1000,0.526219707997,0.50863853904,45.1336679459,8831.0,2403.0,108.0,18151.1987522,,,,,,,,okey_complete2,,,,,0.615267438244,0.529251275947,0.617431295866,0.551272413755
26,2TRX,0.001,15.0,5000,0.490066945191,0.493563006272,151.04797101,44021.0,11912.0,108.0,18151.1987522,,,,,,,,okey_complete2,,,,,0.778582441652,0.616433744989,0.748481660149,0.598478256956
27,2TRX,0.001,15.0,10000,0.479575522148,0.511422403888,346.176857948,88001.0,23750.0,108.0,18151.1987522,,,,,,,,okey_complete2,,,,,0.843281122824,0.702771249321,0.793313878467,0.645801017618
28,2TRX,0.001,15.0,20000,0.50561528808,0.502448934327,918.297815084,175581.0,47375.0,108.0,18151.1987522,,,,,,,,okey_complete2,,,,,0.844849423302,0.721265361994,0.809093495854,0.662803362105
29,2TRX,0.01,1.0,1000,0.539356742939,0.501237919856,32.0664069653,3841.0,1027.0,108.0,18151.1987522,,,,,,,,okey_complete2,,,,,0.481388839259,0.510195999423,0.490481011653,0.502969257426
30,2TRX,0.01,1.0,5000,0.530212146216,0.505683622282,67.7324240208,19321.0,5117.0,108.0,18151.1987522,,,,,,,,okey_complete2,,,,,0.515642639245,0.502581615551,0.532401617269,0.50778698563
31,2TRX,0.01,1.0,10000,0.474499217442,0.491688761824,132.211825848,38541.0,10224.0,108.0,18151.1987522,,,,,,,,okey_complete2,,,,,0.599921915841,0.533306032477,0.590334769288,0.531024325343
32,2TRX,0.01,1.0,20000,0.497444148427,0.499921998885,323.181054831,77651.0,20569.0,108.0,18151.1987522,,,,,,,,okey_complete2,,,,,0.585520020646,0.527434872306,0.585813828837,0.53540950522
33,2TRX,0.01,2.0,1000,0.493541049125,0.499578135592,41.7256588936,8901.0,2404.0,108.0,18151.1987522,,,,,,,,okey_complete2,,,,,0.508415222441,0.498415106777,0.495925727407,0.505779621702
34,2TRX,0.01,2.0,5000,0.487071563001,0.501094499843,136.091534853,44331.0,12034.0,108.0,18151.1987522,,,,,,,,okey_complete2,,,,,0.581253184576,0.532503259041,0.589882145859,0.536974771119
35,2TRX,0.01,2.0,10000,0.538202922394,0.505020283914,317.294867039,88721.0,24057.0,108.0,18151.1987522,,,,,,,,okey_complete2,,,,,0.633105036428,0.561127039675,0.652157571186,0.562854275717
36,2TRX,0.01,2.0,20000,0.586064983106,0.546178867603,877.272320032,177431.0,48062.0,108.0,18151.1987522,,,,,,,,okey_complete2,,,,,0.650799700898,0.569844068121,0.684205162819,0.56538128466
37,2TRX,0.01,3.0,1000,0.535941636402,0.500153534815,41.2561128139,8881.0,2401.0,108.0,18151.1987522,,,,,,,,okey_complete2,,,,,0.572948471072,0.516485461892,0.578998008192,0.530556717373
38,2TRX,0.01,3.0,5000,0.469824937863,0.504954432358,136.834400177,44901.0,12128.0,108.0,18151.1987522,,,,,,,,okey_complete2,,,,,0.657330977574,0.56495798243,0.678580456461,0.559180302416
39,2TRX,0.01,3.0,10000,0.545502586193,0.517427826438,318.07059598,89531.0,24117.0,108.0,18151.1987522,,,,,,,,okey_complete2,,,,,0.664629861235,0.577101715109,0.680013763987,0.567525319992
40,2TRX,0.01,3.0,20000,0.56839189106,0.529593576403,892.681919813,179831.0,48419.0,108.0,18151.1987522,,,,,,,,okey_complete2,,,,,0.708480071996,0.589965668154,0.729234576724,0.57562483265
41,2TRX,0.01,5.0,1000,0.499777916937,0.511654573613,42.6969268322,9001.0,2432.0,108.0,18151.1987522,,,,,,,,okey_complete2,,,,,0.595089962215,0.544359530179,0.573837836407,0.545294925964
42,2TRX,0.01,5.0,5000,0.546500485043,0.505191577134,140.337738037,44831.0,12075.0,108.0,18151.1987522,,,,,,,,okey_complete2,,,,,0.742916509506,0.602227881504,0.710833184444,0.575379691258
43,2TRX,0.01,5.0,10000,0.547484898773,0.515333448538,328.305891037,90061.0,24203.0,108.0,18151.1987522,,,,,,,,okey_complete2,,,,,0.723162540779,0.595341513768,0.737561789054,0.587987207511
44,2TRX,0.01,5.0,20000,0.57732325433,0.543480875729,903.470595121,179581.0,48444.0,108.0,18151.1987522,,,,,,,,okey_complete2,,,,,0.791110317035,0.64172472831,0.778246282731,0.604232981405
45,2TRX,0.01,7.0,1000,0.506053554467,0.499897938338,42.5456521511,8951.0,2394.0,108.0,18151.1987522,,,,,,,,okey_complete2,,,,,0.628750851978,0.550207905953,0.616864854849,0.559074180617
46,2TRX,0.01,7.0,5000,0.569609765924,0.524396058512,143.760702848,44931.0,12116.0,108.0,18151.1987522,,,,,,,,okey_complete2,,,,,0.733977858509,0.609741789691,0.734488714192,0.591828231344
47,2TRX,0.01,7.0,10000,0.585753139715,0.511414405919,333.898005009,89771.0,24209.0,108.0,18151.1987522,,,,,,,,okey_complete2,,,,,0.769660995639,0.619755511528,0.760063261403,0.591556422433
48,2TRX,0.01,7.0,20000,0.577606441842,0.546213839468,913.160475969,179581.0,48444.0,108.0,18151.1987522,,,,,,,,okey_complete2,,,,,0.800536001429,0.65897879657,0.779074768891,0.601902142581
49,2TRX,0.01,10.0,1000,0.499396119488,0.509151192834,43.767455101,9001.0,2432.0,108.0,18151.1987522,,,,,,,,okey_complete2,,,,,0.639809686406,0.549868563576,0.621894004063,0.556947968796
50,2TRX,0.01,10.0,5000,0.511310222648,0.499322234169,148.118020773,44981.0,12105.0,108.0,18151.1987522,,,,,,,,okey_complete2,,,,,0.761276874516,0.617384603017,0.754728392856,0.581843269023
51,2TRX,0.01,10.0,10000,0.555688065585,0.511274857197,341.554751158,90141.0,24310.0,108.0,18151.1987522,,,,,,,,okey_complete2,,,,,0.799951031968,0.635795599557,0.789773622112,0.60462180523
52,2TRX,0.01,10.0,20000,0.624177302352,0.534295401907,932.584323883,179721.0,48429.0,108.0,18151.1987522,,,,,,,,okey_complete2,,,,,0.816126363991,0.667994686683,0.800677611684,0.62227572889
53,2TRX,0.01,15.0,1000,0.503567235542,0.506841413062,45.0386970043,8961.0,2422.0,108.0,18151.1987522,,,,,,,,okey_complete2,,,,,0.666464177238,0.551834543861,0.649402126801,0.549157456342
54,2TRX,0.01,15.0,5000,0.533517686156,0.491490430171,153.393987894,44801.0,12054.0,108.0,18151.1987522,,,,,,,,okey_complete2,,,,,0.755834805683,0.61672631065,0.747960216783,0.583126536441
55,2TRX,0.01,15.0,10000,0.534155700876,0.519132743655,353.244145155,89951.0,24261.0,108.0,18151.1987522,,,,,,,,okey_complete2,,,,,0.78474976674,0.651793275382,0.776807681364,0.613962974182
56,2TRX,0.01,15.0,20000,0.590794045983,0.541743553364,977.032121897,179261.0,48377.0,108.0,18151.1987522,,,,,,,,okey_complete2,,,,,0.839359709897,0.720133472477,0.812746246336,0.636190364974
57,2TRX,0.1,1.0,1000,0.659552985142,0.536776027475,31.3095369339,2601.0,1001.0,108.0,23759.0582342,,,,,,,,okey_complete2,,,,,0.482918097658,0.493059723565,0.48300875469,0.494765713351
58,2TRX,0.1,1.0,5000,0.640496825519,0.547319746441,61.3275921345,12711.0,5001.0,108.0,23759.0582343,,,,,,,,okey_complete2,,,,,0.497001038916,0.498099995762,0.51446475956,0.492967398971
59,2TRX,0.1,1.0,10000,0.622813619634,0.542231595623,121.424467087,25591.0,9999.0,108.0,23759.0582344,,,,,,,,okey_complete2,,,,,0.499687663365,0.50228375641,0.502450386781,0.499691226413
60,2TRX,0.1,1.0,20000,0.670802103342,0.560303516618,321.102129936,49751.0,19992.0,108.0,23759.0582345,,,,,,,,okey_complete2,,,,,0.52623363045,0.521053914989,0.524137269304,0.508892654436
61,2TRX,0.1,2.0,1000,0.612764677078,0.531719931414,35.9977090359,8501.0,2147.0,108.0,23759.0582346,,,,,,,,okey_complete2,,,,,0.546385960733,0.505349997862,0.555172413793,0.511050359959
62,2TRX,0.1,2.0,5000,0.614406490388,0.530132989219,112.142432928,41581.0,10579.0,108.0,23759.0582347,,,,,,,,okey_complete2,,,,,0.627161376134,0.528658919107,0.68317286377,0.541668364236
63,2TRX,0.1,2.0,10000,0.625289824719,0.542184193079,303.891237974,83391.0,21214.0,108.0,23759.0582348,,,,,,,,okey_complete2,,,,,0.62511530648,0.548969181971,0.687036044442,0.564494799608
8,2TRX,0.1,2.0,20000,0.626047519876,0.567556841547,768.871743917,166681.0,42377.0,108.0,23759.0582349,,,,,,,,okey_complete2,,,,,0.778668466573,0.642821122564,0.744189678333,0.581003658386
9,2TRX,0.1,3.0,1000,0.600232786877,0.512313757041,40.9254488945,10351.0,2723.0,108.0,23759.058235,,,,,,,,okey_complete2,,,,,0.561398632865,0.525029575119,0.563348089916,0.53640372551
10,2TRX,0.1,3.0,5000,0.601911684266,0.538220034652,172.718286037,51961.0,13647.0,108.0,23759.0582351,,,,,,,,okey_complete2,,,,,0.742956213315,0.581973688781,0.705412290976,0.562099182497
11,2TRX,0.1,3.0,10000,0.58361659108,0.534359201067,361.715668917,103571.0,27172.0,108.0,23759.0582352,,,,,,,,okey_complete2,,,,,0.801917694003,0.634693284639,0.767138480271,0.605771132455
12,2TRX,0.1,3.0,20000,0.57271302907,0.537792916744,1185.059196,208061.0,54691.0,108.0,23759.0582353,,,,,,,,okey_complete2,,,,,0.830896181155,0.678875732306,0.791405448686,0.615524668702
13,2TRX,0.1,5.0,1000,0.625104404324,0.534607037126,50.3365089893,10401.0,2768.0,108.0,23759.0582354,,,,,,,,okey_complete2,,,,,0.610336225094,0.535706542353,0.625573223751,0.54571660479
14,2TRX,0.1,5.0,5000,0.590955867418,0.517315511823,178.750222921,52521.0,13844.0,108.0,23759.0582355,,,,,,,,okey_complete2,,,,,0.786008377504,0.632173988277,0.745757978811,0.601882102226
15,2TRX,0.1,5.0,10000,0.576981069421,0.531194077981,407.758337021,104731.0,27583.0,108.0,23759.0582356,,,,,,,,okey_complete2,,,,,0.837086005069,0.684202012433,0.796732376472,0.614875018525
16,2TRX,0.1,5.0,20000,0.603352063603,0.554109183014,1157.16602206,209531.0,55178.0,108.0,23759.0582357,,,,,,,,okey_complete2,,,,,0.868741852447,0.729191072906,0.824044627082,0.64933617651
17,2TRX,0.1,7.0,1000,0.601581298836,0.520104638478,47.492069006,10521.0,2759.0,108.0,23759.0582358,,,,,,,,okey_complete2,,,,,0.631757753823,0.529622341365,0.630763835123,0.537404390069
18,2TRX,0.1,7.0,5000,0.620036527818,0.521728147465,171.153401136,52591.0,13834.0,108.0,23759.0582359,,,,,,,,okey_complete2,,,,,0.799842508222,0.637834799851,0.770167880942,0.603519262903
19,2TRX,0.1,7.0,10000,0.590741791144,0.534636541706,385.372084141,104891.0,27581.0,108.0,23759.058236,,,,,,,,okey_complete2,,,,,0.828545715628,0.688602276637,0.780324115432,0.62759431165
20,2TRX,0.1,7.0,20000,0.583173267773,0.558830456969,1125.85551405,209491.0,55198.0,108.0,23759.0582361,,,,,,,,okey_complete2,,,,,0.856794976145,0.720329839651,0.811306321508,0.657037836378
21,2TRX,0.1,10.0,1000,0.588586700469,0.52075319946,49.1168439388,10441.0,2738.0,108.0,23759.0582362,,,,,,,,okey_complete2,,,,,0.587435067728,0.532999512766,0.623832873431,0.556030562114
22,2TRX,0.1,10.0,5000,0.606209223316,0.523205158929,180.7260921,52551.0,13849.0,108.0,23759.0582363,,,,,,,,okey_complete2,,,,,0.779862227781,0.626318993122,0.753801308902,0.594839209867
23,2TRX,0.1,10.0,10000,0.597353713844,0.541021587562,435.232222795,104751.0,27510.0,108.0,23759.0582364,,,,,,,,okey_complete2,,,,,0.837923755451,0.672789199807,0.791165902368,0.626950158464
24,2TRX,0.1,10.0,20000,0.614253097153,0.55620023229,1232.82884192,209681.0,55281.0,108.0,23759.0582365,,,,,,,,okey_complete2,,,,,0.850652796803,0.695853790094,0.816176655483,0.65750696401
25,2TRX,0.1,15.0,1000,0.634135220351,0.537924458604,50.267261982,10581.0,2785.0,108.0,23759.0582366,,,,,,,,okey_complete2,,,,,0.615267438244,0.529251275947,0.617431295866,0.551272413755
26,2TRX,0.1,15.0,5000,0.602521043108,0.529852010806,185.012421131,52461.0,13765.0,108.0,23759.0582367,,,,,,,,okey_complete2,,,,,0.778582441652,0.616433744989,0.748481660149,0.598478256956
27,2TRX,0.1,15.0,10000,0.59584675173,0.540620679646,448.867980957,105001.0,27680.0,108.0,23759.0582368,,,,,,,,okey_complete2,,,,,0.843281122824,0.702771249321,0.793313878467,0.645801017618
28,2TRX,0.1,15.0,20000,0.600835403159,0.545952118072,1259.01283908,209701.0,55228.0,108.0,23759.0582369,,,,,,,,okey_complete2,,,,,0.844849423302,0.721265361994,0.809093495854,0.662803362105
29,2TRX,0.25,1.0,1000,0.677494093939,0.527793631695,33.7728891373,1781.0,985.0,108.0,23759.058237,,,,,,,,okey_complete2,,,,,0.481388839259,0.510195999423,0.490481011653,0.502969257426
30,2TRX,0.25,1.0,5000,0.711366185894,0.552143330981,71.6383640766,8541.0,4882.0,108.0,23759.0582371,,,,,,,,okey_complete2,,,,,0.515642639245,0.502581615551,0.532401617269,0.50778698563
31,2TRX,0.25,1.0,10000,0.713104923501,0.560628418823,145.10623908,16641.0,9765.0,108.0,23759.0582372,,,,,,,,okey_complete2,,,,,0.599921915841,0.533306032477,0.590334769288,0.531024325343
32,2TRX,0.25,1.0,20000,0.745726270614,0.573264871266,371.204250097,33131.0,19519.0,108.0,23759.0582373,,,,,,,,okey_complete2,,,,,0.585520020646,0.527434872306,0.585813828837,0.53540950522
33,2TRX,0.25,2.0,1000,0.690080767438,0.52751556367,40.906224966,7001.0,1988.0,108.0,23759.0582374,,,,,,,,okey_complete2,,,,,0.508415222441,0.498415106777,0.495925727407,0.505779621702
34,2TRX,0.25,2.0,5000,0.681682066392,0.534744742737,132.438293934,34371.0,9884.0,108.0,23759.0582375,,,,,,,,okey_complete2,,,,,0.581253184576,0.532503259041,0.589882145859,0.536974771119
35,2TRX,0.25,2.0,10000,0.691028939909,0.575204469121,309.026961803,68781.0,19762.0,108.0,23759.0582376,,,,,,,,okey_complete2,,,,,0.633105036428,0.561127039675,0.652157571186,0.562854275717
36,2TRX,0.25,2.0,20000,0.742269023079,0.593021376107,868.010947943,137701.0,39569.0,108.0,23759.0582377,,,,,,,,okey_complete2,,,,,0.650799700898,0.569844068121,0.684205162819,0.56538128466
37,2TRX,0.25,3.0,1000,0.650962963962,0.536737913484,47.4149479866,11071.0,2835.0,108.0,23759.0582378,,,,,,,,okey_complete2,,,,,0.572948471072,0.516485461892,0.578998008192,0.530556717373
38,2TRX,0.25,3.0,5000,0.689610473892,0.56318457063,178.24121809,54901.0,14162.0,108.0,23759.0582379,,,,,,,,okey_complete2,,,,,0.657330977574,0.56495798243,0.678580456461,0.559180302416
39,2TRX,0.25,3.0,10000,0.690945500732,0.558409326065,443.309709787,110241.0,28377.0,108.0,23759.058238,,,,,,,,okey_complete2,,,,,0.664629861235,0.577101715109,0.680013763987,0.567525319992
40,2TRX,0.25,3.0,20000,0.674433814612,0.577445702044,1327.46395707,220831.0,56787.0,108.0,23759.0582381,,,,,,,,okey_complete2,,,,,0.708480071996,0.589965668154,0.729234576724,0.57562483265
41,2TRX,0.25,5.0,1000,0.651793984457,0.545700752115,43.0394899845,12261.0,3142.0,108.0,23759.0582382,,,,,,,,okey_complete2,,,,,0.595089962215,0.544359530179,0.573837836407,0.545294925964
42,2TRX,0.25,5.0,5000,0.661995477428,0.561090927186,198.326369047,61441.0,15713.0,108.0,23759.0582383,,,,,,,,okey_complete2,,,,,0.742916509506,0.602227881504,0.710833184444,0.575379691258
43,2TRX,0.25,5.0,10000,0.674505454309,0.563874589639,494.818372011,123321.0,31508.0,108.0,23759.0582384,,,,,,,,okey_complete2,,,,,0.723162540779,0.595341513768,0.737561789054,0.587987207511
44,2TRX,0.25,5.0,20000,0.651141641796,0.555726183518,1477.95969892,245981.0,62954.0,108.0,23759.0582385,,,,,,,,okey_complete2,,,,,0.791110317035,0.64172472831,0.778246282731,0.604232981405
45,2TRX,0.25,7.0,1000,0.65664947033,0.530344499237,50.4640719891,12361.0,3172.0,108.0,23759.0582386,,,,,,,,okey_complete2,,,,,0.628750851978,0.550207905953,0.616864854849,0.559074180617
46,2TRX,0.25,7.0,5000,0.657759464236,0.555318727632,189.986603975,61851.0,15827.0,108.0,23759.0582387,,,,,,,,okey_complete2,,,,,0.733977858509,0.609741789691,0.734488714192,0.591828231344
47,2TRX,0.25,7.0,10000,0.668126149923,0.554668115314,453.998164892,123811.0,31645.0,108.0,23759.0582388,,,,,,,,okey_complete2,,,,,0.769660995639,0.619755511528,0.760063261403,0.591556422433
48,2TRX,0.25,7.0,20000,0.645224202756,0.55450991672,1492.14531898,247471.0,63363.0,108.0,23759.0582389,,,,,,,,okey_complete2,,,,,0.800536001429,0.65897879657,0.779074768891,0.601902142581
49,2TRX,0.25,10.0,1000,0.670829073581,0.543565262145,49.9399261475,12361.0,3145.0,108.0,23759.058239,,,,,,,,okey_complete2,,,,,0.639809686406,0.549868563576,0.621894004063,0.556947968796
50,2TRX,0.25,10.0,5000,0.667175448991,0.543558537489,196.499214888,61381.0,15723.0,108.0,23759.0582391,,,,,,,,okey_complete2,,,,,0.761276874516,0.617384603017,0.754728392856,0.581843269023
51,2TRX,0.25,10.0,10000,0.661740102976,0.539625730801,476.055325985,123421.0,31577.0,108.0,23759.0582392,,,,,,,,okey_complete2,,,,,0.799951031968,0.635795599557,0.789773622112,0.60462180523
52,2TRX,0.25,10.0,20000,0.66888384508,0.580701496984,1512.86825109,247111.0,63318.0,108.0,23759.0582393,,,,,,,,okey_complete2,,,,,0.816126363991,0.667994686683,0.800677611684,0.62227572889
53,2TRX,0.25,15.0,1000,0.637899254357,0.532740237807,51.2078690529,12311.0,3133.0,108.0,23759.0582394,,,,,,,,okey_complete2,,,,,0.666464177238,0.551834543861,0.649402126801,0.549157456342
54,2TRX,0.25,15.0,5000,0.674659690365,0.560051852867,201.073627949,61471.0,15729.0,108.0,23759.0582395,,,,,,,,okey_complete2,,,,,0.755834805683,0.61672631065,0.747960216783,0.583126536441
55,2TRX,0.25,15.0,10000,0.662759072325,0.555668115022,493.021199942,123241.0,31565.0,108.0,23759.0582396,,,,,,,,okey_complete2,,,,,0.78474976674,0.651793275382,0.776807681364,0.613962974182
56,2TRX,0.25,15.0,20000,0.640012204033,0.565924265303,1527.57100201,247321.0,63253.0,108.0,23759.0582397,,,,,,,,okey_complete2,,,,,0.839359709897,0.720133472477,0.812746246336,0.636190364974
1,2TRX,0.5,1.0,1000,0.671618795897,0.51213624786,28.4127569199,1051.0,826.0,108.0,155064.659118,,,,,,,,okey_complete2,0.530428619067,0.50097091663,0.515607966755,0.500824463765,0.517989134391,0.500478336708,0.507369688788,0.503102994586
2,2TRX,0.5,1.0,5000,0.714512432859,0.525647897448,52.3582539558,4621.0,3829.0,108.0,155064.659118,,,,,,,,okey_complete2,0.578252176891,0.508702108008,0.567093695652,0.512105337969,0.577101489555,0.510411798164,0.565836195316,0.510886678113
3,2TRX,0.5,1.0,10000,0.744418214014,0.553109538875,97.7108910084,8861.0,7468.0,108.0,155064.659118,,,,,,,,okey_complete2,0.667084872946,0.558467911464,0.625682451337,0.530569630005,0.665737597522,0.557022359823,0.626500969435,0.534320927986
4,2TRX,0.5,1.0,20000,0.77725700868,0.575900103374,251.136372089,17441.0,14801.0,108.0,155064.659118,,,,,,,,okey_complete2,0.691191798172,0.576030444761,0.649893305061,0.546846283351,0.694878870294,0.576847545124,0.660201563007,0.554445533045
5,2TRX,0.5,2.0,1000,0.711880306079,0.520393478082,37.2448189259,5571.0,1656.0,108.0,155064.659118,,,,,,,,okey_complete2,0.560947708264,0.51532472363,0.558229118223,0.511779741239,0.562470635724,0.517275895679,0.56145818858,0.515734177402
6,2TRX,0.5,2.0,5000,0.73265328999,0.553852468066,103.554099798,26911.0,7820.0,108.0,155064.659118,,,,,,,,okey_complete2,0.662154624669,0.54915269789,0.62988594782,0.537335584038,0.668021890034,0.550492241147,0.636051059099,0.537178190112
7,2TRX,0.5,2.0,10000,0.749799619551,0.571115507237,245.769917965,54631.0,16014.0,108.0,155064.659118,,,,,,,,okey_complete2,0.736757341165,0.584976054208,0.692959330312,0.55227658737,0.741602313409,0.59142956971,0.700162123889,0.558652732541
8,2TRX,0.5,2.0,20000,0.793999627474,0.618839443004,691.442981005,108941.0,31892.0,108.0,155064.659118,,,,,,,,okey_complete2,0.773980192275,0.633855906019,0.735430944374,0.576457313817,0.778668466573,0.642821122564,0.744189678333,0.581003658386
9,2TRX,0.5,3.0,1000,0.694262840152,0.53848375611,39.6814210415,10101.0,2552.0,108.0,155064.659118,,,,,,,,okey_complete2,0.572456107033,0.522955268178,0.571603743818,0.540533603633,0.561398632865,0.525029575119,0.563348089916,0.53640372551
10,2TRX,0.5,3.0,5000,0.719365390272,0.564498811329,151.443070889,49601.0,12348.0,108.0,155064.659118,,,,,,,,okey_complete2,0.744184864123,0.579808398312,0.699549443796,0.56127649471,0.742956213315,0.581973688781,0.705412290976,0.562099182497
11,2TRX,0.5,3.0,10000,0.753374019063,0.573172661828,377.755625963,99531.0,24838.0,108.0,155064.659118,,,,,,,,okey_complete2,0.7938731534,0.625921031808,0.75640356557,0.589761039594,0.801917694003,0.634693284639,0.767138480271,0.605771132455
12,2TRX,0.5,3.0,20000,0.783861346,0.614465834312,1128.99895096,199181.0,49702.0,108.0,155064.659118,,,,,,,,okey_complete2,0.825014318207,0.677025656055,0.784812681968,0.604943129051,0.830896181155,0.678875732306,0.791405448686,0.615524668702
13,2TRX,0.5,5.0,1000,0.703004568927,0.54524511882,51.3250010014,14981.0,3635.0,108.0,155064.659118,,,,,,,,okey_complete2,0.605669860287,0.53743229957,0.61416358495,0.54198931252,0.610336225094,0.535706542353,0.625573223751,0.54571660479
14,2TRX,0.5,5.0,5000,0.711330787455,0.581401398393,227.580765963,74791.0,18181.0,108.0,155064.659118,,,,,,,,okey_complete2,0.785220919087,0.638681136135,0.74110140281,0.595861469771,0.786008377504,0.632173988277,0.745757978811,0.601882102226
15,2TRX,0.5,5.0,10000,0.74620583518,0.584673999506,592.438657999,148801.0,36096.0,108.0,155064.659118,,,,,,,,okey_complete2,0.830922541119,0.687242450164,0.793795393949,0.610683510789,0.837086005069,0.684202012433,0.796732376472,0.614875018525
16,2TRX,0.5,5.0,20000,0.754965263175,0.607723984775,1855.88048792,298441.0,72365.0,108.0,155064.659118,,,,,,,,okey_complete2,0.866527397496,0.726549266241,0.819290026304,0.644257216967,0.868741852447,0.729191072906,0.824044627082,0.64933617651
17,2TRX,0.5,7.0,1000,0.70291691565,0.536670488536,53.4240570068,15571.0,3854.0,108.0,155064.659118,,,,,,,,okey_complete2,0.642179417971,0.525280892755,0.633799341736,0.535053068779,0.631757753823,0.529622341365,0.630763835123,0.537404390069
18,2TRX,0.5,7.0,5000,0.711774110762,0.566132981657,248.973209858,78861.0,19464.0,108.0,155064.659118,,,,,,,,okey_complete2,0.793405101319,0.635214198841,0.76264974302,0.598503065318,0.799842508222,0.637834799851,0.770167880942,0.603519262903
19,2TRX,0.5,7.0,10000,0.733717771618,0.588631818903,656.884964943,156731.0,38614.0,108.0,155064.659118,,,,,,,,okey_complete2,0.823527916391,0.680949186153,0.777319362552,0.620506052497,0.828545715628,0.688602276637,0.780324115432,0.62759431165
20,2TRX,0.5,7.0,20000,0.714511590039,0.585080262944,2035.86220098,315031.0,77481.0,108.0,155064.659118,,,,,,,,okey_complete2,0.854815627855,0.720353704862,0.810598912265,0.654123991609,0.856794976145,0.720329839651,0.811306321508,0.657037836378
21,2TRX,0.5,10.0,1000,0.672975736056,0.551906595721,54.6728858948,15831.0,3917.0,108.0,155064.659118,,,,,,,,okey_complete2,0.585690167467,0.530530196402,0.617937909078,0.551986118663,0.587435067728,0.532999512766,0.623832873431,0.556030562114
22,2TRX,0.5,10.0,5000,0.714251158667,0.572841505151,250.531198025,79701.0,19719.0,108.0,155064.659118,,,,,,,,okey_complete2,0.783164779754,0.629921252712,0.753841989805,0.593181502324,0.779862227781,0.626318993122,0.753801308902,0.594839209867
23,2TRX,0.5,10.0,10000,0.71612643311,0.568003946765,679.320068121,158911.0,39409.0,108.0,155064.659118,,,,,,,,okey_complete2,0.831638825294,0.672743823712,0.785113999841,0.614673068946,0.837923755451,0.672789199807,0.791165902368,0.626950158464
24,2TRX,0.5,10.0,20000,0.703829689682,0.586622231375,2126.26574183,319701.0,79172.0,108.0,155064.659118,,,,,,,,okey_complete2,0.842727023951,0.7141188026,0.808058271736,0.654589811338,0.850652796803,0.695853790094,0.816176655483,0.65750696401
25,2TRX,0.5,15.0,1000,0.684789543638,0.541920344382,57.4755570889,16071.0,3971.0,108.0,155064.659118,,,,,,,,okey_complete2,0.613119813856,0.525091147995,0.611776220263,0.554104098672,0.615267438244,0.529251275947,0.617431295866,0.551272413755
26,2TRX,0.5,15.0,5000,0.707170628061,0.56303581235,264.020091057,80101.0,19915.0,108.0,155064.659118,,,,,,,,okey_complete2,0.770887758718,0.608321170394,0.742311160425,0.592333603009,0.778582441652,0.616433744989,0.748481660149,0.598478256956
27,2TRX,0.5,15.0,10000,0.704514902321,0.564875445227,693.261712074,159841.0,39658.0,108.0,155064.659118,,,,,,,,okey_complete2,0.836630383907,0.692824708594,0.787406408276,0.635389421715,0.843281122824,0.702771249321,0.793313878467,0.645801017618
28,2TRX,0.5,15.0,20000,0.717565126806,0.594846831174,2162.14971495,319551.0,79353.0,108.0,155064.659118,,,,,,,,okey_complete2,0.839245793139,0.727818277287,0.804367688555,0.656446502416,0.844849423302,0.721265361994,0.809093495854,0.662803362105
29,2TRX,1.0,1.0,1000,0.647212415075,0.501725808859,26.884469986,291.0,280.0,108.0,155064.659118,,,,,,,,okey_complete2,0.472886625225,0.506157498268,0.491589268598,0.501441748123,0.481388839259,0.510195999423,0.490481011653,0.502969257426
30,2TRX,1.0,1.0,5000,0.67646585357,0.497760642561,32.9371960163,1021.0,997.0,108.0,155064.659118,,,,,,,,okey_complete2,0.516512668061,0.503916483456,0.53337600134,0.507640878622,0.515642639245,0.502581615551,0.532401617269,0.50778698563
31,2TRX,1.0,1.0,10000,0.694039492858,0.49692503231,44.4269919395,2241.0,2211.0,108.0,155064.659118,,,,,,,,okey_complete2,0.598900301916,0.534197103705,0.590071613464,0.527505011894,0.599921915841,0.533306032477,0.590334769288,0.531024325343
32,2TRX,1.0,1.0,20000,0.728776318107,0.507317251365,68.8489899635,4271.0,4190.0,108.0,155064.659118,,,,,,,,okey_complete2,0.580534117707,0.531622664924,0.585114448454,0.535275149384,0.585520020646,0.527434872306,0.585813828837,0.53540950522
33,2TRX,1.0,2.0,1000,0.673797485531,0.498192232926,33.426913023,3911.0,1044.0,108.0,155064.659118,,,,,,,,okey_complete2,0.515573573151,0.497686534101,0.501908844988,0.505853431392,0.508415222441,0.498415106777,0.495925727407,0.505779621702
34,2TRX,1.0,2.0,5000,0.72207084239,0.516087402881,84.2712340355,19121.0,5221.0,108.0,155064.659118,,,,,,,,okey_complete2,0.576909330985,0.530051574547,0.583995908657,0.531162450177,0.581253184576,0.532503259041,0.589882145859,0.536974771119
35,2TRX,1.0,2.0,10000,0.759394282141,0.532455064099,193.782970905,38371.0,10489.0,108.0,155064.659118,,,,,,,,okey_complete2,0.633186238372,0.55718252419,0.644117422753,0.55742408976,0.633105036428,0.561127039675,0.652157571186,0.562854275717
36,2TRX,1.0,2.0,20000,0.785337966596,0.563625329644,556.562804937,76641.0,20861.0,108.0,155064.659118,,,,,,,,okey_complete2,0.651858974263,0.56698177358,0.680054252171,0.563586996983,0.650799700898,0.569844068121,0.684205162819,0.56538128466
37,2TRX,1.0,3.0,1000,0.712243561488,0.503805202475,39.9440491199,7861.0,2002.0,108.0,155064.659118,,,,,,,,okey_complete2,0.574655802276,0.514759506214,0.573911105994,0.524290851586,0.572948471072,0.516485461892,0.578998008192,0.530556717373
38,2TRX,1.0,3.0,5000,0.775464330594,0.551983624801,135.670785904,38711.0,9974.0,108.0,155064.659118,,,,,,,,okey_complete2,0.654740560077,0.563807011506,0.676140858255,0.557231769621,0.657330977574,0.56495798243,0.678580456461,0.559180302416
39,2TRX,1.0,3.0,10000,0.792054398972,0.595228140937,338.556771994,76811.0,19858.0,108.0,155064.659118,,,,,,,,okey_complete2,0.661442826616,0.574331644299,0.675533736386,0.568073104159,0.664629861235,0.577101715109,0.680013763987,0.567525319992
40,2TRX,1.0,3.0,20000,0.831757962331,0.624079512955,1018.61874008,154561.0,39768.0,108.0,155064.659118,402.0,0.1523487461,5151.0,0.875034225316,0.746576087683,0.837619422841,0.62087236101,okey_complete2,0.702350279411,0.582592059621,0.723121025109,0.57011578914,0.708480071996,0.589965668154,0.729234576724,0.57562483265
41,2TRX,1.0,5.0,1000,0.716005909854,0.533357929251,51.3249528408,15301.0,3501.0,108.0,155064.659118,,,,,,,,okey_complete2,0.585305856333,0.542079698605,0.566323578011,0.554309113294,0.595089962215,0.544359530179,0.573837836407,0.545294925964
42,2TRX,1.0,5.0,5000,0.778120899154,0.599761866908,227.949018002,75391.0,17154.0,108.0,155064.659118,,,,,,,,okey_complete2,0.738494965823,0.592118936781,0.703347693909,0.568025587937,0.742916509506,0.602227881504,0.710833184444,0.575379691258
43,2TRX,1.0,5.0,10000,0.774629096,0.612016800028,610.25672102,150541.0,34137.0,108.0,155064.659118,,,,,,,,okey_complete2,0.714362619237,0.58763695577,0.72955561969,0.582178147466,0.723162540779,0.595341513768,0.737561789054,0.587987207511
44,2TRX,1.0,5.0,20000,0.817505876562,0.660634399142,1955.46032619,302381.0,68564.0,108.0,155064.659118,402.0,0.118924380762,5151.0,0.875034225316,0.746576087683,0.840259213664,0.676708173974,okey_complete2,0.779759813018,0.632466520777,0.769287708474,0.596196284692,0.791110317035,0.64172472831,0.778246282731,0.604232981405
45,2TRX,1.0,7.0,1000,0.726322869161,0.553754360875,60.4270710945,20211.0,4567.0,108.0,155064.659118,,,,,,,,okey_complete2,0.624071933474,0.545267063462,0.608336112237,0.552650182817,0.628750851978,0.550207905953,0.616864854849,0.559074180617
46,2TRX,1.0,7.0,5000,0.761419578539,0.592967735869,314.372126102,101031.0,22793.0,108.0,155064.659118,,,,,,,,okey_complete2,0.728722696339,0.606451297308,0.728676339743,0.582825283573,0.733977858509,0.609741789691,0.734488714192,0.591828231344
47,2TRX,1.0,7.0,10000,0.770523719904,0.618031828653,887.024616003,201741.0,45637.0,108.0,155064.659118,,,,,,,,okey_complete2,0.767052124254,0.614627266082,0.755086141023,0.585935181428,0.769660995639,0.619755511528,0.760063261403,0.591556422433
48,2TRX,1.0,7.0,20000,0.775847813683,0.639825474624,4077.63565683,403281.0,91198.0,108.0,155064.659118,,,,,,,,okey_complete2,0.791263725665,0.641304513662,0.767629338641,0.595411706885,0.800536001429,0.65897879657,0.779074768891,0.601902142581
49,2TRX,1.0,10.0,1000,0.734875806263,0.555705558356,68.3596508503,23871.0,5465.0,108.0,155064.659118,,,,,,,,okey_complete2,0.64028627441,0.554332451276,0.62096604155,0.558626567123,0.639809686406,0.549868563576,0.621894004063,0.556947968796
50,2TRX,1.0,10.0,5000,0.750987995715,0.590218457345,390.109176874,117681.0,27227.0,108.0,155064.659118,,,,,,,,okey_complete2,0.751932397129,0.608669962395,0.746555779696,0.579449473253,0.761276874516,0.617384603017,0.754728392856,0.581843269023
51,2TRX,1.0,10.0,10000,0.772880244553,0.605675458922,1142.66444087,236001.0,54501.0,108.0,155064.659118,,,,,,,,okey_complete2,0.78920310021,0.626132856922,0.776935051418,0.596354435758,0.799951031968,0.635795599557,0.789773622112,0.60462180523
52,2TRX,1.0,10.0,20000,0.73893482726,0.627754710239,3746.92100787,471591.0,109071.0,108.0,155064.659118,,,,,,,,okey_complete2,0.807775646039,0.675938232896,0.790100324646,0.610328187726,0.816126363991,0.667994686683,0.800677611684,0.62227572889
53,2TRX,1.0,15.0,1000,0.718035420352,0.561569286758,74.3255121708,25501.0,6029.0,108.0,155064.659118,,,,,,,,okey_complete2,0.666960756899,0.5559120321,0.653293037987,0.552220376268,0.666464177238,0.551834543861,0.649402126801,0.549157456342
54,2TRX,1.0,15.0,5000,0.720651533553,0.564301937848,442.430361032,126601.0,30095.0,108.0,155064.659118,,,,,,,,okey_complete2,0.753344030242,0.614740329384,0.744044298961,0.579193625801,0.755834805683,0.61672631065,0.747960216783,0.583126536441
55,2TRX,1.0,15.0,10000,0.747377354944,0.602963402106,1299.3872292,252281.0,59971.0,108.0,155064.659118,,,,,,,,okey_complete2,0.777806854496,0.641757243297,0.766742581823,0.609092149528,0.78474976674,0.651793275382,0.776807681364,0.613962974182
56,2TRX,1.0,15.0,20000,0.763202985605,0.618374258857,4376.80501008,507841.0,120705.0,108.0,155064.659118,,,,,,,,okey_complete2,0.830545706856,0.705173771133,0.805374075298,0.625685265218,0.839359709897,0.720133472477,0.812746246336,0.636190364974
57,2TRX,2.0,1.0,1000,0.518877903199,0.498105376261,21.9594039917,11.0,11.0,108.0,155064.659118,,,,,,,,okey_complete2,0.479618799245,0.493064323722,0.477315175505,0.495774492347,0.482918097658,0.493059723565,0.48300875469,0.494765713351
58,2TRX,2.0,1.0,5000,0.589101663474,0.498191683473,22.9168848991,31.0,31.0,108.0,155064.659118,,,,,,,,okey_complete2,0.506391228734,0.499090269719,0.52218761262,0.495117650263,0.497001038916,0.498099995762,0.51446475956,0.492967398971
59,2TRX,2.0,1.0,10000,0.586403796735,0.495763653034,23.7423698902,51.0,51.0,108.0,155064.659118,,,,,,,,okey_complete2,0.508009971154,0.504912716659,0.506682078989,0.500382993638,0.499687663365,0.50228375641,0.502450386781,0.499691226413
60,2TRX,2.0,1.0,20000,0.614804301416,0.489404930463,34.8470699787,111.0,111.0,108.0,155064.659118,,,,,,,,okey_complete2,0.526407558219,0.520536194169,0.526127923269,0.50744934166,0.52623363045,0.521053914989,0.524137269304,0.508892654436
61,2TRX,2.0,2.0,1000,0.677827850649,0.491927047672,32.7427198887,2221.0,970.0,108.0,155064.659118,,,,,,,,okey_complete2,0.544886643169,0.507125959086,0.551714521129,0.512471434595,0.546385960733,0.505349997862,0.555172413793,0.511050359959
62,2TRX,2.0,2.0,5000,0.741058733596,0.507937553932,89.5889139175,10341.0,4820.0,108.0,155064.659118,,,,,,,,okey_complete2,0.60400251821,0.521406906436,0.672635701458,0.537846624798,0.627161376134,0.528658919107,0.68317286377,0.541668364236
63,2TRX,2.0,2.0,10000,0.765839326486,0.531060770327,223.924802065,20981.0,9644.0,108.0,155064.659118,,,,,,,,okey_complete2,0.614464155136,0.538936944488,0.68058062384,0.558933026215,0.62511530648,0.548969181971,0.687036044442,0.564494799608
64,2TRX,2.0,2.0,20000,0.791515837009,0.553680995928,678.706599951,41681.0,19213.0,108.0,155064.659118,,,,,,,,okey_complete2,0.597864007692,0.537182526205,0.723388697066,0.562998604783,0.618168463264,0.552431546376,0.728754160628,0.565668545121
65,2TRX,2.0,3.0,1000,0.688884805894,0.493443812686,36.326540947,5371.0,1357.0,108.0,155064.659118,,,,,,,,okey_complete2,0.52539518998,0.5080392871,0.546487441101,0.516154587908,0.525895486339,0.505749592773,0.552105294503,0.519724751797
66,2TRX,2.0,3.0,5000,0.757455796199,0.523256884917,117.299087048,26351.0,6524.0,108.0,155064.659118,,,,,,,,okey_complete2,0.586837119371,0.530256516541,0.644066580035,0.533800307302,0.589593631509,0.533028262275,0.653310305124,0.538447021713
67,2TRX,2.0,3.0,10000,0.794088123571,0.551777026611,307.201478004,52671.0,13094.0,108.0,155064.659118,,,,,,,,okey_complete2,0.597337636023,0.53644314419,0.697038710748,0.559154184155,0.596619882344,0.537078570836,0.704180149419,0.565422280661
68,2TRX,2.0,3.0,20000,0.821617152398,0.579961166331,966.413602829,104821.0,26078.0,108.0,155064.659118,402.0,0.135064789868,5151.0,0.875034225316,0.746576087683,0.810021799698,0.563902425398,okey_complete2,0.624756814793,0.555064159452,0.726388417431,0.560453438678,0.623895076066,0.554124638885,0.733993740033,0.566921124801
69,2TRX,2.0,5.0,1000,0.718658264313,0.505979610622,46.1015470028,11641.0,2598.0,108.0,155064.659118,,,,,,,,okey_complete2,0.594839613655,0.536026575454,0.614369198883,0.537493184006,0.590522038923,0.536903018825,0.616639204865,0.539296813028
70,2TRX,2.0,5.0,5000,0.787392761693,0.582646156507,200.295032978,58051.0,12967.0,108.0,155064.659118,,,,,,,,okey_complete2,0.60891930812,0.550419446865,0.678134191877,0.569751728974,0.616238858118,0.552820187741,0.684742487708,0.574173772588
71,2TRX,2.0,5.0,10000,0.819081949915,0.612128343327,545.346505165,116031.0,25916.0,108.0,155064.659118,402.0,0.134552943305,5151.0,0.875034225316,0.746576087683,0.824187423058,0.593985019687,okey_complete2,0.62555833529,0.569774650557,0.714506175147,0.573831876575,0.624816204448,0.571905163202,0.723505317002,0.581863942865
72,2TRX,2.0,5.0,20000,0.847608034771,0.679937272209,1749.61384511,231491.0,51551.0,108.0,155064.659118,402.0,0.140265060136,5151.0,0.875034225316,0.746576087683,0.864214845113,0.664593949581,okey_complete2,0.655501705474,0.585775285191,0.752807190955,0.599957321233,0.658297103607,0.592468180992,0.760739549626,0.602967314326
73,2TRX,2.0,7.0,1000,0.730310250461,0.523722872352,55.7413611412,17951.0,3770.0,108.0,155064.659118,,,,,,,,okey_complete2,0.584767521672,0.534657813153,0.613548986211,0.558119358433,0.587681231347,0.538105112009,0.619348989869,0.558252637847
74,2TRX,2.0,7.0,5000,0.785228399999,0.602908544315,285.94261694,89371.0,18781.0,108.0,155064.659118,,,,,,,,okey_complete2,0.608467705154,0.554922694948,0.702934970668,0.585285425943,0.612372368795,0.554398730238,0.710313064539,0.58680175959
75,2TRX,2.0,7.0,10000,0.8175876301,0.663624862977,816.614897966,178531.0,37435.0,108.0,155064.659118,402.0,0.135981848502,5151.0,0.875034225316,0.746576087683,0.832094254954,0.648809915493,okey_complete2,0.641920718258,0.575495530666,0.749142029133,0.594746252987,0.642517486219,0.57861573997,0.755281599269,0.603831018059
76,2TRX,2.0,7.0,20000,0.835133456329,0.699989138389,2688.82991195,357741.0,74982.0,108.0,155064.659118,402.0,0.136735981381,5151.0,0.875034225316,0.746576087683,0.864804252091,0.702989974022,okey_complete2,0.684748231346,0.599836923377,0.775693890948,0.605744359948,0.683404469325,0.597691506233,0.783511007881,0.611883986318
77,2TRX,2.0,10.0,1000,0.75709844053,0.540526087444,70.2715041637,26711.0,5386.0,108.0,155064.659118,,,,,,,,okey_complete2,0.641179012724,0.551156818354,0.647347430723,0.563792749356,0.645141246303,0.553216858279,0.655733560969,0.571308494317
78,2TRX,2.0,10.0,5000,0.792941045586,0.611130005632,434.591796875,133101.0,26887.0,108.0,155064.659118,,,,,,,,okey_complete2,0.657671493236,0.584169622076,0.740752980654,0.591495007582,0.671705080102,0.581910012101,0.75039406031,0.593553239492
79,2TRX,2.0,10.0,10000,0.809529428324,0.652791980251,1282.54212189,266581.0,53727.0,108.0,155064.659118,402.0,0.115599837897,5151.0,0.875034225316,0.746576087683,0.836427023265,0.65614902109,okey_complete2,0.672115311285,0.597370014761,0.763505096982,0.600270874549,0.672168291214,0.596517968823,0.771876468214,0.603936816165
80,2TRX,2.0,10.0,20000,0.818116078224,0.721931758508,4359.02553701,532071.0,107088.0,108.0,155064.659118,402.0,0.103133938228,5151.0,0.875034225316,0.746576087683,0.85425344918,0.721751925239,okey_complete2,0.706069274699,0.617512023607,0.794015213936,0.611106525736,0.713646861083,0.624359213416,0.804587113467,0.617622622435
81,2TRX,2.0,15.0,1000,0.74520709351,0.556791067862,93.2486419678,37591.0,7640.0,108.0,155064.659118,,,,,,,,okey_complete2,0.554747139723,0.532653771197,0.632228451286,0.538032951777,0.564054155996,0.53498094078,0.637592228641,0.54028379433
82,2TRX,2.0,15.0,5000,0.784626626537,0.611450665595,675.108433962,187921.0,38146.0,108.0,155064.659118,,,,,,,,okey_complete2,0.641355466863,0.578315390261,0.737614190502,0.597350469576,0.638120951039,0.577683677425,0.74102660817,0.600447189977
83,2TRX,2.0,15.0,10000,0.789952405956,0.643019725728,2139.33909011,377591.0,76573.0,108.0,155064.659118,,,,,,,,okey_complete2,0.661045057116,0.597066949019,0.768804702652,0.599887171413,0.665576135364,0.600927280792,0.774684851011,0.610576625039
84,2TRX,2.0,15.0,20000,0.813824438914,0.678597013173,7391.79919004,753151.0,152966.0,108.0,155064.659118,402.0,0.104962822959,5151.0,0.875034225316,0.746576087683,0.843203113407,0.696249001628,okey_complete2,0.715606770456,0.611162645542,0.796452673654,0.613715302905,0.714971644863,0.627455268159,0.802752797464,0.621776891597
85,2TRX,3.0,1.0,1000,0.5,0.5,25.7795870304,1.0,1.0,108.0,155064.659118,,,,,,,,okey_complete2,0.518979287574,0.511972308044,0.489749958503,0.5,0.495827129613,0.513227202327,0.487216035045,0.5
86,2TRX,3.0,1.0,5000,0.5,0.5,25.8817739487,1.0,1.0,108.0,155064.659118,,,,,,,,okey_complete2,0.518979287574,0.511972308044,0.489749958503,0.5,0.495827129613,0.513227202327,0.487216035045,0.5
87,2TRX,3.0,1.0,10000,0.5,0.5,26.4160509109,1.0,1.0,108.0,155064.659118,,,,,,,,okey_complete2,0.518979287574,0.511972308044,0.489749958503,0.5,0.495827129613,0.513227202327,0.487216035045,0.5
88,2TRX,3.0,1.0,20000,0.5,0.5,27.6937520504,1.0,1.0,108.0,155064.659118,,,,,,,,okey_complete2,0.518979287574,0.511972308044,0.489749958503,0.5,0.495827129613,0.513227202327,0.487216035045,0.5
89,2TRX,3.0,2.0,1000,0.671434218322,0.486373378605,31.1303830147,1051.0,711.0,108.0,155064.659118,,,,,,,,okey_complete2,0.523416810098,0.495085266264,0.557227217602,0.509723320152,0.521556521682,0.490668157879,0.557829922114,0.511469051989
90,2TRX,3.0,2.0,5000,0.730033805509,0.50128478241,73.3351151943,5221.0,3539.0,108.0,155064.659118,,,,,,,,okey_complete2,0.550645328676,0.51182752322,0.638760245182,0.535749710871,0.570217510703,0.511587274529,0.645183597033,0.539907405829
91,2TRX,3.0,2.0,10000,0.764754617179,0.523589139463,164.550437927,10291.0,6916.0,108.0,155064.659118,,,,,,,,okey_complete2,0.585279687287,0.528330948435,0.675329617827,0.553440125555,0.611165372984,0.532714791421,0.680019719559,0.557921561805
92,2TRX,3.0,2.0,20000,0.790911535087,0.548353019373,478.731782913,19711.0,13147.0,108.0,155064.659118,,,,,,,,okey_complete2,0.597881204494,0.546800947626,0.740792608067,0.57148620942,0.614230507084,0.554625596049,0.748966708356,0.576188210641
93,2TRX,3.0,3.0,1000,0.686431356949,0.489593169153,34.3505921364,3781.0,1015.0,108.0,155064.659118,,,,,,,,okey_complete2,0.562785522985,0.499219293591,0.590533684048,0.516719774609,0.557341565257,0.497895929113,0.589259457778,0.515538252265
94,2TRX,3.0,3.0,5000,0.756156167799,0.513068280175,118.883941889,18811.0,5079.0,108.0,155064.659118,,,,,,,,okey_complete2,0.587886871962,0.532324887994,0.682653212288,0.54407664326,0.588910725984,0.534019037584,0.690932311622,0.552247227202
95,2TRX,3.0,3.0,10000,0.7765869668,0.534809492089,327.160604,37151.0,10157.0,108.0,155064.659118,,,,,,,,okey_complete2,0.558179770879,0.523718227306,0.701536795922,0.549634087381,0.558571721623,0.526051672778,0.708511835044,0.55630122893
96,2TRX,3.0,3.0,20000,0.820874628,0.560559975373,1072.37649512,74131.0,20184.0,108.0,155064.659118,402.0,0.120825476808,5151.0,0.875034225316,0.746576087683,0.799328870282,0.54510914829,okey_complete2,0.638247331879,0.542152167272,0.778135089102,0.570986314758,0.63883231096,0.544262199158,0.783122572277,0.574976236311
97,2TRX,3.0,5.0,1000,0.715217873178,0.496110397201,43.5569300652,9421.0,2029.0,108.0,155064.659118,,,,,,,,okey_complete2,0.535194376197,0.519867637126,0.605161433107,0.53715858849,0.542224339759,0.52205270233,0.610222407507,0.538025865704
98,2TRX,3.0,5.0,5000,0.784077950734,0.549391695719,193.665197849,46341.0,10052.0,108.0,155064.659118,,,,,,,,okey_complete2,0.5806844028,0.547963117247,0.699592061956,0.561599468558,0.583745922088,0.545693185179,0.708386768044,0.568510099112
99,2TRX,3.0,5.0,10000,0.820647909427,0.57320564334,560.298588037,92861.0,20101.0,108.0,155064.659118,402.0,0.135667908736,5151.0,0.875034225316,0.746576087683,0.823179996948,0.563511849977,okey_complete2,0.613930306597,0.550077449044,0.740578021889,0.57543651071,0.612607283002,0.551211284167,0.748659003831,0.582601305712
100,2TRX,3.0,5.0,20000,0.863705896284,0.652362882689,1845.57529378,185781.0,40107.0,108.0,155064.659118,402.0,0.139718582906,5151.0,0.875034225316,0.746576087683,0.863200103669,0.62631574032,okey_complete2,0.674138552388,0.574916684066,0.78535101663,0.592071302481,0.675192398044,0.571769926502,0.79088268186,0.596133089914
101,2TRX,3.0,7.0,1000,0.724076753929,0.515250088197,51.3002698421,14891.0,2987.0,108.0,155064.659118,,,,,,,,okey_complete2,0.562359341377,0.523128558805,0.629736410414,0.537280538639,0.56908264348,0.525799969147,0.638634453642,0.540150401753
102,2TRX,3.0,7.0,5000,0.803087755259,0.572558848623,264.794114828,74571.0,14989.0,108.0,155064.659118,402.0,0.126016245074,5151.0,0.875034225316,0.746576087683,0.805577211269,0.557524275473,okey_complete2,0.610311501371,0.547018097885,0.738162992782,0.576877288132,0.607505343471,0.548837740987,0.742535352934,0.583299111321
103,2TRX,3.0,7.0,10000,0.836486182388,0.630894014463,812.786478996,149371.0,29895.0,108.0,155064.659118,402.0,0.144620361822,5151.0,0.875034225316,0.746576087683,0.848728281293,0.613113795212,okey_complete2,0.659973621602,0.56450502272,0.772986516212,0.594031517613,0.656335073684,0.569831894716,0.778812062017,0.602699903507
104,2TRX,3.0,7.0,20000,0.867844985179,0.720531526741,2563.69135594,297711.0,59439.0,108.0,155064.659118,402.0,0.130357243883,5151.0,0.875034225316,0.746576087683,0.88633537257,0.700125987675,okey_complete2,0.699027558249,0.600708353129,0.800533549465,0.612243179561,0.699717441222,0.603473237033,0.806711267279,0.618482422069
105,2TRX,3.0,10.0,1000,0.751669837074,0.522776590094,62.1954188347,23351.0,4440.0,108.0,155064.659118,,,,,,,,okey_complete2,0.574037465102,0.527921141781,0.64164332637,0.549461057488,0.570986441149,0.529786173268,0.642923126807,0.552390171638
106,2TRX,3.0,10.0,5000,0.812904922321,0.609393537357,375.793298006,116211.0,22044.0,108.0,155064.659118,402.0,0.149082316352,5151.0,0.875034225316,0.746576087683,0.826547141063,0.602311795794,okey_complete2,0.614856690827,0.561180779362,0.748073584367,0.597847433784,0.618756741376,0.55899471812,0.755376226682,0.603086743122
107,2TRX,3.0,10.0,10000,0.837623146534,0.658682204799,1129.73733997,232121.0,43918.0,108.0,155064.659118,402.0,0.136009198082,5151.0,0.875034225316,0.746576087683,0.857232880549,0.656818725525,okey_complete2,0.664847793351,0.590983698289,0.785877388299,0.602026994762,0.666419179587,0.588413641293,0.790766217352,0.61015176285
108,2TRX,3.0,10.0,20000,0.862214104929,0.728252476356,3859.23818302,463981.0,87419.0,108.0,155064.659118,402.0,0.115918060386,5151.0,0.875034225316,0.746576087683,0.88941512853,0.747402530096,okey_complete2,0.708461873195,0.622380940506,0.807851910116,0.635701164641,0.702879187925,0.618007698852,0.814434981703,0.638572744458
109,2TRX,3.0,15.0,1000,0.7481982616,0.544219977554,84.8347921371,36591.0,6726.0,108.0,155064.659118,,,,,,,,okey_complete2,0.567190894966,0.537540006655,0.656583608607,0.552237823321,0.570703882371,0.53792568862,0.663878135774,0.556542874355
110,2TRX,3.0,15.0,5000,0.820449846733,0.663292829232,609.95570302,183171.0,33576.0,108.0,155064.659118,402.0,0.118131955754,5151.0,0.875034225316,0.746576087683,0.838046847404,0.659967346121,okey_complete2,0.638337802009,0.584263598571,0.765001966417,0.612244939427,0.646143767494,0.582946546296,0.773401094502,0.619066798087
111,2TRX,3.0,15.0,10000,0.831994794744,0.691486526407,1944.76171899,366721.0,67291.0,108.0,155064.659118,402.0,0.111043470099,5151.0,0.875034225316,0.746576087683,0.860486114449,0.701951172495,okey_complete2,0.686268279079,0.62016896439,0.796457907463,0.623669225573,0.683483215214,0.619943549502,0.802537735162,0.628560474439
112,2TRX,3.0,15.0,20000,0.831625639595,0.721106222022,6707.30511212,733171.0,134082.0,108.0,155064.659118,402.0,0.0961236109148,5151.0,0.875034225316,0.746576087683,0.85767598083,0.736777261252,okey_complete2,0.719738488984,0.624204654515,0.810542088051,0.635750785561,0.722614628207,0.645819064676,0.81653398977,0.641929108146
113,2TRX,5.0,1.0,1000,0.5,0.5,24.4183478355,1.0,1.0,108.0,155064.659118,,,,,,,,okey_complete2,0.518979287574,0.511972308044,0.489749958503,0.5,0.495827129613,0.513227202327,0.487216035045,0.5
114,2TRX,5.0,1.0,5000,0.5,0.5,24.9388239384,1.0,1.0,108.0,155064.659118,,,,,,,,okey_complete2,0.518979287574,0.511972308044,0.489749958503,0.5,0.495827129613,0.513227202327,0.487216035045,0.5
115,2TRX,5.0,1.0,10000,0.5,0.5,24.9733059406,1.0,1.0,108.0,155064.659118,,,,,,,,okey_complete2,0.518979287574,0.511972308044,0.489749958503,0.5,0.495827129613,0.513227202327,0.487216035045,0.5
116,2TRX,5.0,1.0,20000,0.5,0.5,27.3553698063,1.0,1.0,108.0,155064.659118,,,,,,,,okey_complete2,0.518979287574,0.511972308044,0.489749958503,0.5,0.495827129613,0.513227202327,0.487216035045,0.5
117,2TRX,5.0,2.0,1000,0.654538206294,0.49034128941,25.6103799343,151.0,138.0,108.0,155064.659118,,,,,,,,okey_complete2,0.527461796931,0.504979871183,0.524497217857,0.503086676827,0.532833065333,0.505080675108,0.532106485617,0.502130883969
118,2TRX,5.0,2.0,5000,0.685881838325,0.493260296145,30.4810249805,661.0,579.0,108.0,155064.659118,,,,,,,,okey_complete2,0.575485734879,0.508538368373,0.596325267784,0.526031365384,0.584240234517,0.512178128133,0.59933826984,0.529178984104
119,2TRX,5.0,2.0,10000,0.707919052198,0.496181074243,37.2835941315,1211.0,1035.0,108.0,155064.659118,,,,,,,,okey_complete2,0.608996319884,0.514073586699,0.648512327116,0.531975793105,0.611780120303,0.515726667525,0.652528140075,0.532419086521
120,2TRX,5.0,2.0,20000,0.722016901912,0.502427734942,57.0473279953,2591.0,2086.0,108.0,155064.659118,,,,,,,,okey_complete2,0.602242462941,0.528091788724,0.636854390942,0.532753206611,0.609591116934,0.529198029985,0.640493915391,0.538022347471
121,2TRX,5.0,3.0,1000,0.695839756324,0.493370820273,32.8522138596,1751.0,834.0,108.0,155064.659118,,,,,,,,okey_complete2,0.57733850334,0.514614866331,0.576305199864,0.535254812505,0.584547939041,0.51679882901,0.58106260629,0.535998955933
122,2TRX,5.0,3.0,5000,0.741814743113,0.512950192359,94.6123399734,8021.0,3677.0,108.0,155064.659118,,,,,,,,okey_complete2,0.59880609335,0.529851844643,0.68363193461,0.549514090877,0.612578166875,0.529755794164,0.691361774496,0.55496561202
123,2TRX,5.0,3.0,10000,0.781772838104,0.532307676112,235.200016975,16211.0,6996.0,108.0,155064.659118,,,,,,,,okey_complete2,0.647772864643,0.545316032541,0.748223121773,0.565125054491,0.651725461391,0.546370097151,0.748958767594,0.569942826474
124,2TRX,5.0,3.0,20000,0.81096475074,0.556029554304,667.608189106,32811.0,13045.0,108.0,155064.659118,402.0,0.110629791628,5151.0,0.875034225316,0.746576087683,0.784209118251,0.536635325842,okey_complete2,0.654040725017,0.556433934263,0.774639652236,0.582271799508,0.651337687518,0.558109035998,0.777104136475,0.587543216954
125,2TRX,5.0,5.0,1000,0.706422203924,0.49834630421,39.7395458221,6491.0,1361.0,108.0,155064.659118,,,,,,,,okey_complete2,0.596987718493,0.519190324389,0.635816601344,0.536084975033,0.600813928096,0.523074783935,0.637113797736,0.539606936448
126,2TRX,5.0,5.0,5000,0.776227925491,0.536995512134,197.54457283,31431.0,6468.0,108.0,155064.659118,,,,,,,,okey_complete2,0.601211402526,0.536289111378,0.710491843482,0.562017058085,0.601883284034,0.538017227762,0.713795750369,0.56483777797
127,2TRX,5.0,5.0,10000,0.817679497477,0.560295482965,594.975929976,63021.0,12789.0,108.0,155064.659118,402.0,0.117247155579,5151.0,0.875034225316,0.746576087683,0.803596845628,0.546318310529,okey_complete2,0.654620930153,0.547239590521,0.763686037244,0.573433718506,0.648879359975,0.54928218813,0.767458095938,0.578089871092
128,2TRX,5.0,5.0,20000,0.850369113008,0.599005209216,1953.46535707,125721.0,25038.0,108.0,155064.659118,402.0,0.129423539404,5151.0,0.875034225316,0.746576087683,0.836364320395,0.574834966576,okey_complete2,0.69538931316,0.576472209644,0.8003182156,0.586981841391,0.690442631304,0.573123077856,0.80385523991,0.592587062622
129,2TRX,5.0,7.0,1000,0.718831042408,0.502886063995,47.1464998722,11041.0,2066.0,108.0,155064.659118,,,,,,,,okey_complete2,0.567364358357,0.523045732432,0.631339451407,0.547653080725,0.575911698727,0.526491546346,0.640703022122,0.549687868385
130,2TRX,5.0,7.0,5000,0.798362906482,0.557933809605,282.214679003,54701.0,10135.0,108.0,155064.659118,,,,,,,,okey_complete2,0.630106515494,0.539262059384,0.743725036599,0.565757404007,0.630964339362,0.546522050912,0.747274002607,0.570769010268
131,2TRX,5.0,7.0,10000,0.836458369329,0.587895388817,860.250041962,110111.0,20182.0,108.0,155064.659118,402.0,0.134237629878,5151.0,0.875034225316,0.746576087683,0.836234734464,0.579054134819,okey_complete2,0.675455976935,0.561941769233,0.792525821372,0.595275343913,0.671938009119,0.565493208644,0.796543121646,0.599751277108
132,2TRX,5.0,7.0,20000,0.872544549357,0.654261773807,2876.82649922,220211.0,39923.0,108.0,155064.659118,402.0,0.133516644444,5151.0,0.875034225316,0.746576087683,0.878282233978,0.6359537463,okey_complete2,0.702457946343,0.579271248692,0.810166749161,0.607649538484,0.697324624964,0.579101714283,0.815608891006,0.61599678783
133,2TRX,5.0,10.0,1000,0.738727493546,0.515129206266,56.2952058315,18071.0,3126.0,108.0,155064.659118,,,,,,,,okey_complete2,0.581953975377,0.522230396551,0.653097891672,0.554447973938,0.588384650507,0.524914926187,0.662942449328,0.555200436779
134,2TRX,5.0,10.0,5000,0.810426188777,0.578869244359,374.961225986,90401.0,15411.0,108.0,155064.659118,402.0,0.131521080515,5151.0,0.875034225316,0.746576087683,0.816882538714,0.569203568689,okey_complete2,0.630330073916,0.550718957158,0.75892626161,0.582137985457,0.628659533216,0.551631077602,0.763664396932,0.586530540176
135,2TRX,5.0,10.0,10000,0.846712117138,0.633366815575,1167.13074088,181541.0,30785.0,108.0,155064.659118,402.0,0.131506805121,5151.0,0.875034225316,0.746576087683,0.854333917863,0.617746812969,okey_complete2,0.694857707681,0.581422568936,0.806615983455,0.61842632753,0.689282618334,0.583662703677,0.810103957808,0.624366758238
136,2TRX,5.0,10.0,20000,0.885502063645,0.725112022967,4031.09050798,363141.0,61100.0,108.0,155064.659118,402.0,0.125679533419,5151.0,0.875034225316,0.746576087683,0.897741024607,0.715675656738,okey_complete2,0.726219440162,0.631043185044,0.82584425081,0.637936535454,0.720422977918,0.62670289441,0.830771775885,0.645431774905
137,2TRX,5.0,15.0,1000,0.761572128955,0.538357907481,73.78657794,30031.0,4853.0,108.0,155064.659118,,,,,,,,okey_complete2,0.60681980294,0.54581285896,0.708959832757,0.575343368838,0.604573878864,0.546349132247,0.710383207935,0.578209387178
138,2TRX,5.0,15.0,5000,0.83213470286,0.620422722641,541.036851168,149961.0,24245.0,108.0,155064.659118,402.0,0.120332144019,5151.0,0.875034225316,0.746576087683,0.842712985973,0.615963249313,okey_complete2,0.653847074076,0.57636131219,0.789437873937,0.61068102919,0.648823774641,0.576579800477,0.792730232466,0.612996594313
139,2TRX,5.0,15.0,10000,0.861395726734,0.688839639244,1745.03132987,300271.0,48441.0,108.0,155064.659118,402.0,0.11905290391,5151.0,0.875034225316,0.746576087683,0.880463248803,0.688445702877,okey_complete2,0.691915559218,0.592786352063,0.81063779199,0.620111167541,0.687660717713,0.592856945403,0.815677710943,0.626127354041
140,2TRX,5.0,15.0,20000,0.878025407651,0.744470926192,6104.31786799,601011.0,96331.0,108.0,155064.659118,402.0,0.111773794219,5151.0,0.875034225316,0.746576087683,0.899597029556,0.752202350577,okey_complete2,0.729187757672,0.652761099172,0.83386543727,0.656476023397,0.72320886189,0.654511984597,0.839301477643,0.667274276849
141,2TRX,7.0,1.0,1000,0.5,0.5,24.067895174,1.0,1.0,108.0,155064.659118,,,,,,,,okey_complete2,0.518979287574,0.511972308044,0.489749958503,0.5,0.495827129613,0.513227202327,0.487216035045,0.5
142,2TRX,7.0,1.0,5000,0.5,0.5,25.008409977,1.0,1.0,108.0,155064.659118,,,,,,,,okey_complete2,0.518979287574,0.511972308044,0.489749958503,0.5,0.495827129613,0.513227202327,0.487216035045,0.5
143,2TRX,7.0,1.0,10000,0.5,0.5,25.3596630096,1.0,1.0,108.0,155064.659118,,,,,,,,okey_complete2,0.518979287574,0.511972308044,0.489749958503,0.5,0.495827129613,0.513227202327,0.487216035045,0.5
144,2TRX,7.0,1.0,20000,0.5,0.5,26.8040211201,1.0,1.0,108.0,155064.659118,,,,,,,,okey_complete2,0.518979287574,0.511972308044,0.489749958503,0.5,0.495827129613,0.513227202327,0.487216035045,0.5
145,2TRX,7.0,2.0,1000,0.578204844024,0.492227342185,24.4362039566,11.0,11.0,108.0,155064.659118,,,,,,,,okey_complete2,0.497408516753,0.503072627214,0.520056704584,0.50440363335,0.506058801342,0.502112565354,0.521940986904,0.509461413122
146,2TRX,7.0,2.0,5000,0.620482379584,0.493356837369,25.8434920311,41.0,40.0,108.0,155064.659118,,,,,,,,okey_complete2,0.545642554757,0.522738519578,0.533094871017,0.522654151105,0.544414004857,0.517134891005,0.530618916218,0.519938170685
147,2TRX,7.0,2.0,10000,0.619014187189,0.49534471116,27.6905930042,61.0,60.0,108.0,155064.659118,,,,,,,,okey_complete2,0.508077262987,0.502976331575,0.514293532956,0.501589811197,0.503094911957,0.504788312311,0.514528285656,0.499989639751
148,2TRX,7.0,2.0,20000,0.665286689428,0.49334609863,32.2196929455,181.0,169.0,108.0,155064.659118,,,,,,,,okey_complete2,0.545404042594,0.511038941066,0.565560189554,0.513629603945,0.533652949,0.513034743486,0.561233200326,0.51298550592
149,2TRX,7.0,3.0,1000,0.679995583623,0.490516694166,28.0976719856,551.0,352.0,108.0,155064.659118,,,,,,,,okey_complete2,0.595984322498,0.516425072447,0.591883259138,0.526667815578,0.593916714642,0.515381596129,0.594119865801,0.52904719386
150,2TRX,7.0,3.0,5000,0.718280680965,0.506289137484,43.2251050472,2521.0,1328.0,108.0,155064.659118,,,,,,,,okey_complete2,0.626122091311,0.522654996788,0.645817663059,0.55339352625,0.628613212104,0.525018401433,0.646986811718,0.555699122225
151,2TRX,7.0,3.0,10000,0.742135857523,0.509714339368,70.5935518742,5121.0,2383.0,108.0,155064.659118,,,,,,,,okey_complete2,0.615624565407,0.531737744011,0.663703832195,0.547490555666,0.623116219668,0.53378432199,0.664392961838,0.550751505637
152,2TRX,7.0,3.0,20000,0.763367335501,0.52610844062,132.228888035,9751.0,3940.0,108.0,155064.659118,,,,,,,,okey_complete2,0.618632510329,0.53846039017,0.696441308811,0.56593299334,0.629719624931,0.541605082879,0.702220766416,0.569660813757
153,2TRX,7.0,5.0,1000,0.709591207028,0.498742325023,36.7087249756,4031.0,967.0,108.0,155064.659118,,,,,,,,okey_complete2,0.605159937733,0.526470605326,0.617115453345,0.533896549911,0.610210496364,0.523563626699,0.618748138884,0.540795679507
154,2TRX,7.0,5.0,5000,0.768902977093,0.528209793333,165.230649948,20471.0,4488.0,108.0,155064.659118,,,,,,,,okey_complete2,0.620580235043,0.530439002694,0.715379473598,0.555894888629,0.621815258174,0.533777581602,0.719675222838,0.560183803477
155,2TRX,7.0,5.0,10000,0.798597210434,0.548285325816,447.569324017,40301.0,8649.0,108.0,155064.659118,,,,,,,,okey_complete2,0.665623892489,0.556457958603,0.759297114377,0.573028085669,0.662915318391,0.552666546579,0.763677631535,0.577421137639
156,2TRX,7.0,5.0,20000,0.839771494649,0.576505729874,1356.45579815,81661.0,16412.0,108.0,155064.659118,402.0,0.112900703397,5151.0,0.875034225316,0.746576087683,0.821012567745,0.558583157634,okey_complete2,0.721087316387,0.56706171703,0.802114159847,0.592672403593,0.716354660896,0.566223080768,0.804908714324,0.59598689921
157,2TRX,7.0,7.0,1000,0.730078474968,0.498744798925,40.8277001381,8391.0,1530.0,108.0,155064.659118,,,,,,,,okey_complete2,0.611874167264,0.540162294815,0.648319423862,0.552891226763,0.605488389944,0.539989809928,0.64724356302,0.555256375807
158,2TRX,7.0,7.0,5000,0.783945627998,0.540910454598,301.616216898,41641.0,7182.0,108.0,155064.659118,,,,,,,,okey_complete2,0.608328635366,0.538824375003,0.724625371414,0.567880035041,0.610164175253,0.538925793462,0.732633222824,0.5736881278
159,2TRX,7.0,7.0,10000,0.821091232734,0.567784456386,853.107823133,82911.0,13860.0,108.0,155064.659118,402.0,0.12084442681,5151.0,0.875034225316,0.746576087683,0.814269919134,0.559321808668,okey_complete2,0.677876987539,0.556392184072,0.765196365045,0.576491350571,0.671842719976,0.553918978116,0.768738543797,0.579872082513
160,2TRX,7.0,7.0,20000,0.854427291185,0.610694900095,3947.86223793,164531.0,26590.0,108.0,155064.659118,402.0,0.125058491347,5151.0,0.875034225316,0.746576087683,0.854974532184,0.601570829026,okey_complete2,0.717222522128,0.59258131111,0.800205314858,0.596291701641,0.715049067291,0.590566453127,0.803468127767,0.600148444549
161,2TRX,7.0,10.0,1000,0.739743934435,0.510665172234,56.7480301857,14781.0,2317.0,108.0,155064.659118,,,,,,,,okey_complete2,0.58342617114,0.523592016446,0.660911968824,0.554956663333,0.591073921876,0.524056859947,0.666096255269,0.555295770452
162,2TRX,7.0,10.0,5000,0.81029723732,0.566429475309,423.192971945,73121.0,11240.0,108.0,155064.659118,402.0,0.125002139035,5151.0,0.875034225316,0.746576087683,0.811241370518,0.560598892623,okey_complete2,0.650518371418,0.548948857017,0.750612729521,0.571084563853,0.643691395523,0.552044005673,0.750362958993,0.575462184191
163,2TRX,7.0,10.0,10000,0.843884456124,0.600723915461,1331.62490797,146921.0,22178.0,108.0,155064.659118,402.0,0.12635141011,5151.0,0.875034225316,0.746576087683,0.845118686082,0.590905779606,okey_complete2,0.698649228611,0.568991017082,0.782107550293,0.584767909187,0.691726387814,0.569025776671,0.784577716899,0.589794396237
164,2TRX,7.0,10.0,20000,0.879947880013,0.675708422881,4376.83136702,292781.0,43109.0,108.0,155064.659118,402.0,0.125944215521,5151.0,0.875034225316,0.746576087683,0.882787435181,0.657210798199,okey_complete2,0.746872051309,0.623672938639,0.814588570258,0.619038166785,0.73970314785,0.619855215596,0.817830980883,0.624118645609
165,2TRX,7.0,15.0,1000,0.747979971226,0.521507888034,72.5909438133,25381.0,3736.0,108.0,155064.659118,,,,,,,,okey_complete2,0.604415241451,0.541533454587,0.686590532189,0.561598294079,0.608052594313,0.54113385513,0.692175040862,0.562867832207
166,2TRX,7.0,15.0,5000,0.821391276645,0.598732244101,603.836354971,126561.0,18185.0,108.0,155064.659118,402.0,0.124310693364,5151.0,0.875034225316,0.746576087683,0.829391761261,0.583761121655,okey_complete2,0.655072533119,0.564878368016,0.765948538197,0.589273910483,0.652055664741,0.564386345517,0.770289639291,0.592600875269
167,2TRX,7.0,15.0,10000,0.859068700785,0.654555445583,1946.99471307,253081.0,35997.0,108.0,155064.659118,402.0,0.129218210852,5151.0,0.875034225316,0.746576087683,0.86492965783,0.645291899722,okey_complete2,0.731053236812,0.602551982249,0.806719164265,0.609139752148,0.724639522496,0.600341702399,0.810370635062,0.613182326075
168,2TRX,7.0,15.0,20000,0.889656323299,0.735391921918,6655.6773901,507131.0,70966.0,108.0,155064.659118,402.0,0.125889021389,5151.0,0.875034225316,0.746576087683,0.898420305697,0.727935506728,okey_complete,0.763492386303,0.65445494713,0.829299312577,0.638359314941,,,,
169,2TRX,10.0,1.0,1000,0.5,0.5,24.3981840611,1.0,1.0,108.0,155064.659118,,,,,,,,okey_complete,0.518979287574,0.511972308044,0.489749958503,0.5,,,,
170,2TRX,10.0,1.0,5000,0.5,0.5,25.36124897,1.0,1.0,108.0,155064.659118,,,,,,,,okey_complete,0.518979287574,0.511972308044,0.489749958503,0.5,,,,
171,2TRX,10.0,1.0,10000,0.5,0.5,25.5450649261,1.0,1.0,108.0,155064.659118,,,,,,,,okey_complete,0.518979287574,0.511972308044,0.489749958503,0.5,,,,
172,2TRX,10.0,1.0,20000,0.5,0.5,27.442111969,1.0,1.0,108.0,155064.659118,,,,,,,,okey_complete,0.518979287574,0.511972308044,0.489749958503,0.5,,,,
173,2TRX,10.0,2.0,1000,0.5,0.5,24.9666609764,1.0,1.0,108.0,155064.659118,,,,,,,,okey_complete,0.518979287574,0.511972308044,0.489749958503,0.5,,,,
174,2TRX,10.0,2.0,5000,0.5,0.5,25.9098870754,1.0,1.0,108.0,155064.659118,,,,,,,,okey_complete,0.518979287574,0.511972308044,0.489749958503,0.5,,,,
175,2TRX,10.0,2.0,10000,0.5,0.5,27.7421281338,1.0,1.0,108.0,155064.659118,,,,,,,,okey_complete,0.518979287574,0.511972308044,0.489749958503,0.5,,,,
176,2TRX,10.0,2.0,20000,0.5,0.5,30.612486124,1.0,1.0,108.0,155064.659118,,,,,,,,okey_complete,0.518979287574,0.511972308044,0.489749958503,0.5,,,,
177,2TRX,10.0,3.0,1000,0.618058429338,0.490098448909,25.4166128635,51.0,41.0,108.0,155064.659118,,,,,,,,okey_complete,0.53696116065,0.515664353934,0.532761402601,0.515845284367,,,,
178,2TRX,10.0,3.0,5000,0.668776806943,0.494662505204,28.1044490337,231.0,142.0,108.0,155064.659118,,,,,,,,okey_complete,0.570156221728,0.493882073506,0.559099425926,0.509520205258,,,,
179,2TRX,10.0,3.0,10000,0.680146448399,0.497575448149,31.701884985,421.0,242.0,108.0,155064.659118,,,,,,,,okey_complete,0.586240465121,0.508384700559,0.574334296853,0.523899497348,,,,
180,2TRX,10.0,3.0,20000,0.699895406041,0.498364674129,37.3444449902,901.0,401.0,108.0,155064.659118,,,,,,,,okey_complete,0.585702130459,0.511084063791,0.58863754974,0.521928898298,,,,
181,2TRX,10.0,5.0,1000,0.699667001828,0.496511962936,30.8652660847,1541.0,507.0,108.0,155064.659118,,,,,,,,okey_complete,0.61064646516,0.522299801226,0.611425555045,0.530251017962,,,,
182,2TRX,10.0,5.0,5000,0.738376880437,0.508274028035,63.1433758736,7621.0,1738.0,108.0,155064.659118,,,,,,,,okey_complete,0.626841366234,0.526418449491,0.664792464511,0.555651787125,,,,
183,2TRX,10.0,5.0,10000,0.766956905772,0.528449815065,123.050402164,15981.0,3062.0,108.0,155064.659118,,,,,,,,okey_complete,0.649691429563,0.539285376251,0.707685026371,0.555709247526,,,,
184,2TRX,10.0,5.0,20000,0.78617825811,0.544720326216,264.134335995,31671.0,4992.0,108.0,155064.659118,,,,,,,,okey_complete,0.655491237856,0.54642782842,0.725117349479,0.581179832335,,,,
185,2TRX,10.0,7.0,1000,0.708117957712,0.503841101058,38.2362220287,5031.0,894.0,108.0,155064.659118,,,,,,,,okey_complete,0.603421565387,0.526158774642,0.626391258641,0.545574250382,,,,
186,2TRX,10.0,7.0,5000,0.767186152805,0.528305889799,165.287825108,24671.0,3787.0,108.0,155064.659118,,,,,,,,okey_complete,0.624876444718,0.534080627225,0.70259477307,0.571340823207,,,,
187,2TRX,10.0,7.0,10000,0.79874470393,0.552732810999,422.711289167,49261.0,6956.0,108.0,155064.659118,,,,,,,,okey_complete,0.677820163325,0.55012412411,0.75039664797,0.579788776019,,,,
188,2TRX,10.0,7.0,20000,0.825561549879,0.58292193675,1160.58609915,98711.0,12657.0,108.0,155064.659118,402.0,0.112124863735,5151.0,0.875034225316,0.746576087683,0.816719511252,0.571041106275,okey_complete,0.710775216867,0.563615742974,0.783801809104,0.589961648292,,,,
189,2TRX,10.0,10.0,1000,0.729508728665,0.507941709702,53.009529829,10741.0,1499.0,108.0,155064.659118,,,,,,,,okey_complete,0.6232748991,0.537071012313,0.660188207779,0.560503180942,,,,
190,2TRX,10.0,10.0,5000,0.791363286593,0.547986902812,352.83907795,52541.0,6722.0,108.0,155064.659118,,,,,,,,okey_complete,0.655960785311,0.553176284829,0.7188382738,0.582776031587,,,,
191,2TRX,10.0,10.0,10000,0.826084941083,0.581360150352,1038.51445913,105301.0,12799.0,108.0,155064.659118,402.0,0.114808734129,5151.0,0.875034225316,0.746576087683,0.818160632212,0.565151818356,okey_complete,0.683525015365,0.55856338841,0.757634258422,0.584461178816,,,,
192,2TRX,10.0,10.0,20000,0.85358952813,0.619024894184,3193.87985706,210211.0,24177.0,108.0,155064.659118,402.0,0.125795303821,5151.0,0.875034225316,0.746576087683,0.854242998702,0.604268121088,okey_complete,0.746205114478,0.595458685996,0.796859415398,0.60611194064,,,,
193,2TRX,10.0,15.0,1000,0.740212542341,0.516253385939,72.7076621056,19991.0,2480.0,108.0,155064.659118,,,,,,,,okey_complete,0.601970304862,0.530851073008,0.673878357302,0.557097301088,,,,
194,2TRX,10.0,15.0,5000,0.817384510486,0.574410148204,653.701405048,100441.0,11832.0,108.0,155064.659118,402.0,0.120432914462,5151.0,0.875034225316,0.746576087683,0.819538005255,0.567510208945,okey_complete,0.687677669131,0.562257116254,0.751195177718,0.584845310883,,,,
195,2TRX,10.0,15.0,10000,0.849284403701,0.614262197869,2076.93464017,200151.0,22815.0,108.0,155064.659118,402.0,0.121387054734,5151.0,0.875034225316,0.746576087683,0.851950163759,0.6002287676,okey_complete,0.729290938482,0.584836472268,0.779426344603,0.60239158583,,,,
196,2TRX,10.0,15.0,20000,0.881071359039,0.67572248476,6857.78860378,400381.0,44420.0,108.0,155064.659118,402.0,0.125077379884,5151.0,0.875034225316,0.746576087683,0.882895075108,0.658931476365,okey_complete,0.768369548801,0.628064591525,0.804158336187,0.61394464268,,,,
197,2TRX,15.0,1.0,1000,0.5,0.5,25.0741159916,1.0,1.0,108.0,155064.659118,,,,,,,,okey_complete,0.518979287574,0.511972308044,0.489749958503,0.5,,,,
198,2TRX,15.0,1.0,5000,0.5,0.5,24.739536047,1.0,1.0,108.0,155064.659118,,,,,,,,okey_complete,0.518979287574,0.511972308044,0.489749958503,0.5,,,,
199,2TRX,15.0,1.0,10000,0.5,0.5,25.8761758804,1.0,1.0,108.0,155064.659118,,,,,,,,okey_complete,0.518979287574,0.511972308044,0.489749958503,0.5,,,,
200,2TRX,15.0,1.0,20000,0.5,0.5,26.7017149925,1.0,1.0,108.0,155064.659118,,,,,,,,okey_complete,0.518979287574,0.511972308044,0.489749958503,0.5,,,,
201,2TRX,15.0,2.0,1000,0.5,0.5,24.5499019623,1.0,1.0,108.0,155064.659118,,,,,,,,okey_complete,0.518979287574,0.511972308044,0.489749958503,0.5,,,,
202,2TRX,15.0,2.0,5000,0.5,0.5,25.9157938957,1.0,1.0,108.0,155064.659118,,,,,,,,okey_complete,0.518979287574,0.511972308044,0.489749958503,0.5,,,,
203,2TRX,15.0,2.0,10000,0.5,0.5,27.0967080593,1.0,1.0,108.0,155064.659118,,,,,,,,okey_complete,0.518979287574,0.511972308044,0.489749958503,0.5,,,,
204,2TRX,15.0,2.0,20000,0.5,0.5,30.0888280869,1.0,1.0,108.0,155064.659118,,,,,,,,okey_complete,0.518979287574,0.511972308044,0.489749958503,0.5,,,,
205,2TRX,15.0,3.0,1000,0.5,0.5,24.6029620171,1.0,1.0,108.0,155064.659118,,,,,,,,okey_complete,0.518979287574,0.511972308044,0.489749958503,0.5,,,,
206,2TRX,15.0,3.0,5000,0.5,0.5,26.4548690319,1.0,1.0,108.0,155064.659118,,,,,,,,okey_complete,0.518979287574,0.511972308044,0.489749958503,0.5,,,,
207,2TRX,15.0,3.0,10000,0.5,0.5,28.8144500256,1.0,1.0,108.0,155064.659118,,,,,,,,okey_complete,0.518979287574,0.511972308044,0.489749958503,0.5,,,,
208,2TRX,15.0,3.0,20000,0.556001594615,0.492888461539,33.5937581062,11.0,9.0,108.0,155064.659118,,,,,,,,okey_complete,0.51939574925,0.502765156597,0.515994520949,0.499639580022,,,,
209,2TRX,15.0,5.0,1000,0.642143695749,0.493872906296,25.9418771267,161.0,70.0,108.0,155064.659118,,,,,,,,okey_complete,0.5213644092,0.500025357726,0.535616071682,0.495938473667,,,,
210,2TRX,15.0,5.0,5000,0.684009935162,0.497825180652,30.2363469601,671.0,164.0,108.0,155064.659118,,,,,,,,okey_complete,0.588525396685,0.520521839605,0.598344770453,0.513798143321,,,,
211,2TRX,15.0,5.0,10000,0.697908879361,0.500722959863,35.2361860275,1481.0,269.0,108.0,155064.659118,,,,,,,,okey_complete,0.587583311027,0.522796338724,0.580721039464,0.530506061721,,,,
212,2TRX,15.0,5.0,20000,0.700830093393,0.502442271875,44.7895400524,2661.0,370.0,108.0,155064.659118,,,,,,,,okey_complete,0.577727300596,0.509632642372,0.582994755723,0.526819506931,,,,
213,2TRX,15.0,7.0,1000,0.678593131186,0.495117126259,28.3233931065,1211.0,236.0,108.0,155064.659118,,,,,,,,okey_complete,0.582478851672,0.518281843486,0.584815373642,0.517019346259,,,,
214,2TRX,15.0,7.0,5000,0.724801579108,0.505904691242,41.9085109234,5971.0,685.0,108.0,155064.659118,,,,,,,,okey_complete,0.63080485518,0.537623984182,0.650584915564,0.55756601265,,,,
215,2TRX,15.0,7.0,10000,0.738393736836,0.509007698092,58.4605739117,11521.0,1028.0,108.0,155064.659118,,,,,,,,okey_complete,0.623387799841,0.545140914425,0.65765280106,0.569757185861,,,,
216,2TRX,15.0,7.0,20000,0.765594908693,0.526808427747,99.1053421497,23721.0,1617.0,108.0,155064.659118,,,,,,,,okey_complete,0.641799592959,0.548869924962,0.695022946515,0.582916940543,,,,
217,2TRX,15.0,10.0,1000,0.705409134314,0.498482755484,34.4586648941,4691.0,551.0,108.0,155064.659118,,,,,,,,okey_complete,0.613239443781,0.515772283188,0.630733824913,0.537317018365,,,,
218,2TRX,15.0,10.0,5000,0.753449030041,0.521736811975,98.6903479099,24091.0,1986.0,108.0,155064.659118,,,,,,,,okey_complete,0.645645695042,0.538342380409,0.688452272894,0.572195188858,,,,
219,2TRX,15.0,10.0,10000,0.789071659083,0.536919433153,198.72541213,48001.0,3232.0,108.0,155064.659118,,,,,,,,okey_complete,0.665033219735,0.548856105776,0.7333194762,0.589077143882,,,,
220,2TRX,15.0,10.0,20000,0.802319103442,0.56168975829,462.180572033,96151.0,5348.0,108.0,155064.659118,402.0,0.0906719177196,5151.0,0.875034225316,0.746576087683,0.788735220411,0.54585770426,okey_complete,0.68705858427,0.556852516715,0.770572234792,0.593948692994,,,,
221,2TRX,15.0,15.0,1000,0.721136155038,0.500430085328,55.0207829475,12921.0,1190.0,108.0,155064.659118,,,,,,,,okey_complete,0.603708677207,0.530323805501,0.640002153339,0.557587694323,,,,
222,2TRX,15.0,15.0,5000,0.788932593787,0.541184918217,313.82454896,63581.0,4715.0,108.0,155064.659118,,,,,,,,okey_complete,0.657840470504,0.555633101074,0.72593531909,0.575703379565,,,,
223,2TRX,15.0,15.0,10000,0.812847610563,0.574895007405,845.27789402,127391.0,8591.0,108.0,155064.659118,402.0,0.101749094663,5151.0,0.875034225316,0.746576087683,0.80166768733,0.561613329261,okey_complete,0.67959891077,0.567251544032,0.760437337098,0.586851427111,,,,
224,2TRX,15.0,15.0,20000,0.837900434305,0.609511289592,2309.92839098,255001.0,15230.0,108.0,155064.659118,402.0,0.108385177506,5151.0,0.875034225316,0.746576087683,0.828870282393,0.587887997209,okey_complete,0.719630822052,0.587676136514,0.77721917249,0.599561669448,,,,
225,2TRX,20.0,1.0,1000,0.5,0.5,24.1100969315,1.0,1.0,108.0,155064.659118,,,,,,,,okey_complete,0.518979287574,0.511972308044,0.489749958503,0.5,,,,
226,2TRX,20.0,1.0,5000,0.5,0.5,24.8744878769,1.0,1.0,108.0,155064.659118,,,,,,,,okey_complete,0.518979287574,0.511972308044,0.489749958503,0.5,,,,
227,2TRX,20.0,1.0,10000,0.5,0.5,25.6831359863,1.0,1.0,108.0,155064.659118,,,,,,,,okey_complete,0.518979287574,0.511972308044,0.489749958503,0.5,,,,
228,2TRX,20.0,1.0,20000,0.5,0.5,26.9742090702,1.0,1.0,108.0,155064.659118,,,,,,,,okey_complete,0.518979287574,0.511972308044,0.489749958503,0.5,,,,
229,2TRX,20.0,2.0,1000,0.5,0.5,24.5606789589,1.0,1.0,108.0,155064.659118,,,,,,,,okey_complete,0.518979287574,0.511972308044,0.489749958503,0.5,,,,
230,2TRX,20.0,2.0,5000,0.5,0.5,25.8676359653,1.0,1.0,108.0,155064.659118,,,,,,,,okey_complete,0.518979287574,0.511972308044,0.489749958503,0.5,,,,
231,2TRX,20.0,2.0,10000,0.5,0.5,26.969408989,1.0,1.0,108.0,155064.659118,,,,,,,,okey_complete,0.518979287574,0.511972308044,0.489749958503,0.5,,,,
232,2TRX,20.0,2.0,20000,0.5,0.5,29.7271521091,1.0,1.0,108.0,155064.659118,,,,,,,,okey_complete,0.518979287574,0.511972308044,0.489749958503,0.5,,,,
233,2TRX,20.0,3.0,1000,0.5,0.5,24.5688951015,1.0,1.0,108.0,155064.659118,,,,,,,,okey_complete,0.518979287574,0.511972308044,0.489749958503,0.5,,,,
234,2TRX,20.0,3.0,5000,0.5,0.5,26.2156858444,1.0,1.0,108.0,155064.659118,,,,,,,,okey_complete,0.518979287574,0.511972308044,0.489749958503,0.5,,,,
235,2TRX,20.0,3.0,10000,0.5,0.5,28.7090108395,1.0,1.0,108.0,155064.659118,,,,,,,,okey_complete,0.518979287574,0.511972308044,0.489749958503,0.5,,,,
236,2TRX,20.0,3.0,20000,0.5,0.5,33.0168859959,1.0,1.0,108.0,155064.659118,,,,,,,,okey_complete,0.518979287574,0.511972308044,0.489749958503,0.5,,,,
237,2TRX,20.0,5.0,1000,0.565131863399,0.481874660542,25.5011880398,11.0,7.0,108.0,155064.659118,,,,,,,,okey_complete,0.549044530744,0.502946188391,0.534644078543,0.49123431493,,,,
238,2TRX,20.0,5.0,5000,0.597467494541,0.494658610481,28.3536570072,31.0,18.0,108.0,155064.659118,,,,,,,,okey_complete,0.551098427016,0.520234447376,0.558622401601,0.516465848723,,,,
239,2TRX,20.0,5.0,10000,0.621911802261,0.499730771489,32.1629788876,71.0,29.0,108.0,155064.659118,,,,,,,,okey_complete,0.556051853591,0.517537023899,0.548408996768,0.515228883611,,,,
240,2TRX,20.0,5.0,20000,0.625289824719,0.500292062444,39.7456328869,171.0,34.0,108.0,155064.659118,,,,,,,,okey_complete,0.54189813811,0.512620619147,0.544490369043,0.499798791207,,,,
241,2TRX,20.0,7.0,1000,0.627127172263,0.485818081834,25.7047650814,131.0,32.0,108.0,155064.659118,,,,,,,,okey_complete,0.516856604095,0.508215227027,0.517563168339,0.505286674519,,,,
242,2TRX,20.0,7.0,5000,0.671394605784,0.500646592669,31.064314127,791.0,100.0,108.0,155064.659118,,,,,,,,okey_complete,0.585896529087,0.521651567148,0.583399254406,0.514827466817,,,,
243,2TRX,20.0,7.0,10000,0.676528222248,0.501280007731,36.6274158955,1501.0,133.0,108.0,155064.659118,,,,,,,,okey_complete,0.574276724951,0.523403194349,0.562304760224,0.517147953471,,,,
244,2TRX,20.0,7.0,20000,0.700559548181,0.50364638848,48.9954190254,3211.0,214.0,108.0,155064.659118,,,,,,,,okey_complete,0.607302808761,0.519751857035,0.594216042672,0.523531772154,,,,
245,2TRX,20.0,10.0,1000,0.677981243884,0.495018349409,27.8338048458,1371.0,158.0,108.0,155064.659118,,,,,,,,okey_complete,0.593214142052,0.515870867577,0.571238124861,0.509946195385,,,,
246,2TRX,20.0,10.0,5000,0.721672188542,0.500952403671,39.6611289978,6821.0,403.0,108.0,155064.659118,,,,,,,,okey_complete,0.638892585786,0.537181265492,0.656114808839,0.555683654021,,,,
247,2TRX,20.0,10.0,10000,0.733612419121,0.511746407171,53.3941600323,13911.0,587.0,108.0,155064.659118,,,,,,,,okey_complete,0.642491203462,0.54565905112,0.656733146013,0.567451295377,,,,
248,2TRX,20.0,10.0,20000,0.744272406158,0.51371860215,82.4973680973,27171.0,806.0,108.0,155064.659118,,,,,,,,okey_complete,0.655634793765,0.56480968112,0.689584271057,0.579140401933,,,,
249,2TRX,20.0,15.0,1000,0.706573911519,0.506215797866,34.0998420715,6341.0,428.0,108.0,155064.659118,,,,,,,,okey_complete,0.621481945601,0.52935203164,0.633460639512,0.558217617616,,,,
250,2TRX,20.0,15.0,5000,0.753713675513,0.521303969763,85.2888960838,33091.0,1341.0,108.0,155064.659118,,,,,,,,okey_complete,0.62730044607,0.541974180941,0.696054754617,0.566470401744,,,,
251,2TRX,20.0,15.0,10000,0.778512810442,0.536369606668,159.119293928,64571.0,2082.0,108.0,155064.659118,,,,,,,,okey_complete,0.675374479049,0.559505844581,0.724333025785,0.583265192538,,,,
252,2TRX,20.0,15.0,20000,0.791750983782,0.553055663145,333.574453115,128091.0,3240.0,108.0,155064.659118,,,,,,,,okey_complete,0.68416578315,0.563091459698,0.748230598643,0.592358488958,,,,
